iteration,time_ms,avg_ms,median_ms,min_ms,max_ms,std_ms,min_idx,max_idx,n
1,1.1978,,,,,,,,
2,0.8409,,,,,,,,
3,0.7765,,,,,,,,
4,0.7815,,,,,,,,
5,0.9735,,,,,,,,
6,0.7805,,,,,,,,
7,0.9409,,,,,,,,
8,0.8168,,,,,,,,
9,0.8972,,,,,,,,
10,0.8316,,,,,,,,
11,0.811,,,,,,,,
12,0.7965,,,,,,,,
13,0.7827,,,,,,,,
14,0.8458,,,,,,,,
15,0.8098,,,,,,,,
16,0.8089,,,,,,,,
17,0.8034,,,,,,,,
18,1.0831,,,,,,,,
19,0.8296,,,,,,,,
20,0.819,,,,,,,,
21,0.8436,,,,,,,,
22,0.8703,,,,,,,,
23,0.8712,,,,,,,,
24,0.8511,,,,,,,,
25,1.0368,,,,,,,,
26,0.9526,,,,,,,,
27,0.8896,,,,,,,,
28,0.8886,,,,,,,,
29,0.8802,,,,,,,,
30,0.8955,,,,,,,,
31,1.1927,,,,,,,,
32,1.1396,,,,,,,,
33,0.9345,,,,,,,,
34,0.919,,,,,,,,
35,0.9013,,,,,,,,
36,0.9144,,,,,,,,
37,0.9238,,,,,,,,
38,0.9872,,,,,,,,
39,0.9497,,,,,,,,
40,1.0205,,,,,,,,
41,1.0535,,,,,,,,
42,0.9909,,,,,,,,
43,1.0954,,,,,,,,
44,1.0085,,,,,,,,
45,1.0217,,,,,,,,
46,0.9958,,,,,,,,
47,0.9755,,,,,,,,
48,1.0124,,,,,,,,
49,1.0122,,,,,,,,
50,1.0124,,,,,,,,
51,1.0691,,,,,,,,
52,1.1988,,,,,,,,
53,1.0096,,,,,,,,
54,1.072,,,,,,,,
55,1.024,,,,,,,,
56,1.225,,,,,,,,
57,1.0423,,,,,,,,
58,1.0381,,,,,,,,
59,1.1216,,,,,,,,
60,1.0267,,,,,,,,
61,1.0444,,,,,,,,
62,1.0448,,,,,,,,
63,1.0482,,,,,,,,
64,1.1878,,,,,,,,
65,1.1069,,,,,,,,
66,1.0583,,,,,,,,
67,1.1042,,,,,,,,
68,1.0965,,,,,,,,
69,1.0898,,,,,,,,
70,1.0801,,,,,,,,
71,1.2754,,,,,,,,
72,1.1232,,,,,,,,
73,1.1738,,,,,,,,
74,1.1248,,,,,,,,
75,1.0981,,,,,,,,
76,1.1203,,,,,,,,
77,1.114,,,,,,,,
78,1.1478,,,,,,,,
79,1.1795,,,,,,,,
80,1.1918,,,,,,,,
81,1.1447,,,,,,,,
82,1.148,,,,,,,,
83,1.1327,,,,,,,,
84,1.3905,,,,,,,,
85,1.6268,,,,,,,,
86,1.3657,,,,,,,,
87,1.3084,,,,,,,,
88,1.3112,,,,,,,,
89,1.4384,,,,,,,,
90,1.3798,,,,,,,,
91,1.2756,,,,,,,,
92,1.26,,,,,,,,
93,1.2559,,,,,,,,
94,1.2681,,,,,,,,
95,1.2856,,,,,,,,
96,1.4859,,,,,,,,
97,1.3392,,,,,,,,
98,1.2999,,,,,,,,
99,1.3617,,,,,,,,
100,1.6996,,,,,,,,
101,1.6551,,,,,,,,
102,1.3218,,,,,,,,
103,1.2857,,,,,,,,
104,1.3068,,,,,,,,
105,1.312,,,,,,,,
106,1.3346,,,,,,,,
107,1.5824,,,,,,,,
108,1.3739,,,,,,,,
109,1.4606,,,,,,,,
110,1.4188,,,,,,,,
111,1.3589,,,,,,,,
112,1.4982,,,,,,,,
113,1.3348,,,,,,,,
114,1.4104,,,,,,,,
115,1.3863,,,,,,,,
116,1.3398,,,,,,,,
117,1.4078,,,,,,,,
118,1.3491,,,,,,,,
119,1.6035,,,,,,,,
120,1.3904,,,,,,,,
121,1.4176,,,,,,,,
122,1.4175,,,,,,,,
123,1.4454,,,,,,,,
124,1.4316,,,,,,,,
125,1.4396,,,,,,,,
126,1.461,,,,,,,,
127,1.4433,,,,,,,,
128,1.4098,,,,,,,,
129,1.9572,,,,,,,,
130,1.7597,,,,,,,,
131,1.4171,,,,,,,,
132,1.4477,,,,,,,,
133,1.4352,,,,,,,,
134,1.4554,,,,,,,,
135,1.4051,,,,,,,,
136,1.4542,,,,,,,,
137,1.4334,,,,,,,,
138,1.4764,,,,,,,,
139,1.5744,,,,,,,,
140,1.5341,,,,,,,,
141,1.4625,,,,,,,,
142,1.4874,,,,,,,,
143,1.4542,,,,,,,,
144,1.4824,,,,,,,,
145,1.4703,,,,,,,,
146,1.4622,,,,,,,,
147,1.4951,,,,,,,,
148,1.4929,,,,,,,,
149,1.5314,,,,,,,,
150,1.7282,,,,,,,,
151,1.5656,,,,,,,,
152,1.5396,,,,,,,,
153,1.532,,,,,,,,
154,1.5757,,,,,,,,
155,1.6081,,,,,,,,
156,1.5677,,,,,,,,
157,1.6064,,,,,,,,
158,1.6224,,,,,,,,
159,1.7014,,,,,,,,
160,1.6286,,,,,,,,
161,1.6041,,,,,,,,
162,1.6757,,,,,,,,
163,1.6112,,,,,,,,
164,1.6558,,,,,,,,
165,1.6684,,,,,,,,
166,1.6271,,,,,,,,
167,1.7549,,,,,,,,
168,1.9239,,,,,,,,
169,1.7986,,,,,,,,
170,1.6859,,,,,,,,
171,1.6951,,,,,,,,
172,1.7186,,,,,,,,
173,1.6893,,,,,,,,
174,1.8054,,,,,,,,
175,1.768,,,,,,,,
176,1.7361,,,,,,,,
177,2.343,,,,,,,,
178,1.7575,,,,,,,,
179,1.7053,,,,,,,,
180,1.7177,,,,,,,,
181,1.7436,,,,,,,,
182,1.6993,,,,,,,,
183,1.7612,,,,,,,,
184,1.7453,,,,,,,,
185,1.771,,,,,,,,
186,1.9451,,,,,,,,
187,1.7396,,,,,,,,
188,1.8081,,,,,,,,
189,1.7865,,,,,,,,
190,1.7348,,,,,,,,
191,1.8373,,,,,,,,
192,1.7572,,,,,,,,
193,1.7681,,,,,,,,
194,1.7466,,,,,,,,
195,2.304,,,,,,,,
196,1.7834,,,,,,,,
197,1.8439,,,,,,,,
198,2.1577,,,,,,,,
199,1.836,,,,,,,,
200,2.0323,,,,,,,,
201,1.8505,,,,,,,,
202,1.8116,,,,,,,,
203,2.1,,,,,,,,
204,1.8886,,,,,,,,
205,1.8196,,,,,,,,
206,1.9483,,,,,,,,
207,1.8026,,,,,,,,
208,1.8567,,,,,,,,
209,1.7943,,,,,,,,
210,1.7998,,,,,,,,
211,2.084,,,,,,,,
212,1.7882,,,,,,,,
213,1.7839,,,,,,,,
214,1.8481,,,,,,,,
215,1.8598,,,,,,,,
216,1.8799,,,,,,,,
217,1.8514,,,,,,,,
218,1.8069,,,,,,,,
219,1.9898,,,,,,,,
220,1.9345,,,,,,,,
221,1.7991,,,,,,,,
222,1.8528,,,,,,,,
223,1.8303,,,,,,,,
224,1.8842,,,,,,,,
225,1.9102,,,,,,,,
226,1.8259,,,,,,,,
227,2.0487,,,,,,,,
228,2.1252,,,,,,,,
229,1.9804,,,,,,,,
230,1.9043,,,,,,,,
231,1.8567,,,,,,,,
232,1.9852,,,,,,,,
233,1.8364,,,,,,,,
234,1.8778,,,,,,,,
235,1.9842,,,,,,,,
236,2.5051,,,,,,,,
237,1.857,,,,,,,,
238,1.8889,,,,,,,,
239,1.8906,,,,,,,,
240,1.8567,,,,,,,,
241,1.9499,,,,,,,,
242,1.9576,,,,,,,,
243,2.2315,,,,,,,,
244,2.0203,,,,,,,,
245,2.0256,,,,,,,,
246,1.9015,,,,,,,,
247,1.9614,,,,,,,,
248,2.0658,,,,,,,,
249,1.9882,,,,,,,,
250,2.0572,,,,,,,,
251,2.2711,,,,,,,,
252,1.9969,,,,,,,,
253,1.9571,,,,,,,,
254,1.9619,,,,,,,,
255,2.0152,,,,,,,,
256,2.0062,,,,,,,,
257,1.9017,,,,,,,,
258,2.3295,,,,,,,,
259,2.1252,,,,,,,,
260,2.0268,,,,,,,,
261,1.9827,,,,,,,,
262,2.0931,,,,,,,,
263,2.0877,,,,,,,,
264,1.9335,,,,,,,,
265,2.2274,,,,,,,,
266,2.2163,,,,,,,,
267,2.0684,,,,,,,,
268,1.9697,,,,,,,,
269,2.0676,,,,,,,,
270,2.096,,,,,,,,
271,2.1611,,,,,,,,
272,2.0364,,,,,,,,
273,2.2887,,,,,,,,
274,2.0527,,,,,,,,
275,2.1209,,,,,,,,
276,2.026,,,,,,,,
277,2.1278,,,,,,,,
278,2.2405,,,,,,,,
279,2.0548,,,,,,,,
280,1.9963,,,,,,,,
281,2.7312,,,,,,,,
282,2.1648,,,,,,,,
283,2.1133,,,,,,,,
284,2.1752,,,,,,,,
285,2.1829,,,,,,,,
286,2.1207,,,,,,,,
287,1.9711,,,,,,,,
288,2.0785,,,,,,,,
289,2.0851,,,,,,,,
290,2.1659,,,,,,,,
291,2.1059,,,,,,,,
292,2.0333,,,,,,,,
293,2.0801,,,,,,,,
294,2.0922,,,,,,,,
295,2.4225,,,,,,,,
296,2.3023,,,,,,,,
297,2.2977,,,,,,,,
298,2.6424,,,,,,,,
299,2.2731,,,,,,,,
300,2.196,,,,,,,,
301,2.0356,,,,,,,,
302,3.3905,,,,,,,,
303,2.0731,,,,,,,,
304,2.0853,,,,,,,,
305,2.0084,,,,,,,,
306,2.1537,,,,,,,,
307,2.503,,,,,,,,
308,2.279,,,,,,,,
309,2.3752,,,,,,,,
310,2.1084,,,,,,,,
311,2.4857,,,,,,,,
312,2.1169,,,,,,,,
313,2.5425,,,,,,,,
314,2.1366,,,,,,,,
315,2.4792,,,,,,,,
316,2.3824,,,,,,,,
317,2.0625,,,,,,,,
318,2.1509,,,,,,,,
319,2.0626,,,,,,,,
320,2.1066,,,,,,,,
321,2.0624,,,,,,,,
322,2.6393,,,,,,,,
323,2.3867,,,,,,,,
324,2.0561,,,,,,,,
325,2.0674,,,,,,,,
326,2.2615,,,,,,,,
327,2.2641,,,,,,,,
328,2.1077,,,,,,,,
329,2.8426,,,,,,,,
330,2.6058,,,,,,,,
331,2.2009,,,,,,,,
332,2.2022,,,,,,,,
333,2.2408,,,,,,,,
334,2.1246,,,,,,,,
335,2.3767,,,,,,,,
336,2.8083,,,,,,,,
337,2.2119,,,,,,,,
338,2.1017,,,,,,,,
339,2.0218,,,,,,,,
340,1.9968,,,,,,,,
341,2.144,,,,,,,,
342,2.3344,,,,,,,,
343,2.5773,,,,,,,,
344,2.1077,,,,,,,,
345,2.2207,,,,,,,,
346,2.3238,,,,,,,,
347,2.3326,,,,,,,,
348,2.3071,,,,,,,,
349,2.5424,,,,,,,,
350,2.393,,,,,,,,
351,2.4904,,,,,,,,
352,2.4833,,,,,,,,
353,2.6406,,,,,,,,
354,2.3383,,,,,,,,
355,2.2618,,,,,,,,
356,2.6855,,,,,,,,
357,2.3556,,,,,,,,
358,2.3421,,,,,,,,
359,2.2148,,,,,,,,
360,2.3748,,,,,,,,
361,2.2435,,,,,,,,
362,2.4343,,,,,,,,
363,2.2343,,,,,,,,
364,2.3095,,,,,,,,
365,2.3705,,,,,,,,
366,2.1594,,,,,,,,
367,2.4421,,,,,,,,
368,2.2164,,,,,,,,
369,2.4701,,,,,,,,
370,2.4043,,,,,,,,
371,2.2858,,,,,,,,
372,2.2161,,,,,,,,
373,2.5399,,,,,,,,
374,2.2422,,,,,,,,
375,2.4631,,,,,,,,
376,2.3018,,,,,,,,
377,2.3055,,,,,,,,
378,2.1829,,,,,,,,
379,2.5589,,,,,,,,
380,2.2966,,,,,,,,
381,2.3305,,,,,,,,
382,2.3866,,,,,,,,
383,2.3126,,,,,,,,
384,2.2921,,,,,,,,
385,2.4811,,,,,,,,
386,2.2959,,,,,,,,
387,2.3968,,,,,,,,
388,2.2121,,,,,,,,
389,3.0913,,,,,,,,
390,2.612,,,,,,,,
391,2.337,,,,,,,,
392,2.8984,,,,,,,,
393,2.6295,,,,,,,,
394,2.3199,,,,,,,,
395,2.5514,,,,,,,,
396,2.361,,,,,,,,
397,2.5615,,,,,,,,
398,2.3496,,,,,,,,
399,2.2775,,,,,,,,
400,2.3174,,,,,,,,
401,2.519,,,,,,,,
402,2.9321,,,,,,,,
403,2.2868,,,,,,,,
404,2.3437,,,,,,,,
405,2.4497,,,,,,,,
406,2.2634,,,,,,,,
407,2.625,,,,,,,,
408,2.4435,,,,,,,,
409,2.3334,,,,,,,,
410,2.2897,,,,,,,,
411,2.443,,,,,,,,
412,2.3975,,,,,,,,
413,2.4594,,,,,,,,
414,3.0542,,,,,,,,
415,2.3535,,,,,,,,
416,2.3481,,,,,,,,
417,2.2909,,,,,,,,
418,2.3174,,,,,,,,
419,2.3926,,,,,,,,
420,2.6901,,,,,,,,
421,2.3028,,,,,,,,
422,2.4921,,,,,,,,
423,2.368,,,,,,,,
424,2.9683,,,,,,,,
425,2.517,,,,,,,,
426,2.8928,,,,,,,,
427,2.3323,,,,,,,,
428,2.3377,,,,,,,,
429,2.3595,,,,,,,,
430,2.5388,,,,,,,,
431,2.5483,,,,,,,,
432,3.6178,,,,,,,,
433,4.1717,,,,,,,,
434,5.6938,,,,,,,,
435,5.1748,,,,,,,,
436,4.1777,,,,,,,,
437,4.3957,,,,,,,,
438,3.6032,,,,,,,,
439,2.2823,,,,,,,,
440,2.5455,,,,,,,,
441,2.3473,,,,,,,,
442,2.4283,,,,,,,,
443,3.0534,,,,,,,,
444,3.0892,,,,,,,,
445,2.2875,,,,,,,,
446,2.9187,,,,,,,,
447,2.633,,,,,,,,
448,2.5619,,,,,,,,
449,3.1274,,,,,,,,
450,2.9423,,,,,,,,
451,2.1846,,,,,,,,
452,2.5245,,,,,,,,
453,2.1314,,,,,,,,
454,2.3396,,,,,,,,
455,2.3445,,,,,,,,
456,2.4468,,,,,,,,
457,2.265,,,,,,,,
458,2.5215,,,,,,,,
459,2.4819,,,,,,,,
460,2.3787,,,,,,,,
461,2.6655,,,,,,,,
462,2.3487,,,,,,,,
463,2.3458,,,,,,,,
464,2.3146,,,,,,,,
465,2.7791,,,,,,,,
466,2.3196,,,,,,,,
467,2.4728,,,,,,,,
468,2.5436,,,,,,,,
469,2.3708,,,,,,,,
470,2.5067,,,,,,,,
471,2.9264,,,,,,,,
472,2.4073,,,,,,,,
473,2.6032,,,,,,,,
474,2.3771,,,,,,,,
475,2.4035,,,,,,,,
476,2.3277,,,,,,,,
477,2.9856,,,,,,,,
478,2.5371,,,,,,,,
479,2.2337,,,,,,,,
480,2.2078,,,,,,,,
481,2.4387,,,,,,,,
482,2.325,,,,,,,,
483,2.4645,,,,,,,,
484,2.4841,,,,,,,,
485,2.4393,,,,,,,,
486,2.396,,,,,,,,
487,2.4967,,,,,,,,
488,2.4014,,,,,,,,
489,2.3866,,,,,,,,
490,2.5237,,,,,,,,
491,2.4717,,,,,,,,
492,2.5382,,,,,,,,
493,2.3507,,,,,,,,
494,2.2178,,,,,,,,
495,2.2635,,,,,,,,
496,2.4674,,,,,,,,
497,2.6708,,,,,,,,
498,2.5052,,,,,,,,
499,2.4248,,,,,,,,
500,2.3407,,,,,,,,
501,2.4088,,,,,,,,
502,2.5625,,,,,,,,
503,2.7682,,,,,,,,
504,2.3201,,,,,,,,
505,2.4223,,,,,,,,
506,2.5094,,,,,,,,
507,2.7912,,,,,,,,
508,2.8344,,,,,,,,
509,3.033,,,,,,,,
510,3.5216,,,,,,,,
511,3.0216,,,,,,,,
512,3.6754,,,,,,,,
513,3.1555,,,,,,,,
514,2.6944,,,,,,,,
515,2.5257,,,,,,,,
516,2.631,,,,,,,,
517,3.1558,,,,,,,,
518,3.6732,,,,,,,,
519,2.85,,,,,,,,
520,2.3583,,,,,,,,
521,2.6093,,,,,,,,
522,2.3968,,,,,,,,
523,2.548,,,,,,,,
524,2.3889,,,,,,,,
525,2.5516,,,,,,,,
526,2.5407,,,,,,,,
527,2.44,,,,,,,,
528,2.4724,,,,,,,,
529,2.4184,,,,,,,,
530,2.4859,,,,,,,,
531,2.5267,,,,,,,,
532,2.5033,,,,,,,,
533,2.4202,,,,,,,,
534,2.5561,,,,,,,,
535,2.4545,,,,,,,,
536,2.2881,,,,,,,,
537,2.5639,,,,,,,,
538,2.4325,,,,,,,,
539,2.5012,,,,,,,,
540,2.4844,,,,,,,,
541,2.4669,,,,,,,,
542,2.5119,,,,,,,,
543,2.5979,,,,,,,,
544,2.8362,,,,,,,,
545,2.7877,,,,,,,,
546,2.4371,,,,,,,,
547,3.0355,,,,,,,,
548,2.5394,,,,,,,,
549,3.0587,,,,,,,,
550,2.5972,,,,,,,,
551,2.6422,,,,,,,,
552,2.5699,,,,,,,,
553,2.8297,,,,,,,,
554,2.5044,,,,,,,,
555,3.0889,,,,,,,,
556,2.7465,,,,,,,,
557,2.5346,,,,,,,,
558,2.5604,,,,,,,,
559,2.4588,,,,,,,,
560,2.6149,,,,,,,,
561,2.8555,,,,,,,,
562,2.6697,,,,,,,,
563,2.6798,,,,,,,,
564,2.5037,,,,,,,,
565,2.7693,,,,,,,,
566,2.9241,,,,,,,,
567,2.7689,,,,,,,,
568,2.4243,,,,,,,,
569,2.4581,,,,,,,,
570,2.2332,,,,,,,,
571,2.4294,,,,,,,,
572,2.4031,,,,,,,,
573,3.114,,,,,,,,
574,2.4478,,,,,,,,
575,2.4077,,,,,,,,
576,2.3962,,,,,,,,
577,2.3375,,,,,,,,
578,2.4013,,,,,,,,
579,3.002,,,,,,,,
580,2.4938,,,,,,,,
581,2.6727,,,,,,,,
582,2.6192,,,,,,,,
583,2.5389,,,,,,,,
584,2.6099,,,,,,,,
585,2.5218,,,,,,,,
586,2.4175,,,,,,,,
587,2.4786,,,,,,,,
588,2.3274,,,,,,,,
589,2.4924,,,,,,,,
590,2.4043,,,,,,,,
591,3.0294,,,,,,,,
592,2.72,,,,,,,,
593,2.4101,,,,,,,,
594,2.6025,,,,,,,,
595,2.5823,,,,,,,,
596,2.5297,,,,,,,,
597,2.9053,,,,,,,,
598,2.3882,,,,,,,,
599,2.5813,,,,,,,,
600,2.668,,,,,,,,
601,2.531,,,,,,,,
602,2.5653,,,,,,,,
603,2.689,,,,,,,,
604,2.5754,,,,,,,,
605,2.4878,,,,,,,,
606,2.5977,,,,,,,,
607,2.4797,,,,,,,,
608,2.7787,,,,,,,,
609,2.3695,,,,,,,,
610,2.5449,,,,,,,,
611,2.6677,,,,,,,,
612,2.5012,,,,,,,,
613,2.8476,,,,,,,,
614,3.1269,,,,,,,,
615,2.3911,,,,,,,,
616,2.6869,,,,,,,,
617,2.4043,,,,,,,,
618,2.5724,,,,,,,,
619,2.4755,,,,,,,,
620,3.0009,,,,,,,,
621,2.6567,,,,,,,,
622,2.4631,,,,,,,,
623,2.4002,,,,,,,,
624,2.7148,,,,,,,,
625,2.5402,,,,,,,,
626,2.5354,,,,,,,,
627,2.6516,,,,,,,,
628,2.8414,,,,,,,,
629,2.6498,,,,,,,,
630,2.777,,,,,,,,
631,2.2319,,,,,,,,
632,2.2208,,,,,,,,
633,2.3495,,,,,,,,
634,2.6172,,,,,,,,
635,2.3747,,,,,,,,
636,2.627,,,,,,,,
637,2.9434,,,,,,,,
638,2.2958,,,,,,,,
639,3.0304,,,,,,,,
640,2.469,,,,,,,,
641,2.7615,,,,,,,,
642,2.6199,,,,,,,,
643,2.4845,,,,,,,,
644,2.5033,,,,,,,,
645,3.1171,,,,,,,,
646,2.9355,,,,,,,,
647,3.0558,,,,,,,,
648,2.9623,,,,,,,,
649,3.004,,,,,,,,
650,3.8242,,,,,,,,
651,4.2593,,,,,,,,
652,3.0884,,,,,,,,
653,2.5693,,,,,,,,
654,2.7891,,,,,,,,
655,2.9823,,,,,,,,
656,3.0694,,,,,,,,
657,3.3543,,,,,,,,
658,2.4322,,,,,,,,
659,2.5369,,,,,,,,
660,2.9304,,,,,,,,
661,2.8761,,,,,,,,
662,2.7986,,,,,,,,
663,2.6554,,,,,,,,
664,2.4922,,,,,,,,
665,2.4703,,,,,,,,
666,3.9738,,,,,,,,
667,3.0853,,,,,,,,
668,3.6136,,,,,,,,
669,2.8148,,,,,,,,
670,2.9664,,,,,,,,
671,2.7681,,,,,,,,
672,3.549,,,,,,,,
673,3.5508,,,,,,,,
674,2.7133,,,,,,,,
675,2.9763,,,,,,,,
676,2.8539,,,,,,,,
677,2.6288,,,,,,,,
678,2.6008,,,,,,,,
679,2.8975,,,,,,,,
680,2.4764,,,,,,,,
681,2.7941,,,,,,,,
682,2.7625,,,,,,,,
683,3.0524,,,,,,,,
684,2.8175,,,,,,,,
685,2.6372,,,,,,,,
686,2.7182,,,,,,,,
687,2.5184,,,,,,,,
688,2.4319,,,,,,,,
689,2.6747,,,,,,,,
690,2.8165,,,,,,,,
691,3.2161,,,,,,,,
692,2.4979,,,,,,,,
693,2.695,,,,,,,,
694,2.6308,,,,,,,,
695,2.4199,,,,,,,,
696,2.4578,,,,,,,,
697,2.7865,,,,,,,,
698,2.7173,,,,,,,,
699,2.6977,,,,,,,,
700,2.6468,,,,,,,,
701,2.6842,,,,,,,,
702,2.8326,,,,,,,,
703,2.4769,,,,,,,,
704,2.8199,,,,,,,,
705,2.7418,,,,,,,,
706,3.2273,,,,,,,,
707,2.7888,,,,,,,,
708,2.4849,,,,,,,,
709,2.8136,,,,,,,,
710,2.6589,,,,,,,,
711,2.8358,,,,,,,,
712,3.0854,,,,,,,,
713,2.5791,,,,,,,,
714,2.8155,,,,,,,,
715,2.749,,,,,,,,
716,2.7407,,,,,,,,
717,2.8993,,,,,,,,
718,2.6817,,,,,,,,
719,2.755,,,,,,,,
720,2.7638,,,,,,,,
721,2.8818,,,,,,,,
722,2.8583,,,,,,,,
723,2.8038,,,,,,,,
724,2.6143,,,,,,,,
725,2.5746,,,,,,,,
726,2.9791,,,,,,,,
727,2.64,,,,,,,,
728,2.6954,,,,,,,,
729,2.5305,,,,,,,,
730,2.8001,,,,,,,,
731,2.6705,,,,,,,,
732,3.0939,,,,,,,,
733,2.7359,,,,,,,,
734,2.4792,,,,,,,,
735,2.78,,,,,,,,
736,2.781,,,,,,,,
737,2.5251,,,,,,,,
738,3.3037,,,,,,,,
739,3.0499,,,,,,,,
740,2.6923,,,,,,,,
741,2.8493,,,,,,,,
742,2.5968,,,,,,,,
743,3.0718,,,,,,,,
744,2.6174,,,,,,,,
745,2.8134,,,,,,,,
746,2.557,,,,,,,,
747,2.723,,,,,,,,
748,2.5671,,,,,,,,
749,2.9579,,,,,,,,
750,2.7646,,,,,,,,
751,2.727,,,,,,,,
752,2.5657,,,,,,,,
753,15.8743,,,,,,,,
754,3.9056,,,,,,,,
755,2.7843,,,,,,,,
756,2.7594,,,,,,,,
757,2.37,,,,,,,,
758,2.85,,,,,,,,
759,2.6126,,,,,,,,
760,2.4421,,,,,,,,
761,3.5566,,,,,,,,
762,4.3324,,,,,,,,
763,2.5872,,,,,,,,
764,2.7926,,,,,,,,
765,2.8931,,,,,,,,
766,3.1858,,,,,,,,
767,3.1157,,,,,,,,
768,2.6351,,,,,,,,
769,2.5917,,,,,,,,
770,2.7551,,,,,,,,
771,3.1836,,,,,,,,
772,2.7439,,,,,,,,
773,2.5431,,,,,,,,
774,2.6933,,,,,,,,
775,2.8649,,,,,,,,
776,2.6271,,,,,,,,
777,3.0971,,,,,,,,
778,2.579,,,,,,,,
779,2.7371,,,,,,,,
780,2.5799,,,,,,,,
781,2.6456,,,,,,,,
782,2.6807,,,,,,,,
783,2.7312,,,,,,,,
784,2.7827,,,,,,,,
785,2.9237,,,,,,,,
786,2.8946,,,,,,,,
787,2.661,,,,,,,,
788,2.9044,,,,,,,,
789,3.1407,,,,,,,,
790,2.6333,,,,,,,,
791,2.6076,,,,,,,,
792,2.7494,,,,,,,,
793,2.5241,,,,,,,,
794,3.1791,,,,,,,,
795,2.6475,,,,,,,,
796,2.8449,,,,,,,,
797,2.561,,,,,,,,
798,2.734,,,,,,,,
799,2.7268,,,,,,,,
800,2.5491,,,,,,,,
801,2.5259,,,,,,,,
802,2.7287,,,,,,,,
803,2.8985,,,,,,,,
804,2.692,,,,,,,,
805,2.5623,,,,,,,,
806,2.3992,,,,,,,,
807,2.5221,,,,,,,,
808,2.5668,,,,,,,,
809,3.2315,,,,,,,,
810,3.0864,,,,,,,,
811,3.0177,,,,,,,,
812,2.6628,,,,,,,,
813,2.7133,,,,,,,,
814,2.6033,,,,,,,,
815,2.8286,,,,,,,,
816,2.6307,,,,,,,,
817,2.7626,,,,,,,,
818,2.8383,,,,,,,,
819,2.4164,,,,,,,,
820,2.5924,,,,,,,,
821,2.3402,,,,,,,,
822,2.2462,,,,,,,,
823,2.4147,,,,,,,,
824,2.3299,,,,,,,,
825,2.4798,,,,,,,,
826,2.4151,,,,,,,,
827,2.4838,,,,,,,,
828,2.3508,,,,,,,,
829,2.7724,,,,,,,,
830,3.2814,,,,,,,,
831,3.2401,,,,,,,,
832,2.6924,,,,,,,,
833,2.4992,,,,,,,,
834,3.1574,,,,,,,,
835,3.0305,,,,,,,,
836,2.6264,,,,,,,,
837,2.6685,,,,,,,,
838,2.7345,,,,,,,,
839,2.5665,,,,,,,,
840,3.3398,,,,,,,,
841,2.8828,,,,,,,,
842,2.5676,,,,,,,,
843,2.569,,,,,,,,
844,2.5863,,,,,,,,
845,2.9742,,,,,,,,
846,2.4975,,,,,,,,
847,2.5582,,,,,,,,
848,2.7136,,,,,,,,
849,2.7055,,,,,,,,
850,2.6087,,,,,,,,
851,3.224,,,,,,,,
852,2.5895,,,,,,,,
853,2.5895,,,,,,,,
854,2.5995,,,,,,,,
855,2.5569,,,,,,,,
856,2.864,,,,,,,,
857,2.8823,,,,,,,,
858,2.6914,,,,,,,,
859,2.4879,,,,,,,,
860,2.5559,,,,,,,,
861,2.4386,,,,,,,,
862,2.7713,,,,,,,,
863,2.9668,,,,,,,,
864,3.19,,,,,,,,
865,3.0909,,,,,,,,
866,2.8179,,,,,,,,
867,2.7006,,,,,,,,
868,2.8914,,,,,,,,
869,3.171,,,,,,,,
870,3.0919,,,,,,,,
871,2.6214,,,,,,,,
872,2.6437,,,,,,,,
873,2.9301,,,,,,,,
874,2.5737,,,,,,,,
875,2.7138,,,,,,,,
876,2.6045,,,,,,,,
877,2.8864,,,,,,,,
878,2.7269,,,,,,,,
879,2.8432,,,,,,,,
880,2.6972,,,,,,,,
881,2.5915,,,,,,,,
882,2.7416,,,,,,,,
883,2.5422,,,,,,,,
884,2.7141,,,,,,,,
885,3.2087,,,,,,,,
886,2.776,,,,,,,,
887,2.8577,,,,,,,,
888,2.7084,,,,,,,,
889,2.7733,,,,,,,,
890,2.9195,,,,,,,,
891,2.5586,,,,,,,,
892,2.8159,,,,,,,,
893,2.9623,,,,,,,,
894,2.8865,,,,,,,,
895,2.566,,,,,,,,
896,3.4573,,,,,,,,
897,3.2356,,,,,,,,
898,2.5736,,,,,,,,
899,2.7201,,,,,,,,
900,2.4221,,,,,,,,
901,2.7662,,,,,,,,
902,2.777,,,,,,,,
903,2.6393,,,,,,,,
904,2.6692,,,,,,,,
905,2.6631,,,,,,,,
906,2.7752,,,,,,,,
907,2.714,,,,,,,,
908,2.7422,,,,,,,,
909,2.7468,,,,,,,,
910,2.5229,,,,,,,,
911,2.7165,,,,,,,,
912,2.97,,,,,,,,
913,3.1683,,,,,,,,
914,2.7251,,,,,,,,
915,2.6661,,,,,,,,
916,3.293,,,,,,,,
917,2.7582,,,,,,,,
918,2.8314,,,,,,,,
919,2.7164,,,,,,,,
920,2.5834,,,,,,,,
921,2.799,,,,,,,,
922,2.786,,,,,,,,
923,3.4895,,,,,,,,
924,3.099,,,,,,,,
925,2.6802,,,,,,,,
926,2.5358,,,,,,,,
927,2.5826,,,,,,,,
928,2.6189,,,,,,,,
929,3.0576,,,,,,,,
930,3.0288,,,,,,,,
931,2.7009,,,,,,,,
932,2.6086,,,,,,,,
933,2.7611,,,,,,,,
934,2.9575,,,,,,,,
935,2.747,,,,,,,,
936,2.4821,,,,,,,,
937,2.7036,,,,,,,,
938,2.6819,,,,,,,,
939,3.0461,,,,,,,,
940,3.1949,,,,,,,,
941,2.7806,,,,,,,,
942,2.8411,,,,,,,,
943,2.6949,,,,,,,,
944,3.5957,,,,,,,,
945,2.9178,,,,,,,,
946,2.9267,,,,,,,,
947,2.7741,,,,,,,,
948,2.9715,,,,,,,,
949,2.667,,,,,,,,
950,2.8227,,,,,,,,
951,2.4647,,,,,,,,
952,2.4092,,,,,,,,
953,2.4383,,,,,,,,
954,2.6558,,,,,,,,
955,2.8728,,,,,,,,
956,2.9406,,,,,,,,
957,3.1564,,,,,,,,
958,2.6532,,,,,,,,
959,2.6203,,,,,,,,
960,2.7587,,,,,,,,
961,2.528,,,,,,,,
962,3.3423,,,,,,,,
963,2.5797,,,,,,,,
964,2.6051,,,,,,,,
965,2.6512,,,,,,,,
966,2.8037,,,,,,,,
967,2.7652,,,,,,,,
968,2.7495,,,,,,,,
969,2.7353,,,,,,,,
970,3.2932,,,,,,,,
971,2.7591,,,,,,,,
972,3.0632,,,,,,,,
973,2.7765,,,,,,,,
974,2.7069,,,,,,,,
975,2.8304,,,,,,,,
976,2.8174,,,,,,,,
977,2.8585,,,,,,,,
978,3.2268,,,,,,,,
979,2.7956,,,,,,,,
980,2.7549,,,,,,,,
981,2.7814,,,,,,,,
982,2.8116,,,,,,,,
983,3.0529,,,,,,,,
984,2.7381,,,,,,,,
985,2.6524,,,,,,,,
986,2.6982,,,,,,,,
987,2.529,,,,,,,,
988,2.9549,,,,,,,,
989,2.858,,,,,,,,
990,2.5785,,,,,,,,
991,2.7291,,,,,,,,
992,2.6948,,,,,,,,
993,2.9605,,,,,,,,
994,2.7591,,,,,,,,
995,2.8096,,,,,,,,
996,2.7473,,,,,,,,
997,2.5575,,,,,,,,
998,2.7172,,,,,,,,
999,2.713,,,,,,,,
1000,3.3209,,,,,,,,
1001,2.7394,,,,,,,,
1002,2.4837,,,,,,,,
1003,2.4694,,,,,,,,
1004,2.5041,,,,,,,,
1005,3.05,,,,,,,,
1006,3.3984,,,,,,,,
1007,2.633,,,,,,,,
1008,2.833,,,,,,,,
1009,2.7138,,,,,,,,
1010,2.7059,,,,,,,,
1011,3.1078,,,,,,,,
1012,2.8113,,,,,,,,
1013,2.9471,,,,,,,,
1014,2.5937,,,,,,,,
1015,2.6763,,,,,,,,
1016,3.3011,,,,,,,,
1017,2.5623,,,,,,,,
1018,2.5817,,,,,,,,
1019,2.8296,,,,,,,,
1020,2.7108,,,,,,,,
1021,2.6468,,,,,,,,
1022,2.7014,,,,,,,,
1023,2.5593,,,,,,,,
1024,2.8151,,,,,,,,
1025,2.6974,,,,,,,,
1026,2.5335,,,,,,,,
1027,2.7493,,,,,,,,
1028,2.6435,,,,,,,,
1029,2.5581,,,,,,,,
1030,2.6894,,,,,,,,
1031,2.6873,,,,,,,,
1032,2.5448,,,,,,,,
1033,3.1718,,,,,,,,
1034,2.7414,,,,,,,,
1035,2.8568,,,,,,,,
1036,2.7469,,,,,,,,
1037,2.7822,,,,,,,,
1038,2.7067,,,,,,,,
1039,2.827,,,,,,,,
1040,2.9606,,,,,,,,
1041,2.8518,,,,,,,,
1042,2.5707,,,,,,,,
1043,2.8209,,,,,,,,
1044,2.5412,,,,,,,,
1045,2.5933,,,,,,,,
1046,3.0037,,,,,,,,
1047,2.7181,,,,,,,,
1048,2.863,,,,,,,,
1049,2.6555,,,,,,,,
1050,2.9242,,,,,,,,
1051,2.574,,,,,,,,
1052,2.8294,,,,,,,,
1053,2.8571,,,,,,,,
1054,2.6462,,,,,,,,
1055,2.7003,,,,,,,,
1056,3.3454,,,,,,,,
1057,2.6235,,,,,,,,
1058,2.4901,,,,,,,,
1059,2.5628,,,,,,,,
1060,2.5423,,,,,,,,
1061,3.0561,,,,,,,,
1062,2.7166,,,,,,,,
1063,2.5558,,,,,,,,
1064,2.6919,,,,,,,,
1065,2.519,,,,,,,,
1066,2.4953,,,,,,,,
1067,2.9193,,,,,,,,
1068,2.8004,,,,,,,,
1069,2.7141,,,,,,,,
1070,2.5699,,,,,,,,
1071,2.5177,,,,,,,,
1072,2.911,,,,,,,,
1073,2.7993,,,,,,,,
1074,2.6374,,,,,,,,
1075,2.7056,,,,,,,,
1076,2.5734,,,,,,,,
1077,2.9205,,,,,,,,
1078,2.8944,,,,,,,,
1079,2.6302,,,,,,,,
1080,2.663,,,,,,,,
1081,2.6405,,,,,,,,
1082,2.8911,,,,,,,,
1083,2.6894,,,,,,,,
1084,2.9346,,,,,,,,
1085,2.8476,,,,,,,,
1086,2.7482,,,,,,,,
1087,2.6384,,,,,,,,
1088,2.7091,,,,,,,,
1089,3.0912,,,,,,,,
1090,3.0957,,,,,,,,
1091,2.4479,,,,,,,,
1092,2.6775,,,,,,,,
1093,2.9509,,,,,,,,
1094,2.8325,,,,,,,,
1095,2.8661,,,,,,,,
1096,2.6766,,,,,,,,
1097,2.5962,,,,,,,,
1098,2.791,,,,,,,,
1099,2.6269,,,,,,,,
1100,3.081,,,,,,,,
1101,2.6229,,,,,,,,
1102,2.8355,,,,,,,,
1103,2.7617,,,,,,,,
1104,2.773,,,,,,,,
1105,2.7538,,,,,,,,
1106,2.8346,,,,,,,,
1107,2.9551,,,,,,,,
1108,2.839,,,,,,,,
1109,2.7254,,,,,,,,
1110,2.8244,,,,,,,,
1111,2.5915,,,,,,,,
1112,2.9512,,,,,,,,
1113,2.7449,,,,,,,,
1114,2.838,,,,,,,,
1115,2.6558,,,,,,,,
1116,2.8083,,,,,,,,
1117,3.2057,,,,,,,,
1118,2.6349,,,,,,,,
1119,2.9549,,,,,,,,
1120,2.8591,,,,,,,,
1121,2.8174,,,,,,,,
1122,2.7064,,,,,,,,
1123,2.8823,,,,,,,,
1124,2.9632,,,,,,,,
1125,2.763,,,,,,,,
1126,2.6611,,,,,,,,
1127,2.6303,,,,,,,,
1128,2.9457,,,,,,,,
1129,3.0371,,,,,,,,
1130,2.8203,,,,,,,,
1131,2.6634,,,,,,,,
1132,2.7073,,,,,,,,
1133,2.772,,,,,,,,
1134,3.0031,,,,,,,,
1135,2.7527,,,,,,,,
1136,2.7756,,,,,,,,
1137,2.6276,,,,,,,,
1138,2.7303,,,,,,,,
1139,3.0173,,,,,,,,
1140,3.0849,,,,,,,,
1141,2.769,,,,,,,,
1142,2.5138,,,,,,,,
1143,2.6108,,,,,,,,
1144,2.9418,,,,,,,,
1145,3.2118,,,,,,,,
1146,3.0727,,,,,,,,
1147,2.6386,,,,,,,,
1148,2.7658,,,,,,,,
1149,3.015,,,,,,,,
1150,3.3066,,,,,,,,
1151,2.9369,,,,,,,,
1152,2.5358,,,,,,,,
1153,2.7711,,,,,,,,
1154,2.7614,,,,,,,,
1155,2.8352,,,,,,,,
1156,2.7988,,,,,,,,
1157,2.9162,,,,,,,,
1158,2.7371,,,,,,,,
1159,2.8657,,,,,,,,
1160,2.9175,,,,,,,,
1161,2.7574,,,,,,,,
1162,3.0385,,,,,,,,
1163,2.8176,,,,,,,,
1164,2.8659,,,,,,,,
1165,2.835,,,,,,,,
1166,2.8312,,,,,,,,
1167,2.8274,,,,,,,,
1168,2.7987,,,,,,,,
1169,2.8576,,,,,,,,
1170,3.0041,,,,,,,,
1171,2.9043,,,,,,,,
1172,2.8131,,,,,,,,
1173,2.8119,,,,,,,,
1174,2.7994,,,,,,,,
1175,3.0009,,,,,,,,
1176,2.8353,,,,,,,,
1177,2.8202,,,,,,,,
1178,2.9469,,,,,,,,
1179,2.7602,,,,,,,,
1180,2.9894,,,,,,,,
1181,2.9726,,,,,,,,
1182,2.8879,,,,,,,,
1183,3.0916,,,,,,,,
1184,3.0923,,,,,,,,
1185,2.6814,,,,,,,,
1186,2.7466,,,,,,,,
1187,2.6356,,,,,,,,
1188,2.8316,,,,,,,,
1189,2.8955,,,,,,,,
1190,3.2946,,,,,,,,
1191,3.3143,,,,,,,,
1192,2.6465,,,,,,,,
1193,2.7271,,,,,,,,
1194,2.7202,,,,,,,,
1195,2.7127,,,,,,,,
1196,2.6292,,,,,,,,
1197,2.6257,,,,,,,,
1198,2.6865,,,,,,,,
1199,2.6069,,,,,,,,
1200,2.854,,,,,,,,
1201,2.7419,,,,,,,,
1202,2.6718,,,,,,,,
1203,2.8189,,,,,,,,
1204,2.4235,,,,,,,,
1205,2.616,,,,,,,,
1206,3.1598,,,,,,,,
1207,2.6424,,,,,,,,
1208,2.5683,,,,,,,,
1209,2.646,,,,,,,,
1210,2.7017,,,,,,,,
1211,2.8342,,,,,,,,
1212,2.7136,,,,,,,,
1213,2.7023,,,,,,,,
1214,2.7225,,,,,,,,
1215,2.9583,,,,,,,,
1216,2.8424,,,,,,,,
1217,2.9416,,,,,,,,
1218,2.7818,,,,,,,,
1219,2.7652,,,,,,,,
1220,2.6853,,,,,,,,
1221,2.8222,,,,,,,,
1222,2.7841,,,,,,,,
1223,2.9112,,,,,,,,
1224,2.6538,,,,,,,,
1225,2.7196,,,,,,,,
1226,3.4014,,,,,,,,
1227,2.9221,,,,,,,,
1228,2.809,,,,,,,,
1229,2.6344,,,,,,,,
1230,2.7903,,,,,,,,
1231,2.7139,,,,,,,,
1232,2.6705,,,,,,,,
1233,2.5357,,,,,,,,
1234,2.9142,,,,,,,,
1235,2.5936,,,,,,,,
1236,2.9206,,,,,,,,
1237,2.7431,,,,,,,,
1238,3.0615,,,,,,,,
1239,3.1436,,,,,,,,
1240,2.8214,,,,,,,,
1241,3.0907,,,,,,,,
1242,3.0221,,,,,,,,
1243,2.88,,,,,,,,
1244,2.8701,,,,,,,,
1245,2.8535,,,,,,,,
1246,2.9601,,,,,,,,
1247,2.6983,,,,,,,,
1248,2.5303,,,,,,,,
1249,3.1061,,,,,,,,
1250,3.1405,,,,,,,,
1251,3.2771,,,,,,,,
1252,2.9265,,,,,,,,
1253,2.7636,,,,,,,,
1254,2.9443,,,,,,,,
1255,3.3822,,,,,,,,
1256,2.8608,,,,,,,,
1257,2.9047,,,,,,,,
1258,2.8266,,,,,,,,
1259,2.7217,,,,,,,,
1260,3.1331,,,,,,,,
1261,3.6212,,,,,,,,
1262,3.0956,,,,,,,,
1263,2.8162,,,,,,,,
1264,2.5624,,,,,,,,
1265,3.0289,,,,,,,,
1266,3.2077,,,,,,,,
1267,2.739,,,,,,,,
1268,2.9893,,,,,,,,
1269,3.0577,,,,,,,,
1270,3.0956,,,,,,,,
1271,3.4497,,,,,,,,
1272,2.6844,,,,,,,,
1273,2.9036,,,,,,,,
1274,3.0061,,,,,,,,
1275,2.9877,,,,,,,,
1276,2.9897,,,,,,,,
1277,2.9059,,,,,,,,
1278,2.9872,,,,,,,,
1279,2.9678,,,,,,,,
1280,2.9336,,,,,,,,
1281,3.2571,,,,,,,,
1282,2.8366,,,,,,,,
1283,2.7916,,,,,,,,
1284,2.8398,,,,,,,,
1285,2.787,,,,,,,,
1286,3.2842,,,,,,,,
1287,3.048,,,,,,,,
1288,2.5177,,,,,,,,
1289,2.5582,,,,,,,,
1290,2.8489,,,,,,,,
1291,2.7996,,,,,,,,
1292,2.7994,,,,,,,,
1293,2.5928,,,,,,,,
1294,2.7966,,,,,,,,
1295,3.0464,,,,,,,,
1296,2.9782,,,,,,,,
1297,3.1463,,,,,,,,
1298,3.0874,,,,,,,,
1299,2.9791,,,,,,,,
1300,2.9363,,,,,,,,
1301,3.0107,,,,,,,,
1302,2.7569,,,,,,,,
1303,3.0669,,,,,,,,
1304,3.117,,,,,,,,
1305,3.5758,,,,,,,,
1306,2.9168,,,,,,,,
1307,3.1179,,,,,,,,
1308,3.072,,,,,,,,
1309,2.9455,,,,,,,,
1310,3.1212,,,,,,,,
1311,3.0385,,,,,,,,
1312,3.1112,,,,,,,,
1313,3.1872,,,,,,,,
1314,2.9957,,,,,,,,
1315,2.9511,,,,,,,,
1316,3.1559,,,,,,,,
1317,3.2907,,,,,,,,
1318,3.1914,,,,,,,,
1319,3.1194,,,,,,,,
1320,3.0617,,,,,,,,
1321,2.902,,,,,,,,
1322,3.0817,,,,,,,,
1323,3.1393,,,,,,,,
1324,3.0067,,,,,,,,
1325,3.0027,,,,,,,,
1326,2.8427,,,,,,,,
1327,3.0714,,,,,,,,
1328,3.1008,,,,,,,,
1329,3.1216,,,,,,,,
1330,3.0099,,,,,,,,
1331,2.9736,,,,,,,,
1332,3.068,,,,,,,,
1333,3.0607,,,,,,,,
1334,2.9275,,,,,,,,
1335,2.935,,,,,,,,
1336,2.8463,,,,,,,,
1337,3.1438,,,,,,,,
1338,3.0779,,,,,,,,
1339,2.8625,,,,,,,,
1340,3.0256,,,,,,,,
1341,2.8122,,,,,,,,
1342,2.9718,,,,,,,,
1343,3.2299,,,,,,,,
1344,2.9443,,,,,,,,
1345,2.9247,,,,,,,,
1346,2.8348,,,,,,,,
1347,2.9655,,,,,,,,
1348,3.2639,,,,,,,,
1349,3.0309,,,,,,,,
1350,2.7757,,,,,,,,
1351,2.8353,,,,,,,,
1352,2.9129,,,,,,,,
1353,3.2256,,,,,,,,
1354,3.0828,,,,,,,,
1355,2.9614,,,,,,,,
1356,2.9866,,,,,,,,
1357,3.4146,,,,,,,,
1358,3.3348,,,,,,,,
1359,2.9319,,,,,,,,
1360,3.0157,,,,,,,,
1361,2.7918,,,,,,,,
1362,3.0377,,,,,,,,
1363,3.0779,,,,,,,,
1364,2.8086,,,,,,,,
1365,2.8568,,,,,,,,
1366,3.1819,,,,,,,,
1367,3.1179,,,,,,,,
1368,3.1318,,,,,,,,
1369,2.8124,,,,,,,,
1370,2.8801,,,,,,,,
1371,3.0105,,,,,,,,
1372,2.9575,,,,,,,,
1373,3.0268,,,,,,,,
1374,3.139,,,,,,,,
1375,2.9237,,,,,,,,
1376,3.2369,,,,,,,,
1377,2.7362,,,,,,,,
1378,3.0476,,,,,,,,
1379,3.488,,,,,,,,
1380,3.1227,,,,,,,,
1381,3.5189,,,,,,,,
1382,3.1841,,,,,,,,
1383,2.986,,,,,,,,
1384,3.1154,,,,,,,,
1385,3.1725,,,,,,,,
1386,2.8464,,,,,,,,
1387,2.8532,,,,,,,,
1388,3.0283,,,,,,,,
1389,3.1414,,,,,,,,
1390,3.0382,,,,,,,,
1391,3.0836,,,,,,,,
1392,2.9505,,,,,,,,
1393,3.0026,,,,,,,,
1394,3.0384,,,,,,,,
1395,2.8421,,,,,,,,
1396,3.0155,,,,,,,,
1397,3.0503,,,,,,,,
1398,3.057,,,,,,,,
1399,3.3042,,,,,,,,
1400,2.9981,,,,,,,,
1401,2.9315,,,,,,,,
1402,2.8338,,,,,,,,
1403,2.9287,,,,,,,,
1404,3.8748,,,,,,,,
1405,3.0629,,,,,,,,
1406,3.0118,,,,,,,,
1407,2.9876,,,,,,,,
1408,2.8502,,,,,,,,
1409,3.3592,,,,,,,,
1410,2.8475,,,,,,,,
1411,3.0162,,,,,,,,
1412,2.9284,,,,,,,,
1413,2.9537,,,,,,,,
1414,2.9973,,,,,,,,
1415,2.9354,,,,,,,,
1416,2.8626,,,,,,,,
1417,2.7886,,,,,,,,
1418,2.8954,,,,,,,,
1419,2.904,,,,,,,,
1420,2.8151,,,,,,,,
1421,2.9425,,,,,,,,
1422,2.7609,,,,,,,,
1423,2.8993,,,,,,,,
1424,2.8715,,,,,,,,
1425,3.0663,,,,,,,,
1426,2.9949,,,,,,,,
1427,2.8239,,,,,,,,
1428,3.0422,,,,,,,,
1429,2.6884,,,,,,,,
1430,2.8435,,,,,,,,
1431,2.753,,,,,,,,
1432,2.874,,,,,,,,
1433,3.053,,,,,,,,
1434,2.7041,,,,,,,,
1435,2.9948,,,,,,,,
1436,2.9617,,,,,,,,
1437,2.9544,,,,,,,,
1438,2.9839,,,,,,,,
1439,2.6372,,,,,,,,
1440,3.0217,,,,,,,,
1441,2.9204,,,,,,,,
1442,2.9952,,,,,,,,
1443,2.881,,,,,,,,
1444,2.9616,,,,,,,,
1445,2.9065,,,,,,,,
1446,3.5919,,,,,,,,
1447,3.0227,,,,,,,,
1448,3.0359,,,,,,,,
1449,3.2561,,,,,,,,
1450,3.0048,,,,,,,,
1451,3.3076,,,,,,,,
1452,3.2157,,,,,,,,
1453,2.9213,,,,,,,,
1454,2.8583,,,,,,,,
1455,2.757,,,,,,,,
1456,2.9562,,,,,,,,
1457,2.5797,,,,,,,,
1458,2.7798,,,,,,,,
1459,2.9725,,,,,,,,
1460,2.8546,,,,,,,,
1461,2.8013,,,,,,,,
1462,3.5672,,,,,,,,
1463,2.7251,,,,,,,,
1464,3.2784,,,,,,,,
1465,2.6563,,,,,,,,
1466,2.8367,,,,,,,,
1467,3.0252,,,,,,,,
1468,2.9417,,,,,,,,
1469,2.7827,,,,,,,,
1470,2.908,,,,,,,,
1471,2.877,,,,,,,,
1472,3.0029,,,,,,,,
1473,2.9104,,,,,,,,
1474,2.9404,,,,,,,,
1475,2.796,,,,,,,,
1476,2.8857,,,,,,,,
1477,2.8891,,,,,,,,
1478,3.275,,,,,,,,
1479,3.2378,,,,,,,,
1480,2.8476,,,,,,,,
1481,2.9062,,,,,,,,
1482,2.8921,,,,,,,,
1483,3.3604,,,,,,,,
1484,3.0068,,,,,,,,
1485,2.9269,,,,,,,,
1486,2.8175,,,,,,,,
1487,3.1228,,,,,,,,
1488,2.9483,,,,,,,,
1489,2.8975,,,,,,,,
1490,2.9596,,,,,,,,
1491,3.5098,,,,,,,,
1492,3.3947,,,,,,,,
1493,3.786,,,,,,,,
1494,2.8497,,,,,,,,
1495,3.0651,,,,,,,,
1496,2.8924,,,,,,,,
1497,2.9647,,,,,,,,
1498,2.936,,,,,,,,
1499,2.793,,,,,,,,
1500,3.0095,,,,,,,,
1501,2.898,,,,,,,,
1502,2.9896,,,,,,,,
1503,2.827,,,,,,,,
1504,2.946,,,,,,,,
1505,2.9731,,,,,,,,
1506,2.9342,,,,,,,,
1507,2.8658,,,,,,,,
1508,2.8657,,,,,,,,
1509,3.123,,,,,,,,
1510,3.2438,,,,,,,,
1511,3.14,,,,,,,,
1512,3.0016,,,,,,,,
1513,2.9214,,,,,,,,
1514,3.0418,,,,,,,,
1515,3.0314,,,,,,,,
1516,2.9074,,,,,,,,
1517,2.8557,,,,,,,,
1518,2.8282,,,,,,,,
1519,2.8292,,,,,,,,
1520,3.0577,,,,,,,,
1521,2.903,,,,,,,,
1522,2.9477,,,,,,,,
1523,2.8109,,,,,,,,
1524,2.7761,,,,,,,,
1525,2.8428,,,,,,,,
1526,3.0105,,,,,,,,
1527,2.6229,,,,,,,,
1528,2.7903,,,,,,,,
1529,2.665,,,,,,,,
1530,2.6621,,,,,,,,
1531,2.9443,,,,,,,,
1532,2.6076,,,,,,,,
1533,2.888,,,,,,,,
1534,2.7902,,,,,,,,
1535,2.8085,,,,,,,,
1536,3.2178,,,,,,,,
1537,2.6827,,,,,,,,
1538,2.6882,,,,,,,,
1539,2.8552,,,,,,,,
1540,2.879,,,,,,,,
1541,2.9611,,,,,,,,
1542,2.5834,,,,,,,,
1543,2.499,,,,,,,,
1544,2.7746,,,,,,,,
1545,2.8013,,,,,,,,
1546,3.1536,,,,,,,,
1547,3.1891,,,,,,,,
1548,3.1768,,,,,,,,
1549,2.8762,,,,,,,,
1550,2.721,,,,,,,,
1551,2.874,,,,,,,,
1552,3.0731,,,,,,,,
1553,2.993,,,,,,,,
1554,2.8343,,,,,,,,
1555,2.8291,,,,,,,,
1556,3.0666,,,,,,,,
1557,2.9669,,,,,,,,
1558,2.9887,,,,,,,,
1559,2.9639,,,,,,,,
1560,2.8869,,,,,,,,
1561,2.9307,,,,,,,,
1562,2.9429,,,,,,,,
1563,3.2142,,,,,,,,
1564,2.8131,,,,,,,,
1565,2.7893,,,,,,,,
1566,2.7627,,,,,,,,
1567,2.7898,,,,,,,,
1568,2.6913,,,,,,,,
1569,2.7726,,,,,,,,
1570,2.8414,,,,,,,,
1571,2.7259,,,,,,,,
1572,2.741,,,,,,,,
1573,2.6296,,,,,,,,
1574,2.9538,,,,,,,,
1575,2.7313,,,,,,,,
1576,2.7706,,,,,,,,
1577,2.6479,,,,,,,,
1578,2.8784,,,,,,,,
1579,2.692,,,,,,,,
1580,3.098,,,,,,,,
1581,2.7654,,,,,,,,
1582,2.7767,,,,,,,,
1583,2.7795,,,,,,,,
1584,2.8358,,,,,,,,
1585,3.2021,,,,,,,,
1586,3.0667,,,,,,,,
1587,2.852,,,,,,,,
1588,3.0204,,,,,,,,
1589,3.0214,,,,,,,,
1590,2.9987,,,,,,,,
1591,3.3221,,,,,,,,
1592,2.9168,,,,,,,,
1593,2.7874,,,,,,,,
1594,2.8241,,,,,,,,
1595,2.9127,,,,,,,,
1596,2.9471,,,,,,,,
1597,2.8708,,,,,,,,
1598,2.8288,,,,,,,,
1599,3.1358,,,,,,,,
1600,2.8607,,,,,,,,
1601,2.96,,,,,,,,
1602,2.6272,,,,,,,,
1603,2.5981,,,,,,,,
1604,2.7341,,,,,,,,
1605,2.5793,,,,,,,,
1606,2.9426,,,,,,,,
1607,2.9105,,,,,,,,
1608,3.15,,,,,,,,
1609,2.6778,,,,,,,,
1610,2.6161,,,,,,,,
1611,2.8158,,,,,,,,
1612,2.9138,,,,,,,,
1613,2.6561,,,,,,,,
1614,2.8146,,,,,,,,
1615,2.8816,,,,,,,,
1616,2.9835,,,,,,,,
1617,2.7067,,,,,,,,
1618,3.0561,,,,,,,,
1619,2.7597,,,,,,,,
1620,2.8453,,,,,,,,
1621,2.7205,,,,,,,,
1622,2.8684,,,,,,,,
1623,3.0442,,,,,,,,
1624,2.9196,,,,,,,,
1625,2.8076,,,,,,,,
1626,2.8054,,,,,,,,
1627,2.8086,,,,,,,,
1628,2.8697,,,,,,,,
1629,2.796,,,,,,,,
1630,2.7406,,,,,,,,
1631,2.717,,,,,,,,
1632,2.7059,,,,,,,,
1633,2.6947,,,,,,,,
1634,2.8818,,,,,,,,
1635,2.9806,,,,,,,,
1636,2.8996,,,,,,,,
1637,2.5625,,,,,,,,
1638,2.814,,,,,,,,
1639,2.7543,,,,,,,,
1640,2.7874,,,,,,,,
1641,2.7456,,,,,,,,
1642,2.9158,,,,,,,,
1643,2.7825,,,,,,,,
1644,2.7437,,,,,,,,
1645,3.0254,,,,,,,,
1646,2.7219,,,,,,,,
1647,2.7464,,,,,,,,
1648,2.7939,,,,,,,,
1649,2.5968,,,,,,,,
1650,2.8709,,,,,,,,
1651,2.989,,,,,,,,
1652,2.8681,,,,,,,,
1653,2.7198,,,,,,,,
1654,2.5696,,,,,,,,
1655,2.6243,,,,,,,,
1656,2.9226,,,,,,,,
1657,2.8807,,,,,,,,
1658,2.7476,,,,,,,,
1659,2.754,,,,,,,,
1660,2.9049,,,,,,,,
1661,2.9516,,,,,,,,
1662,2.8231,,,,,,,,
1663,2.8938,,,,,,,,
1664,2.8446,,,,,,,,
1665,2.8757,,,,,,,,
1666,2.849,,,,,,,,
1667,3.5014,,,,,,,,
1668,2.9653,,,,,,,,
1669,2.8871,,,,,,,,
1670,2.8202,,,,,,,,
1671,2.9021,,,,,,,,
1672,2.8755,,,,,,,,
1673,2.7688,,,,,,,,
1674,2.7051,,,,,,,,
1675,2.8618,,,,,,,,
1676,2.9384,,,,,,,,
1677,2.9267,,,,,,,,
1678,2.7775,,,,,,,,
1679,2.7324,,,,,,,,
1680,2.8231,,,,,,,,
1681,2.7876,,,,,,,,
1682,3.0306,,,,,,,,
1683,2.9202,,,,,,,,
1684,2.6738,,,,,,,,
1685,2.7919,,,,,,,,
1686,2.8686,,,,,,,,
1687,3.0314,,,,,,,,
1688,3.0192,,,,,,,,
1689,3.0303,,,,,,,,
1690,2.7798,,,,,,,,
1691,2.7796,,,,,,,,
1692,2.9693,,,,,,,,
1693,2.8001,,,,,,,,
1694,3.204,,,,,,,,
1695,3.3105,,,,,,,,
1696,2.794,,,,,,,,
1697,2.7517,,,,,,,,
1698,2.9341,,,,,,,,
1699,3.0302,,,,,,,,
1700,2.8408,,,,,,,,
1701,2.8888,,,,,,,,
1702,2.7305,,,,,,,,
1703,2.8761,,,,,,,,
1704,2.9216,,,,,,,,
1705,2.8844,,,,,,,,
1706,2.8275,,,,,,,,
1707,2.8117,,,,,,,,
1708,2.6824,,,,,,,,
1709,2.7606,,,,,,,,
1710,3.0155,,,,,,,,
1711,2.933,,,,,,,,
1712,2.8949,,,,,,,,
1713,2.7142,,,,,,,,
1714,2.8357,,,,,,,,
1715,3.0084,,,,,,,,
1716,2.976,,,,,,,,
1717,2.7105,,,,,,,,
1718,2.7377,,,,,,,,
1719,2.7452,,,,,,,,
1720,2.8998,,,,,,,,
1721,2.9618,,,,,,,,
1722,2.9133,,,,,,,,
1723,2.9838,,,,,,,,
1724,3.0561,,,,,,,,
1725,2.9329,,,,,,,,
1726,3.4719,,,,,,,,
1727,2.9586,,,,,,,,
1728,2.7554,,,,,,,,
1729,2.7477,,,,,,,,
1730,2.7223,,,,,,,,
1731,2.9212,,,,,,,,
1732,2.8356,,,,,,,,
1733,2.6313,,,,,,,,
1734,2.6354,,,,,,,,
1735,2.5865,,,,,,,,
1736,2.7086,,,,,,,,
1737,2.7663,,,,,,,,
1738,2.749,,,,,,,,
1739,2.5764,,,,,,,,
1740,2.8386,,,,,,,,
1741,2.8902,,,,,,,,
1742,2.8099,,,,,,,,
1743,2.9308,,,,,,,,
1744,2.5762,,,,,,,,
1745,3.3792,,,,,,,,
1746,2.8167,,,,,,,,
1747,2.7788,,,,,,,,
1748,2.9895,,,,,,,,
1749,2.7635,,,,,,,,
1750,2.8667,,,,,,,,
1751,2.8958,,,,,,,,
1752,2.7479,,,,,,,,
1753,3.0517,,,,,,,,
1754,2.9488,,,,,,,,
1755,2.9926,,,,,,,,
1756,2.8571,,,,,,,,
1757,2.8039,,,,,,,,
1758,3.0415,,,,,,,,
1759,3.452,,,,,,,,
1760,2.8064,,,,,,,,
1761,3.0756,,,,,,,,
1762,2.9964,,,,,,,,
1763,3.1011,,,,,,,,
1764,3.3222,,,,,,,,
1765,2.7919,,,,,,,,
1766,3.4218,,,,,,,,
1767,3.1935,,,,,,,,
1768,2.8602,,,,,,,,
1769,3.2673,,,,,,,,
1770,3.2629,,,,,,,,
1771,2.9422,,,,,,,,
1772,2.955,,,,,,,,
1773,3.1912,,,,,,,,
1774,2.9993,,,,,,,,
1775,2.7614,,,,,,,,
1776,2.6028,,,,,,,,
1777,2.6977,,,,,,,,
1778,3.2082,,,,,,,,
1779,3.1938,,,,,,,,
1780,2.8735,,,,,,,,
1781,2.5517,,,,,,,,
1782,2.6205,,,,,,,,
1783,2.9759,,,,,,,,
1784,2.7162,,,,,,,,
1785,3.0713,,,,,,,,
1786,2.7617,,,,,,,,
1787,2.6889,,,,,,,,
1788,3.1038,,,,,,,,
1789,2.8003,,,,,,,,
1790,2.9268,,,,,,,,
1791,2.9626,,,,,,,,
1792,2.6541,,,,,,,,
1793,2.9312,,,,,,,,
1794,2.7941,,,,,,,,
1795,3.0477,,,,,,,,
1796,2.6868,,,,,,,,
1797,2.6065,,,,,,,,
1798,2.6682,,,,,,,,
1799,2.6173,,,,,,,,
1800,2.6986,,,,,,,,
1801,2.6486,,,,,,,,
1802,2.6648,,,,,,,,
1803,2.6249,,,,,,,,
1804,2.8111,,,,,,,,
1805,2.6575,,,,,,,,
1806,2.64,,,,,,,,
1807,2.7754,,,,,,,,
1808,2.6798,,,,,,,,
1809,2.7012,,,,,,,,
1810,2.5668,,,,,,,,
1811,2.6821,,,,,,,,
1812,2.5443,,,,,,,,
1813,2.6739,,,,,,,,
1814,2.4799,,,,,,,,
1815,2.5786,,,,,,,,
1816,3.0248,,,,,,,,
1817,2.8913,,,,,,,,
1818,2.8693,,,,,,,,
1819,3.3983,,,,,,,,
1820,3.2437,,,,,,,,
1821,2.895,,,,,,,,
1822,2.6831,,,,,,,,
1823,2.8291,,,,,,,,
1824,2.8632,,,,,,,,
1825,2.6037,,,,,,,,
1826,2.5913,,,,,,,,
1827,2.7132,,,,,,,,
1828,2.6733,,,,,,,,
1829,2.561,,,,,,,,
1830,2.9602,,,,,,,,
1831,2.8502,,,,,,,,
1832,2.9772,,,,,,,,
1833,2.8829,,,,,,,,
1834,2.6936,,,,,,,,
1835,3.1199,,,,,,,,
1836,2.8389,,,,,,,,
1837,2.866,,,,,,,,
1838,2.7522,,,,,,,,
1839,2.6539,,,,,,,,
1840,2.8101,,,,,,,,
1841,3.5674,,,,,,,,
1842,2.8427,,,,,,,,
1843,2.9467,,,,,,,,
1844,2.7634,,,,,,,,
1845,2.8802,,,,,,,,
1846,3.1961,,,,,,,,
1847,2.733,,,,,,,,
1848,2.7723,,,,,,,,
1849,2.7602,,,,,,,,
1850,2.7401,,,,,,,,
1851,2.9364,,,,,,,,
1852,2.8075,,,,,,,,
1853,2.6978,,,,,,,,
1854,2.7215,,,,,,,,
1855,2.7792,,,,,,,,
1856,2.7929,,,,,,,,
1857,3.0694,,,,,,,,
1858,2.7852,,,,,,,,
1859,2.8579,,,,,,,,
1860,2.7733,,,,,,,,
1861,2.6944,,,,,,,,
1862,3.0117,,,,,,,,
1863,2.856,,,,,,,,
1864,2.9633,,,,,,,,
1865,2.7722,,,,,,,,
1866,2.8272,,,,,,,,
1867,2.9876,,,,,,,,
1868,3.3754,,,,,,,,
1869,2.823,,,,,,,,
1870,2.8405,,,,,,,,
1871,2.8829,,,,,,,,
1872,2.8559,,,,,,,,
1873,3.319,,,,,,,,
1874,2.831,,,,,,,,
1875,2.7333,,,,,,,,
1876,2.7018,,,,,,,,
1877,2.7423,,,,,,,,
1878,2.7645,,,,,,,,
1879,2.9447,,,,,,,,
1880,2.7461,,,,,,,,
1881,2.7043,,,,,,,,
1882,2.7678,,,,,,,,
1883,2.7297,,,,,,,,
1884,3.3446,,,,,,,,
1885,2.8094,,,,,,,,
1886,2.73,,,,,,,,
1887,2.8315,,,,,,,,
1888,2.8069,,,,,,,,
1889,2.7796,,,,,,,,
1890,3.5651,,,,,,,,
1891,2.9382,,,,,,,,
1892,2.9438,,,,,,,,
1893,2.9368,,,,,,,,
1894,2.9093,,,,,,,,
1895,3.3342,,,,,,,,
1896,3.0683,,,,,,,,
1897,2.7714,,,,,,,,
1898,3.0055,,,,,,,,
1899,2.9153,,,,,,,,
1900,3.2273,,,,,,,,
1901,2.8496,,,,,,,,
1902,2.9213,,,,,,,,
1903,2.9574,,,,,,,,
1904,2.8883,,,,,,,,
1905,2.9842,,,,,,,,
1906,2.7612,,,,,,,,
1907,2.8467,,,,,,,,
1908,2.726,,,,,,,,
1909,2.8651,,,,,,,,
1910,2.8473,,,,,,,,
1911,3.1923,,,,,,,,
1912,2.9822,,,,,,,,
1913,2.9708,,,,,,,,
1914,2.928,,,,,,,,
1915,2.7388,,,,,,,,
1916,2.9532,,,,,,,,
1917,2.9239,,,,,,,,
1918,2.8635,,,,,,,,
1919,2.9734,,,,,,,,
1920,2.7232,,,,,,,,
1921,3.0624,,,,,,,,
1922,3.0062,,,,,,,,
1923,2.9598,,,,,,,,
1924,2.7309,,,,,,,,
1925,2.6306,,,,,,,,
1926,2.74,,,,,,,,
1927,3.0208,,,,,,,,
1928,3.1124,,,,,,,,
1929,2.7582,,,,,,,,
1930,2.7317,,,,,,,,
1931,2.8684,,,,,,,,
1932,3.4031,,,,,,,,
1933,2.829,,,,,,,,
1934,2.9942,,,,,,,,
1935,2.7019,,,,,,,,
1936,2.9042,,,,,,,,
1937,3.3222,,,,,,,,
1938,2.5571,,,,,,,,
1939,2.7966,,,,,,,,
1940,2.6196,,,,,,,,
1941,2.7308,,,,,,,,
1942,2.9775,,,,,,,,
1943,3.3016,,,,,,,,
1944,2.8529,,,,,,,,
1945,2.7226,,,,,,,,
1946,2.9276,,,,,,,,
1947,2.8014,,,,,,,,
1948,3.4181,,,,,,,,
1949,3.3359,,,,,,,,
1950,3.0853,,,,,,,,
1951,2.5234,,,,,,,,
1952,2.8833,,,,,,,,
1953,2.8695,,,,,,,,
1954,2.7388,,,,,,,,
1955,3.0526,,,,,,,,
1956,2.5062,,,,,,,,
1957,2.6624,,,,,,,,
1958,2.9164,,,,,,,,
1959,2.8594,,,,,,,,
1960,2.8782,,,,,,,,
1961,2.6707,,,,,,,,
1962,2.8239,,,,,,,,
1963,2.8812,,,,,,,,
1964,3.3583,,,,,,,,
1965,2.794,,,,,,,,
1966,2.7383,,,,,,,,
1967,2.728,,,,,,,,
1968,3.1117,,,,,,,,
1969,3.5442,,,,,,,,
1970,2.9843,,,,,,,,
1971,2.7743,,,,,,,,
1972,2.8636,,,,,,,,
1973,3.0423,,,,,,,,
1974,3.3041,,,,,,,,
1975,3.0662,,,,,,,,
1976,2.8614,,,,,,,,
1977,2.6966,,,,,,,,
1978,3.0002,,,,,,,,
1979,3.1607,,,,,,,,
1980,2.6813,,,,,,,,
1981,2.9784,,,,,,,,
1982,2.8031,,,,,,,,
1983,2.7963,,,,,,,,
1984,2.853,,,,,,,,
1985,2.8969,,,,,,,,
1986,2.6887,,,,,,,,
1987,2.5563,,,,,,,,
1988,2.7656,,,,,,,,
1989,2.6129,,,,,,,,
1990,2.685,,,,,,,,
1991,3.0438,,,,,,,,
1992,2.9021,,,,,,,,
1993,2.6357,,,,,,,,
1994,2.9506,,,,,,,,
1995,3.2191,,,,,,,,
1996,3.0725,,,,,,,,
1997,2.8049,,,,,,,,
1998,2.7512,,,,,,,,
1999,2.5827,,,,,,,,
2000,2.7998,,,,,,,,
2001,2.6738,,,,,,,,
2002,2.7,,,,,,,,
2003,3.0191,,,,,,,,
2004,3.1494,,,,,,,,
2005,2.6809,,,,,,,,
2006,2.5539,,,,,,,,
2007,2.7865,,,,,,,,
2008,2.6328,,,,,,,,
2009,2.737,,,,,,,,
2010,2.5145,,,,,,,,
2011,2.6123,,,,,,,,
2012,2.6728,,,,,,,,
2013,3.1603,,,,,,,,
2014,2.8192,,,,,,,,
2015,2.8635,,,,,,,,
2016,2.6599,,,,,,,,
2017,2.7197,,,,,,,,
2018,3.2632,,,,,,,,
2019,3.5062,,,,,,,,
2020,2.6279,,,,,,,,
2021,2.7043,,,,,,,,
2022,2.5729,,,,,,,,
2023,2.6043,,,,,,,,
2024,2.9131,,,,,,,,
2025,2.5754,,,,,,,,
2026,2.8158,,,,,,,,
2027,2.7269,,,,,,,,
2028,2.7984,,,,,,,,
2029,3.3599,,,,,,,,
2030,2.8239,,,,,,,,
2031,2.598,,,,,,,,
2032,2.8206,,,,,,,,
2033,2.7848,,,,,,,,
2034,3.2329,,,,,,,,
2035,3.6475,,,,,,,,
2036,3.1536,,,,,,,,
2037,2.6718,,,,,,,,
2038,2.9139,,,,,,,,
2039,3.2306,,,,,,,,
2040,3.2717,,,,,,,,
2041,3.0009,,,,,,,,
2042,2.8357,,,,,,,,
2043,2.9697,,,,,,,,
2044,2.8127,,,,,,,,
2045,3.6293,,,,,,,,
2046,2.6224,,,,,,,,
2047,3.0747,,,,,,,,
2048,2.9357,,,,,,,,
2049,2.9041,,,,,,,,
2050,3.0231,,,,,,,,
2051,2.84,,,,,,,,
2052,2.7352,,,,,,,,
2053,2.6552,,,,,,,,
2054,2.6832,,,,,,,,
2055,2.6567,,,,,,,,
2056,2.9863,,,,,,,,
2057,2.6443,,,,,,,,
2058,2.6925,,,,,,,,
2059,2.7314,,,,,,,,
2060,2.6633,,,,,,,,
2061,2.6122,,,,,,,,
2062,3.2623,,,,,,,,
2063,2.8157,,,,,,,,
2064,3.0906,,,,,,,,
2065,2.7221,,,,,,,,
2066,4.2629,,,,,,,,
2067,3.6589,,,,,,,,
2068,2.7974,,,,,,,,
2069,2.6919,,,,,,,,
2070,2.6596,,,,,,,,
2071,2.8568,,,,,,,,
2072,3.0762,,,,,,,,
2073,2.8913,,,,,,,,
2074,2.7442,,,,,,,,
2075,2.9134,,,,,,,,
2076,2.9728,,,,,,,,
2077,3.0278,,,,,,,,
2078,2.8544,,,,,,,,
2079,2.8328,,,,,,,,
2080,3.0372,,,,,,,,
2081,2.9788,,,,,,,,
2082,2.8919,,,,,,,,
2083,2.8235,,,,,,,,
2084,2.6375,,,,,,,,
2085,2.8108,,,,,,,,
2086,2.9073,,,,,,,,
2087,2.8594,,,,,,,,
2088,2.9499,,,,,,,,
2089,2.6627,,,,,,,,
2090,2.879,,,,,,,,
2091,2.8428,,,,,,,,
2092,2.7647,,,,,,,,
2093,2.8972,,,,,,,,
2094,2.9356,,,,,,,,
2095,2.8153,,,,,,,,
2096,2.8957,,,,,,,,
2097,2.7055,,,,,,,,
2098,2.6554,,,,,,,,
2099,2.9457,,,,,,,,
2100,2.6608,,,,,,,,
2101,2.7463,,,,,,,,
2102,2.7213,,,,,,,,
2103,2.6688,,,,,,,,
2104,2.8404,,,,,,,,
2105,2.8317,,,,,,,,
2106,2.7921,,,,,,,,
2107,2.7342,,,,,,,,
2108,2.6798,,,,,,,,
2109,2.6976,,,,,,,,
2110,2.7543,,,,,,,,
2111,2.7843,,,,,,,,
2112,2.7896,,,,,,,,
2113,2.4906,,,,,,,,
2114,2.6673,,,,,,,,
2115,2.7285,,,,,,,,
2116,3.0458,,,,,,,,
2117,2.7048,,,,,,,,
2118,2.6069,,,,,,,,
2119,2.7025,,,,,,,,
2120,2.5562,,,,,,,,
2121,2.6131,,,,,,,,
2122,2.7346,,,,,,,,
2123,2.6205,,,,,,,,
2124,2.7296,,,,,,,,
2125,2.7029,,,,,,,,
2126,2.755,,,,,,,,
2127,2.6832,,,,,,,,
2128,2.9518,,,,,,,,
2129,2.5288,,,,,,,,
2130,2.8258,,,,,,,,
2131,3.0732,,,,,,,,
2132,2.6847,,,,,,,,
2133,3.2995,,,,,,,,
2134,2.6798,,,,,,,,
2135,2.8576,,,,,,,,
2136,2.8373,,,,,,,,
2137,2.6649,,,,,,,,
2138,2.7956,,,,,,,,
2139,2.6765,,,,,,,,
2140,2.8504,,,,,,,,
2141,2.8994,,,,,,,,
2142,2.6838,,,,,,,,
2143,2.7541,,,,,,,,
2144,2.7781,,,,,,,,
2145,2.5601,,,,,,,,
2146,2.8019,,,,,,,,
2147,2.8543,,,,,,,,
2148,2.8917,,,,,,,,
2149,2.7767,,,,,,,,
2150,2.6653,,,,,,,,
2151,2.6836,,,,,,,,
2152,2.5796,,,,,,,,
2153,2.5633,,,,,,,,
2154,2.8092,,,,,,,,
2155,2.7573,,,,,,,,
2156,3.087,,,,,,,,
2157,2.7599,,,,,,,,
2158,2.6702,,,,,,,,
2159,2.8544,,,,,,,,
2160,2.8943,,,,,,,,
2161,2.7244,,,,,,,,
2162,2.8446,,,,,,,,
2163,2.703,,,,,,,,
2164,2.8899,,,,,,,,
2165,2.8035,,,,,,,,
2166,2.8172,,,,,,,,
2167,2.7336,,,,,,,,
2168,2.738,,,,,,,,
2169,2.6914,,,,,,,,
2170,2.6836,,,,,,,,
2171,2.7458,,,,,,,,
2172,2.5832,,,,,,,,
2173,3.0667,,,,,,,,
2174,2.9228,,,,,,,,
2175,2.7939,,,,,,,,
2176,3.0892,,,,,,,,
2177,2.8081,,,,,,,,
2178,2.92,,,,,,,,
2179,2.8522,,,,,,,,
2180,2.8808,,,,,,,,
2181,2.7515,,,,,,,,
2182,2.7126,,,,,,,,
2183,2.8859,,,,,,,,
2184,2.8508,,,,,,,,
2185,3.5053,,,,,,,,
2186,2.6519,,,,,,,,
2187,2.6438,,,,,,,,
2188,2.771,,,,,,,,
2189,2.9386,,,,,,,,
2190,2.6665,,,,,,,,
2191,2.7651,,,,,,,,
2192,2.6934,,,,,,,,
2193,2.84,,,,,,,,
2194,2.8343,,,,,,,,
2195,3.3122,,,,,,,,
2196,2.6802,,,,,,,,
2197,2.6337,,,,,,,,
2198,2.7595,,,,,,,,
2199,2.7256,,,,,,,,
2200,3.0257,,,,,,,,
2201,2.7682,,,,,,,,
2202,2.6767,,,,,,,,
2203,2.76,,,,,,,,
2204,3.312,,,,,,,,
2205,2.9219,,,,,,,,
2206,2.7384,,,,,,,,
2207,2.6611,,,,,,,,
2208,2.5584,,,,,,,,
2209,2.8151,,,,,,,,
2210,2.864,,,,,,,,
2211,2.7166,,,,,,,,
2212,2.6573,,,,,,,,
2213,2.759,,,,,,,,
2214,2.7296,,,,,,,,
2215,2.9095,,,,,,,,
2216,2.7264,,,,,,,,
2217,3.1472,,,,,,,,
2218,2.7299,,,,,,,,
2219,2.7591,,,,,,,,
2220,2.9404,,,,,,,,
2221,2.7452,,,,,,,,
2222,2.6978,,,,,,,,
2223,2.7123,,,,,,,,
2224,2.7336,,,,,,,,
2225,3.0154,,,,,,,,
2226,2.567,,,,,,,,
2227,2.68,,,,,,,,
2228,2.8435,,,,,,,,
2229,2.6777,,,,,,,,
2230,2.9484,,,,,,,,
2231,2.8217,,,,,,,,
2232,2.617,,,,,,,,
2233,2.5794,,,,,,,,
2234,3.0717,,,,,,,,
2235,2.7365,,,,,,,,
2236,2.7478,,,,,,,,
2237,2.7547,,,,,,,,
2238,2.5703,,,,,,,,
2239,2.8813,,,,,,,,
2240,2.7554,,,,,,,,
2241,2.7657,,,,,,,,
2242,2.6619,,,,,,,,
2243,2.7544,,,,,,,,
2244,2.7285,,,,,,,,
2245,2.8552,,,,,,,,
2246,2.8428,,,,,,,,
2247,2.8296,,,,,,,,
2248,2.686,,,,,,,,
2249,2.7466,,,,,,,,
2250,2.7993,,,,,,,,
2251,2.809,,,,,,,,
2252,2.7457,,,,,,,,
2253,2.777,,,,,,,,
2254,2.7856,,,,,,,,
2255,2.7546,,,,,,,,
2256,3.4882,,,,,,,,
2257,2.6591,,,,,,,,
2258,2.7819,,,,,,,,
2259,2.7682,,,,,,,,
2260,2.7667,,,,,,,,
2261,3.009,,,,,,,,
2262,3.4199,,,,,,,,
2263,2.5203,,,,,,,,
2264,2.6679,,,,,,,,
2265,2.6634,,,,,,,,
2266,2.6723,,,,,,,,
2267,2.7335,,,,,,,,
2268,2.7662,,,,,,,,
2269,2.6513,,,,,,,,
2270,3.0481,,,,,,,,
2271,3.1355,,,,,,,,
2272,3.0835,,,,,,,,
2273,2.8384,,,,,,,,
2274,2.8538,,,,,,,,
2275,2.7872,,,,,,,,
2276,2.7825,,,,,,,,
2277,3.2979,,,,,,,,
2278,3.32,,,,,,,,
2279,2.8608,,,,,,,,
2280,2.7228,,,,,,,,
2281,2.8595,,,,,,,,
2282,2.8984,,,,,,,,
2283,2.7522,,,,,,,,
2284,2.7684,,,,,,,,
2285,2.6412,,,,,,,,
2286,2.7864,,,,,,,,
2287,3.4823,,,,,,,,
2288,2.9587,,,,,,,,
2289,2.659,,,,,,,,
2290,2.6979,,,,,,,,
2291,2.7899,,,,,,,,
2292,2.8297,,,,,,,,
2293,3.1082,,,,,,,,
2294,2.6379,,,,,,,,
2295,2.7939,,,,,,,,
2296,2.8099,,,,,,,,
2297,2.703,,,,,,,,
2298,2.7345,,,,,,,,
2299,2.747,,,,,,,,
2300,2.656,,,,,,,,
2301,2.6952,,,,,,,,
2302,2.6156,,,,,,,,
2303,2.8005,,,,,,,,
2304,2.6965,,,,,,,,
2305,3.365,,,,,,,,
2306,2.807,,,,,,,,
2307,2.7801,,,,,,,,
2308,3.3125,,,,,,,,
2309,2.935,,,,,,,,
2310,2.8141,,,,,,,,
2311,2.8488,,,,,,,,
2312,3.0569,,,,,,,,
2313,2.8102,,,,,,,,
2314,2.7085,,,,,,,,
2315,2.6946,,,,,,,,
2316,2.9315,,,,,,,,
2317,2.7723,,,,,,,,
2318,2.69,,,,,,,,
2319,2.7306,,,,,,,,
2320,2.6016,,,,,,,,
2321,3.2782,,,,,,,,
2322,2.9253,,,,,,,,
2323,2.7295,,,,,,,,
2324,2.6841,,,,,,,,
2325,2.7397,,,,,,,,
2326,2.5045,,,,,,,,
2327,2.7753,,,,,,,,
2328,2.741,,,,,,,,
2329,2.514,,,,,,,,
2330,2.7564,,,,,,,,
2331,2.5254,,,,,,,,
2332,3.0968,,,,,,,,
2333,3.0994,,,,,,,,
2334,2.8912,,,,,,,,
2335,2.8875,,,,,,,,
2336,2.6952,,,,,,,,
2337,2.9078,,,,,,,,
2338,3.5793,,,,,,,,
2339,2.9933,,,,,,,,
2340,2.7259,,,,,,,,
2341,2.7223,,,,,,,,
2342,2.5587,,,,,,,,
2343,3.0329,,,,,,,,
2344,2.7657,,,,,,,,
2345,2.6945,,,,,,,,
2346,2.8229,,,,,,,,
2347,2.5448,,,,,,,,
2348,2.5749,,,,,,,,
2349,3.2314,,,,,,,,
2350,2.741,,,,,,,,
2351,2.7854,,,,,,,,
2352,2.7265,,,,,,,,
2353,2.9114,,,,,,,,
2354,3.0608,,,,,,,,
2355,2.6886,,,,,,,,
2356,2.8,,,,,,,,
2357,2.7523,,,,,,,,
2358,2.8645,,,,,,,,
2359,2.9403,,,,,,,,
2360,3.2117,,,,,,,,
2361,2.8495,,,,,,,,
2362,2.8191,,,,,,,,
2363,2.894,,,,,,,,
2364,2.7836,,,,,,,,
2365,3.4005,,,,,,,,
2366,2.6496,,,,,,,,
2367,2.7095,,,,,,,,
2368,2.8388,,,,,,,,
2369,2.9521,,,,,,,,
2370,3.3691,,,,,,,,
2371,3.1722,,,,,,,,
2372,2.7316,,,,,,,,
2373,2.9388,,,,,,,,
2374,2.5689,,,,,,,,
2375,2.9695,,,,,,,,
2376,3.587,,,,,,,,
2377,2.912,,,,,,,,
2378,2.7753,,,,,,,,
2379,2.7764,,,,,,,,
2380,2.7962,,,,,,,,
2381,3.3299,,,,,,,,
2382,2.7793,,,,,,,,
2383,2.5942,,,,,,,,
2384,2.7407,,,,,,,,
2385,2.9849,,,,,,,,
2386,3.127,,,,,,,,
2387,2.8172,,,,,,,,
2388,2.7835,,,,,,,,
2389,2.841,,,,,,,,
2390,2.8861,,,,,,,,
2391,2.9705,,,,,,,,
2392,3.1269,,,,,,,,
2393,2.8096,,,,,,,,
2394,2.7568,,,,,,,,
2395,2.8683,,,,,,,,
2396,2.8354,,,,,,,,
2397,3.0972,,,,,,,,
2398,2.9293,,,,,,,,
2399,3.0698,,,,,,,,
2400,2.8518,,,,,,,,
2401,2.877,,,,,,,,
2402,2.8787,,,,,,,,
2403,3.1961,,,,,,,,
2404,2.8474,,,,,,,,
2405,2.6839,,,,,,,,
2406,2.7383,,,,,,,,
2407,2.6131,,,,,,,,
2408,2.7175,,,,,,,,
2409,2.7516,,,,,,,,
2410,2.9332,,,,,,,,
2411,2.8877,,,,,,,,
2412,2.6521,,,,,,,,
2413,3.2612,,,,,,,,
2414,3.1539,,,,,,,,
2415,2.8083,,,,,,,,
2416,2.9188,,,,,,,,
2417,2.8002,,,,,,,,
2418,3.0795,,,,,,,,
2419,2.9365,,,,,,,,
2420,3.0428,,,,,,,,
2421,3.1303,,,,,,,,
2422,2.8668,,,,,,,,
2423,2.9169,,,,,,,,
2424,3.3228,,,,,,,,
2425,2.7655,,,,,,,,
2426,3.008,,,,,,,,
2427,4.8146,,,,,,,,
2428,3.1763,,,,,,,,
2429,2.5995,,,,,,,,
2430,2.8933,,,,,,,,
2431,2.8187,,,,,,,,
2432,2.6964,,,,,,,,
2433,2.9414,,,,,,,,
2434,2.7311,,,,,,,,
2435,2.8296,,,,,,,,
2436,2.787,,,,,,,,
2437,2.7005,,,,,,,,
2438,2.8452,,,,,,,,
2439,2.9423,,,,,,,,
2440,2.885,,,,,,,,
2441,2.8081,,,,,,,,
2442,2.8585,,,,,,,,
2443,2.9278,,,,,,,,
2444,3.1346,,,,,,,,
2445,2.9106,,,,,,,,
2446,2.9981,,,,,,,,
2447,2.8546,,,,,,,,
2448,2.9449,,,,,,,,
2449,3.3151,,,,,,,,
2450,2.8895,,,,,,,,
2451,2.9467,,,,,,,,
2452,2.7615,,,,,,,,
2453,2.8593,,,,,,,,
2454,3.0017,,,,,,,,
2455,3.1493,,,,,,,,
2456,2.8553,,,,,,,,
2457,2.8073,,,,,,,,
2458,2.9107,,,,,,,,
2459,3.2505,,,,,,,,
2460,3.2829,,,,,,,,
2461,3.1609,,,,,,,,
2462,3.0916,,,,,,,,
2463,2.9876,,,,,,,,
2464,3.117,,,,,,,,
2465,3.1301,,,,,,,,
2466,3.1563,,,,,,,,
2467,3.067,,,,,,,,
2468,2.9124,,,,,,,,
2469,3.4442,,,,,,,,
2470,3.2222,,,,,,,,
2471,3.4561,,,,,,,,
2472,2.938,,,,,,,,
2473,3.2234,,,,,,,,
2474,3.3063,,,,,,,,
2475,3.1199,,,,,,,,
2476,3.1255,,,,,,,,
2477,2.8402,,,,,,,,
2478,2.9159,,,,,,,,
2479,3.4185,,,,,,,,
2480,3.1319,,,,,,,,
2481,3.2857,,,,,,,,
2482,3.066,,,,,,,,
2483,2.8853,,,,,,,,
2484,3.3192,,,,,,,,
2485,3.1383,,,,,,,,
2486,3.2042,,,,,,,,
2487,3.1276,,,,,,,,
2488,3.0234,,,,,,,,
2489,3.1828,,,,,,,,
2490,3.1346,,,,,,,,
2491,2.9034,,,,,,,,
2492,3.0245,,,,,,,,
2493,3.1276,,,,,,,,
2494,3.5652,,,,,,,,
2495,2.8864,,,,,,,,
2496,3.1601,,,,,,,,
2497,3.0861,,,,,,,,
2498,3.2351,,,,,,,,
2499,3.5095,,,,,,,,
2500,3.1478,,,,,,,,
2501,2.9228,,,,,,,,
2502,3.0136,,,,,,,,
2503,3.2117,,,,,,,,
2504,3.3438,,,,,,,,
2505,2.9696,,,,,,,,
2506,2.8687,,,,,,,,
2507,2.8442,,,,,,,,
2508,2.9746,,,,,,,,
2509,3.2585,,,,,,,,
2510,2.9193,,,,,,,,
2511,2.7863,,,,,,,,
2512,2.8846,,,,,,,,
2513,3.0352,,,,,,,,
2514,3.137,,,,,,,,
2515,3.0101,,,,,,,,
2516,2.8011,,,,,,,,
2517,2.8807,,,,,,,,
2518,3.4601,,,,,,,,
2519,3.3449,,,,,,,,
2520,2.9121,,,,,,,,
2521,3.0874,,,,,,,,
2522,3.2099,,,,,,,,
2523,2.7846,,,,,,,,
2524,3.1646,,,,,,,,
2525,2.9145,,,,,,,,
2526,2.9963,,,,,,,,
2527,3.2881,,,,,,,,
2528,2.9209,,,,,,,,
2529,3.1383,,,,,,,,
2530,3.0743,,,,,,,,
2531,2.9361,,,,,,,,
2532,3.1098,,,,,,,,
2533,2.9778,,,,,,,,
2534,3.2742,,,,,,,,
2535,3.0275,,,,,,,,
2536,2.9372,,,,,,,,
2537,3.2103,,,,,,,,
2538,3.0401,,,,,,,,
2539,3.2395,,,,,,,,
2540,2.8616,,,,,,,,
2541,2.854,,,,,,,,
2542,3.0575,,,,,,,,
2543,2.8998,,,,,,,,
2544,2.9831,,,,,,,,
2545,3.0112,,,,,,,,
2546,2.8453,,,,,,,,
2547,2.9169,,,,,,,,
2548,2.9563,,,,,,,,
2549,3.2051,,,,,,,,
2550,3.1167,,,,,,,,
2551,2.9927,,,,,,,,
2552,2.8521,,,,,,,,
2553,2.9213,,,,,,,,
2554,3.0613,,,,,,,,
2555,2.9774,,,,,,,,
2556,2.9723,,,,,,,,
2557,2.902,,,,,,,,
2558,2.9968,,,,,,,,
2559,2.8578,,,,,,,,
2560,3.136,,,,,,,,
2561,2.7839,,,,,,,,
2562,2.8925,,,,,,,,
2563,2.9804,,,,,,,,
2564,3.1046,,,,,,,,
2565,3.0024,,,,,,,,
2566,2.9693,,,,,,,,
2567,2.9466,,,,,,,,
2568,2.9349,,,,,,,,
2569,2.9416,,,,,,,,
2570,3.4662,,,,,,,,
2571,3.4331,,,,,,,,
2572,2.8243,,,,,,,,
2573,2.9038,,,,,,,,
2574,2.8896,,,,,,,,
2575,3.0602,,,,,,,,
2576,2.8114,,,,,,,,
2577,2.8312,,,,,,,,
2578,2.8131,,,,,,,,
2579,2.9981,,,,,,,,
2580,3.3341,,,,,,,,
2581,3.2788,,,,,,,,
2582,2.9456,,,,,,,,
2583,2.8751,,,,,,,,
2584,2.956,,,,,,,,
2585,3.3173,,,,,,,,
2586,2.9128,,,,,,,,
2587,2.9861,,,,,,,,
2588,3.0405,,,,,,,,
2589,2.8971,,,,,,,,
2590,2.6152,,,,,,,,
2591,3.0476,,,,,,,,
2592,2.8369,,,,,,,,
2593,2.8997,,,,,,,,
2594,2.9993,,,,,,,,
2595,2.7092,,,,,,,,
2596,3.0072,,,,,,,,
2597,2.9197,,,,,,,,
2598,2.7952,,,,,,,,
2599,2.7846,,,,,,,,
2600,2.747,,,,,,,,
2601,2.8279,,,,,,,,
2602,2.6991,,,,,,,,
2603,2.7373,,,,,,,,
2604,2.7565,,,,,,,,
2605,2.8103,,,,,,,,
2606,2.7281,,,,,,,,
2607,2.9129,,,,,,,,
2608,2.6862,,,,,,,,
2609,2.8467,,,,,,,,
2610,2.7008,,,,,,,,
2611,2.6661,,,,,,,,
2612,3.0751,,,,,,,,
2613,3.4824,,,,,,,,
2614,2.8471,,,,,,,,
2615,3.0706,,,,,,,,
2616,2.7485,,,,,,,,
2617,2.7642,,,,,,,,
2618,2.8322,,,,,,,,
2619,2.7785,,,,,,,,
2620,2.9617,,,,,,,,
2621,2.9717,,,,,,,,
2622,2.7569,,,,,,,,
2623,3.0601,,,,,,,,
2624,2.6373,,,,,,,,
2625,2.7451,,,,,,,,
2626,2.7639,,,,,,,,
2627,2.7092,,,,,,,,
2628,2.891,,,,,,,,
2629,2.7847,,,,,,,,
2630,2.6959,,,,,,,,
2631,2.8009,,,,,,,,
2632,2.7819,,,,,,,,
2633,2.7369,,,,,,,,
2634,3.7977,,,,,,,,
2635,2.903,,,,,,,,
2636,2.9621,,,,,,,,
2637,2.9266,,,,,,,,
2638,2.9302,,,,,,,,
2639,3.0561,,,,,,,,
2640,2.7836,,,,,,,,
2641,2.8518,,,,,,,,
2642,2.7415,,,,,,,,
2643,2.7663,,,,,,,,
2644,3.0591,,,,,,,,
2645,3.9428,,,,,,,,
2646,3.0856,,,,,,,,
2647,2.7138,,,,,,,,
2648,2.8672,,,,,,,,
2649,2.9576,,,,,,,,
2650,2.7448,,,,,,,,
2651,2.7704,,,,,,,,
2652,2.6934,,,,,,,,
2653,2.7419,,,,,,,,
2654,2.7869,,,,,,,,
2655,3.2824,,,,,,,,
2656,2.9333,,,,,,,,
2657,2.7856,,,,,,,,
2658,2.6997,,,,,,,,
2659,2.9032,,,,,,,,
2660,2.8403,,,,,,,,
2661,2.7188,,,,,,,,
2662,2.8706,,,,,,,,
2663,2.7455,,,,,,,,
2664,2.7808,,,,,,,,
2665,2.8326,,,,,,,,
2666,2.9264,,,,,,,,
2667,2.8002,,,,,,,,
2668,2.7001,,,,,,,,
2669,2.7741,,,,,,,,
2670,2.7651,,,,,,,,
2671,2.8513,,,,,,,,
2672,2.9944,,,,,,,,
2673,2.7269,,,,,,,,
2674,2.8407,,,,,,,,
2675,2.8894,,,,,,,,
2676,2.7713,,,,,,,,
2677,3.449,,,,,,,,
2678,2.5449,,,,,,,,
2679,2.7007,,,,,,,,
2680,2.6472,,,,,,,,
2681,2.7235,,,,,,,,
2682,2.9028,,,,,,,,
2683,3.2806,,,,,,,,
2684,3.0829,,,,,,,,
2685,2.7227,,,,,,,,
2686,2.7799,,,,,,,,
2687,2.6723,,,,,,,,
2688,3.0648,,,,,,,,
2689,2.818,,,,,,,,
2690,2.9097,,,,,,,,
2691,2.8844,,,,,,,,
2692,2.8293,,,,,,,,
2693,2.8713,,,,,,,,
2694,2.5523,,,,,,,,
2695,2.9687,,,,,,,,
2696,2.8085,,,,,,,,
2697,2.7316,,,,,,,,
2698,2.6888,,,,,,,,
2699,3.0438,,,,,,,,
2700,2.7695,,,,,,,,
2701,2.976,,,,,,,,
2702,2.7962,,,,,,,,
2703,2.5953,,,,,,,,
2704,2.7259,,,,,,,,
2705,2.5343,,,,,,,,
2706,2.6875,,,,,,,,
2707,2.6324,,,,,,,,
2708,2.5399,,,,,,,,
2709,2.7194,,,,,,,,
2710,3.3433,,,,,,,,
2711,2.7668,,,,,,,,
2712,2.8952,,,,,,,,
2713,3.7301,,,,,,,,
2714,4.4958,,,,,,,,
2715,3.7922,,,,,,,,
2716,2.8185,,,,,,,,
2717,2.7051,,,,,,,,
2718,2.6559,,,,,,,,
2719,2.7271,,,,,,,,
2720,3.004,,,,,,,,
2721,3.0811,,,,,,,,
2722,2.7265,,,,,,,,
2723,2.8095,,,,,,,,
2724,2.5402,,,,,,,,
2725,2.7477,,,,,,,,
2726,2.7483,,,,,,,,
2727,2.6606,,,,,,,,
2728,2.6691,,,,,,,,
2729,2.5685,,,,,,,,
2730,2.5878,,,,,,,,
2731,3.0206,,,,,,,,
2732,4.3012,,,,,,,,
2733,2.6968,,,,,,,,
2734,2.9385,,,,,,,,
2735,2.7144,,,,,,,,
2736,2.7745,,,,,,,,
2737,3.3201,,,,,,,,
2738,2.8567,,,,,,,,
2739,2.9756,,,,,,,,
2740,2.8217,,,,,,,,
2741,2.6808,,,,,,,,
2742,3.3657,,,,,,,,
2743,3.0163,,,,,,,,
2744,2.8787,,,,,,,,
2745,2.7118,,,,,,,,
2746,2.6162,,,,,,,,
2747,3.1823,,,,,,,,
2748,3.3203,,,,,,,,
2749,3.5028,,,,,,,,
2750,2.7013,,,,,,,,
2751,2.6489,,,,,,,,
2752,2.7188,,,,,,,,
2753,3.5234,,,,,,,,
2754,2.7719,,,,,,,,
2755,2.726,,,,,,,,
2756,2.816,,,,,,,,
2757,2.7181,,,,,,,,
2758,3.6304,,,,,,,,
2759,3.2462,,,,,,,,
2760,2.8131,,,,,,,,
2761,2.6924,,,,,,,,
2762,2.6739,,,,,,,,
2763,3.1872,,,,,,,,
2764,3.2806,,,,,,,,
2765,2.707,,,,,,,,
2766,2.6662,,,,,,,,
2767,2.7219,,,,,,,,
2768,2.6077,,,,,,,,
2769,2.8794,,,,,,,,
2770,2.7975,,,,,,,,
2771,2.8708,,,,,,,,
2772,2.7153,,,,,,,,
2773,2.7108,,,,,,,,
2774,3.1791,,,,,,,,
2775,2.8987,,,,,,,,
2776,2.894,,,,,,,,
2777,2.7681,,,,,,,,
2778,2.8555,,,,,,,,
2779,2.9391,,,,,,,,
2780,3.0149,,,,,,,,
2781,2.9099,,,,,,,,
2782,2.6034,,,,,,,,
2783,2.7217,,,,,,,,
2784,2.8073,,,,,,,,
2785,3.2091,,,,,,,,
2786,2.6636,,,,,,,,
2787,2.7954,,,,,,,,
2788,2.9638,,,,,,,,
2789,2.8156,,,,,,,,
2790,3.3835,,,,,,,,
2791,2.6381,,,,,,,,
2792,2.9655,,,,,,,,
2793,3.0126,,,,,,,,
2794,3.0069,,,,,,,,
2795,3.8405,,,,,,,,
2796,2.9477,,,,,,,,
2797,2.6964,,,,,,,,
2798,2.9374,,,,,,,,
2799,3.1386,,,,,,,,
2800,3.1082,,,,,,,,
2801,2.8808,,,,,,,,
2802,2.826,,,,,,,,
2803,2.8244,,,,,,,,
2804,2.9865,,,,,,,,
2805,2.7039,,,,,,,,
2806,2.8561,,,,,,,,
2807,2.6528,,,,,,,,
2808,3.2239,,,,,,,,
2809,2.8635,,,,,,,,
2810,2.7485,,,,,,,,
2811,3.2832,,,,,,,,
2812,2.6731,,,,,,,,
2813,2.6137,,,,,,,,
2814,2.5893,,,,,,,,
2815,2.7728,,,,,,,,
2816,2.694,,,,,,,,
2817,3.2319,,,,,,,,
2818,2.6376,,,,,,,,
2819,2.5454,,,,,,,,
2820,2.6951,,,,,,,,
2821,2.6231,,,,,,,,
2822,2.637,,,,,,,,
2823,3.1913,,,,,,,,
2824,2.681,,,,,,,,
2825,2.7625,,,,,,,,
2826,2.6581,,,,,,,,
2827,2.6862,,,,,,,,
2828,3.2927,,,,,,,,
2829,2.8477,,,,,,,,
2830,3.015,,,,,,,,
2831,3.1785,,,,,,,,
2832,2.6929,,,,,,,,
2833,3.0614,,,,,,,,
2834,3.1149,,,,,,,,
2835,2.7867,,,,,,,,
2836,2.7645,,,,,,,,
2837,2.6878,,,,,,,,
2838,2.7035,,,,,,,,
2839,3.0803,,,,,,,,
2840,3.2326,,,,,,,,
2841,2.8708,,,,,,,,
2842,2.5859,,,,,,,,
2843,2.8551,,,,,,,,
2844,3.1213,,,,,,,,
2845,2.7551,,,,,,,,
2846,2.7555,,,,,,,,
2847,2.7707,,,,,,,,
2848,2.683,,,,,,,,
2849,2.9529,,,,,,,,
2850,2.9519,,,,,,,,
2851,2.7224,,,,,,,,
2852,2.8392,,,,,,,,
2853,2.7464,,,,,,,,
2854,3.0635,,,,,,,,
2855,2.9282,,,,,,,,
2856,2.7494,,,,,,,,
2857,2.8521,,,,,,,,
2858,2.6871,,,,,,,,
2859,2.8669,,,,,,,,
2860,2.8213,,,,,,,,
2861,3.3696,,,,,,,,
2862,2.8635,,,,,,,,
2863,2.6169,,,,,,,,
2864,2.8953,,,,,,,,
2865,3.0411,,,,,,,,
2866,2.9181,,,,,,,,
2867,2.9785,,,,,,,,
2868,2.8398,,,,,,,,
2869,3.0483,,,,,,,,
2870,3.0005,,,,,,,,
2871,3.1508,,,,,,,,
2872,2.856,,,,,,,,
2873,2.9918,,,,,,,,
2874,3.9184,,,,,,,,
2875,3.1315,,,,,,,,
2876,3.2408,,,,,,,,
2877,3.143,,,,,,,,
2878,3.0102,,,,,,,,
2879,3.4235,,,,,,,,
2880,2.9879,,,,,,,,
2881,3.3568,,,,,,,,
2882,3.1661,,,,,,,,
2883,2.8878,,,,,,,,
2884,3.0228,,,,,,,,
2885,3.2044,,,,,,,,
2886,3.369,,,,,,,,
2887,3.3221,,,,,,,,
2888,3.0061,,,,,,,,
2889,2.9867,,,,,,,,
2890,3.7567,,,,,,,,
2891,3.3848,,,,,,,,
2892,3.2867,,,,,,,,
2893,3.3845,,,,,,,,
2894,3.4202,,,,,,,,
2895,3.6924,,,,,,,,
2896,3.4613,,,,,,,,
2897,3.1388,,,,,,,,
2898,2.8855,,,,,,,,
2899,3.0497,,,,,,,,
2900,4.0799,,,,,,,,
2901,3.0253,,,,,,,,
2902,3.0525,,,,,,,,
2903,2.8567,,,,,,,,
2904,2.9807,,,,,,,,
2905,4.2216,,,,,,,,
2906,4.051,,,,,,,,
2907,2.6185,,,,,,,,
2908,2.7459,,,,,,,,
2909,3.0257,,,,,,,,
2910,3.0744,,,,,,,,
2911,2.9349,,,,,,,,
2912,2.8183,,,,,,,,
2913,2.9022,,,,,,,,
2914,2.8282,,,,,,,,
2915,3.1777,,,,,,,,
2916,3.044,,,,,,,,
2917,3.0298,,,,,,,,
2918,2.8414,,,,,,,,
2919,2.8046,,,,,,,,
2920,3.4054,,,,,,,,
2921,3.1141,,,,,,,,
2922,2.7523,,,,,,,,
2923,2.8123,,,,,,,,
2924,2.8684,,,,,,,,
2925,3.1054,,,,,,,,
2926,2.8272,,,,,,,,
2927,2.843,,,,,,,,
2928,2.8035,,,,,,,,
2929,3.0014,,,,,,,,
2930,2.8303,,,,,,,,
2931,2.9688,,,,,,,,
2932,2.7421,,,,,,,,
2933,2.9155,,,,,,,,
2934,3.0227,,,,,,,,
2935,2.8731,,,,,,,,
2936,2.9675,,,,,,,,
2937,2.7926,,,,,,,,
2938,2.8739,,,,,,,,
2939,2.8821,,,,,,,,
2940,2.8947,,,,,,,,
2941,3.3739,,,,,,,,
2942,2.9007,,,,,,,,
2943,2.8528,,,,,,,,
2944,3.0229,,,,,,,,
2945,2.781,,,,,,,,
2946,2.6235,,,,,,,,
2947,2.7304,,,,,,,,
2948,2.4413,,,,,,,,
2949,2.7042,,,,,,,,
2950,2.8906,,,,,,,,
2951,2.8334,,,,,,,,
2952,2.9989,,,,,,,,
2953,3.1494,,,,,,,,
2954,2.7824,,,,,,,,
2955,2.95,,,,,,,,
2956,2.8519,,,,,,,,
2957,2.7698,,,,,,,,
2958,3.0493,,,,,,,,
2959,2.681,,,,,,,,
2960,2.724,,,,,,,,
2961,2.6239,,,,,,,,
2962,3.0498,,,,,,,,
2963,2.713,,,,,,,,
2964,2.77,,,,,,,,
2965,2.7194,,,,,,,,
2966,2.6585,,,,,,,,
2967,2.6909,,,,,,,,
2968,2.7104,,,,,,,,
2969,2.7544,,,,,,,,
2970,2.6852,,,,,,,,
2971,2.5026,,,,,,,,
2972,2.6119,,,,,,,,
2973,2.7656,,,,,,,,
2974,2.5912,,,,,,,,
2975,3.2791,,,,,,,,
2976,2.5076,,,,,,,,
2977,2.5725,,,,,,,,
2978,2.671,,,,,,,,
2979,2.738,,,,,,,,
2980,2.6424,,,,,,,,
2981,2.9164,,,,,,,,
2982,2.7742,,,,,,,,
2983,2.6686,,,,,,,,
2984,2.7669,,,,,,,,
2985,2.5966,,,,,,,,
2986,2.7862,,,,,,,,
2987,2.7949,,,,,,,,
2988,2.9291,,,,,,,,
2989,3.1872,,,,,,,,
2990,2.5037,,,,,,,,
2991,2.5591,,,,,,,,
2992,3.1951,,,,,,,,
2993,2.7921,,,,,,,,
2994,2.7691,,,,,,,,
2995,2.618,,,,,,,,
2996,2.6717,,,,,,,,
2997,3.0529,,,,,,,,
2998,3.2032,,,,,,,,
2999,2.9093,,,,,,,,
3000,2.7687,,,,,,,,
3001,2.8434,,,,,,,,
3002,2.818,,,,,,,,
3003,3.0645,,,,,,,,
3004,2.8407,,,,,,,,
3005,2.7998,,,,,,,,
3006,2.9811,,,,,,,,
3007,2.7141,,,,,,,,
3008,3.0393,,,,,,,,
3009,2.7727,,,,,,,,
3010,2.7358,,,,,,,,
3011,3.5245,,,,,,,,
3012,2.6861,,,,,,,,
3013,2.7475,,,,,,,,
3014,3.0198,,,,,,,,
3015,2.7325,,,,,,,,
3016,2.9267,,,,,,,,
3017,2.9678,,,,,,,,
3018,2.8234,,,,,,,,
3019,3.0879,,,,,,,,
3020,2.6963,,,,,,,,
3021,3.0191,,,,,,,,
3022,2.8905,,,,,,,,
3023,2.9532,,,,,,,,
3024,2.9591,,,,,,,,
3025,2.7561,,,,,,,,
3026,3.0455,,,,,,,,
3027,2.8966,,,,,,,,
3028,2.8773,,,,,,,,
3029,2.6905,,,,,,,,
3030,2.9281,,,,,,,,
3031,2.8898,,,,,,,,
3032,2.9209,,,,,,,,
3033,2.7757,,,,,,,,
3034,2.782,,,,,,,,
3035,3.1918,,,,,,,,
3036,3.0594,,,,,,,,
3037,2.6137,,,,,,,,
3038,2.5977,,,,,,,,
3039,2.6515,,,,,,,,
3040,2.7115,,,,,,,,
3041,3.2447,,,,,,,,
3042,2.8688,,,,,,,,
3043,2.6722,,,,,,,,
3044,2.7882,,,,,,,,
3045,2.7297,,,,,,,,
3046,2.8344,,,,,,,,
3047,2.8894,,,,,,,,
3048,2.7177,,,,,,,,
3049,2.9443,,,,,,,,
3050,2.7028,,,,,,,,
3051,3.0137,,,,,,,,
3052,2.9448,,,,,,,,
3053,2.7224,,,,,,,,
3054,2.7057,,,,,,,,
3055,2.6288,,,,,,,,
3056,2.7866,,,,,,,,
3057,2.9657,,,,,,,,
3058,2.5928,,,,,,,,
3059,2.8505,,,,,,,,
3060,2.7232,,,,,,,,
3061,2.7885,,,,,,,,
3062,2.8681,,,,,,,,
3063,2.7971,,,,,,,,
3064,2.7564,,,,,,,,
3065,2.7384,,,,,,,,
3066,2.8054,,,,,,,,
3067,2.6561,,,,,,,,
3068,2.7939,,,,,,,,
3069,2.8978,,,,,,,,
3070,2.7854,,,,,,,,
3071,2.7737,,,,,,,,
3072,2.7717,,,,,,,,
3073,2.7672,,,,,,,,
3074,2.9712,,,,,,,,
3075,2.803,,,,,,,,
3076,2.7428,,,,,,,,
3077,2.9017,,,,,,,,
3078,2.6551,,,,,,,,
3079,2.8815,,,,,,,,
3080,2.7629,,,,,,,,
3081,2.8074,,,,,,,,
3082,2.8554,,,,,,,,
3083,2.5427,,,,,,,,
3084,2.6397,,,,,,,,
3085,2.9827,,,,,,,,
3086,2.8806,,,,,,,,
3087,2.7802,,,,,,,,
3088,2.8094,,,,,,,,
3089,2.6585,,,,,,,,
3090,2.8619,,,,,,,,
3091,2.7504,,,,,,,,
3092,2.7314,,,,,,,,
3093,2.5955,,,,,,,,
3094,2.7462,,,,,,,,
3095,2.6822,,,,,,,,
3096,2.9227,,,,,,,,
3097,2.9937,,,,,,,,
3098,2.8464,,,,,,,,
3099,2.8377,,,,,,,,
3100,2.6819,,,,,,,,
3101,2.8466,,,,,,,,
3102,2.9763,,,,,,,,
3103,2.689,,,,,,,,
3104,2.9386,,,,,,,,
3105,3.1799,,,,,,,,
3106,2.9328,,,,,,,,
3107,3.5054,,,,,,,,
3108,3.4398,,,,,,,,
3109,2.9472,,,,,,,,
3110,2.9164,,,,,,,,
3111,2.7309,,,,,,,,
3112,2.9349,,,,,,,,
3113,2.7959,,,,,,,,
3114,3.0358,,,,,,,,
3115,2.8627,,,,,,,,
3116,2.922,,,,,,,,
3117,2.9944,,,,,,,,
3118,2.7518,,,,,,,,
3119,2.7744,,,,,,,,
3120,2.7931,,,,,,,,
3121,2.7275,,,,,,,,
3122,2.6645,,,,,,,,
3123,3.0926,,,,,,,,
3124,2.8294,,,,,,,,
3125,2.9842,,,,,,,,
3126,2.9591,,,,,,,,
3127,3.1198,,,,,,,,
3128,3.258,,,,,,,,
3129,2.8504,,,,,,,,
3130,2.9533,,,,,,,,
3131,2.8527,,,,,,,,
3132,2.9418,,,,,,,,
3133,3.1961,,,,,,,,
3134,2.8833,,,,,,,,
3135,2.9038,,,,,,,,
3136,2.8519,,,,,,,,
3137,2.8908,,,,,,,,
3138,3.4073,,,,,,,,
3139,2.7754,,,,,,,,
3140,2.7891,,,,,,,,
3141,2.8404,,,,,,,,
3142,2.8016,,,,,,,,
3143,3.2756,,,,,,,,
3144,3.1404,,,,,,,,
3145,3.044,,,,,,,,
3146,2.9879,,,,,,,,
3147,3.1324,,,,,,,,
3148,3.287,,,,,,,,
3149,3.0568,,,,,,,,
3150,2.8442,,,,,,,,
3151,2.7961,,,,,,,,
3152,2.87,,,,,,,,
3153,2.834,,,,,,,,
3154,3.1947,,,,,,,,
3155,2.9712,,,,,,,,
3156,2.953,,,,,,,,
3157,3.0303,,,,,,,,
3158,2.9421,,,,,,,,
3159,3.062,,,,,,,,
3160,2.9946,,,,,,,,
3161,2.8847,,,,,,,,
3162,2.8388,,,,,,,,
3163,2.9524,,,,,,,,
3164,3.3041,,,,,,,,
3165,3.2792,,,,,,,,
3166,2.8142,,,,,,,,
3167,2.7943,,,,,,,,
3168,2.8643,,,,,,,,
3169,3.0296,,,,,,,,
3170,3.017,,,,,,,,
3171,2.8483,,,,,,,,
3172,2.798,,,,,,,,
3173,2.8947,,,,,,,,
3174,2.8028,,,,,,,,
3175,2.9005,,,,,,,,
3176,2.8825,,,,,,,,
3177,2.7517,,,,,,,,
3178,2.9257,,,,,,,,
3179,2.9899,,,,,,,,
3180,3.2252,,,,,,,,
3181,3.0012,,,,,,,,
3182,2.8713,,,,,,,,
3183,2.768,,,,,,,,
3184,2.8938,,,,,,,,
3185,2.911,,,,,,,,
3186,3.1248,,,,,,,,
3187,2.7126,,,,,,,,
3188,2.8223,,,,,,,,
3189,3.4885,,,,,,,,
3190,3.1156,,,,,,,,
3191,3.372,,,,,,,,
3192,2.7937,,,,,,,,
3193,2.8168,,,,,,,,
3194,2.9915,,,,,,,,
3195,2.9275,,,,,,,,
3196,3.4085,,,,,,,,
3197,2.6561,,,,,,,,
3198,2.8478,,,,,,,,
3199,2.9741,,,,,,,,
3200,2.8126,,,,,,,,
3201,3.3751,,,,,,,,
3202,2.9195,,,,,,,,
3203,3.2022,,,,,,,,
3204,3.0773,,,,,,,,
3205,3.0342,,,,,,,,
3206,3.4164,,,,,,,,
3207,3.1089,,,,,,,,
3208,2.6505,,,,,,,,
3209,2.8407,,,,,,,,
3210,2.8749,,,,,,,,
3211,2.9862,,,,,,,,
3212,3.0093,,,,,,,,
3213,3.0459,,,,,,,,
3214,2.9889,,,,,,,,
3215,3.0688,,,,,,,,
3216,2.6665,,,,,,,,
3217,2.9512,,,,,,,,
3218,2.9708,,,,,,,,
3219,2.8557,,,,,,,,
3220,3.0655,,,,,,,,
3221,2.6814,,,,,,,,
3222,2.9991,,,,,,,,
3223,2.8916,,,,,,,,
3224,2.7693,,,,,,,,
3225,2.9423,,,,,,,,
3226,2.7936,,,,,,,,
3227,3.0512,,,,,,,,
3228,2.9326,,,,,,,,
3229,2.9049,,,,,,,,
3230,2.9208,,,,,,,,
3231,2.6467,,,,,,,,
3232,2.986,,,,,,,,
3233,3.4746,,,,,,,,
3234,2.7011,,,,,,,,
3235,2.7664,,,,,,,,
3236,2.6902,,,,,,,,
3237,2.8552,,,,,,,,
3238,2.8979,,,,,,,,
3239,2.8234,,,,,,,,
3240,2.7632,,,,,,,,
3241,2.8019,,,,,,,,
3242,2.7253,,,,,,,,
3243,2.82,,,,,,,,
3244,3.5829,,,,,,,,
3245,2.8262,,,,,,,,
3246,2.8206,,,,,,,,
3247,2.8472,,,,,,,,
3248,2.7526,,,,,,,,
3249,2.8733,,,,,,,,
3250,2.8451,,,,,,,,
3251,2.8253,,,,,,,,
3252,2.7968,,,,,,,,
3253,2.7606,,,,,,,,
3254,2.7503,,,,,,,,
3255,2.9045,,,,,,,,
3256,2.7943,,,,,,,,
3257,2.8028,,,,,,,,
3258,2.8385,,,,,,,,
3259,2.7326,,,,,,,,
3260,2.9531,,,,,,,,
3261,2.859,,,,,,,,
3262,2.7578,,,,,,,,
3263,2.7914,,,,,,,,
3264,2.792,,,,,,,,
3265,2.8988,,,,,,,,
3266,3.3767,,,,,,,,
3267,3.0136,,,,,,,,
3268,2.969,,,,,,,,
3269,3.0276,,,,,,,,
3270,3.0436,,,,,,,,
3271,3.1769,,,,,,,,
3272,2.8838,,,,,,,,
3273,2.9442,,,,,,,,
3274,2.902,,,,,,,,
3275,3.0596,,,,,,,,
3276,3.3383,,,,,,,,
3277,3.0518,,,,,,,,
3278,2.753,,,,,,,,
3279,2.7961,,,,,,,,
3280,2.7297,,,,,,,,
3281,2.7757,,,,,,,,
3282,2.9587,,,,,,,,
3283,2.833,,,,,,,,
3284,2.7916,,,,,,,,
3285,2.8768,,,,,,,,
3286,2.8221,,,,,,,,
3287,2.9928,,,,,,,,
3288,3.1368,,,,,,,,
3289,2.8083,,,,,,,,
3290,2.7724,,,,,,,,
3291,2.6645,,,,,,,,
3292,2.9911,,,,,,,,
3293,2.9596,,,,,,,,
3294,2.947,,,,,,,,
3295,2.7296,,,,,,,,
3296,2.8593,,,,,,,,
3297,2.6834,,,,,,,,
3298,2.8113,,,,,,,,
3299,2.7346,,,,,,,,
3300,2.8037,,,,,,,,
3301,2.9891,,,,,,,,
3302,2.8217,,,,,,,,
3303,3.1021,,,,,,,,
3304,3.1073,,,,,,,,
3305,2.8803,,,,,,,,
3306,2.9259,,,,,,,,
3307,2.9176,,,,,,,,
3308,3.1449,,,,,,,,
3309,4.347,,,,,,,,
3310,4.5597,,,,,,,,
3311,4.0442,,,,,,,,
3312,3.6487,,,,,,,,
3313,2.9651,,,,,,,,
3314,2.8879,,,,,,,,
3315,2.9681,,,,,,,,
3316,2.765,,,,,,,,
3317,2.9031,,,,,,,,
3318,2.7317,,,,,,,,
3319,2.7253,,,,,,,,
3320,2.7637,,,,,,,,
3321,3.3071,,,,,,,,
3322,2.7239,,,,,,,,
3323,3.0056,,,,,,,,
3324,2.6701,,,,,,,,
3325,2.8079,,,,,,,,
3326,2.7072,,,,,,,,
3327,2.7396,,,,,,,,
3328,2.8038,,,,,,,,
3329,2.8054,,,,,,,,
3330,2.7473,,,,,,,,
3331,2.7521,,,,,,,,
3332,2.6589,,,,,,,,
3333,2.9234,,,,,,,,
3334,3.1177,,,,,,,,
3335,3.1041,,,,,,,,
3336,2.714,,,,,,,,
3337,2.785,,,,,,,,
3338,2.5144,,,,,,,,
3339,2.9544,,,,,,,,
3340,3.4266,,,,,,,,
3341,2.7274,,,,,,,,
3342,2.7301,,,,,,,,
3343,2.6334,,,,,,,,
3344,2.7828,,,,,,,,
3345,3.0977,,,,,,,,
3346,3.0295,,,,,,,,
3347,2.7698,,,,,,,,
3348,2.6907,,,,,,,,
3349,2.7244,,,,,,,,
3350,2.555,,,,,,,,
3351,3.344,,,,,,,,
3352,2.8607,,,,,,,,
3353,2.7402,,,,,,,,
3354,2.6946,,,,,,,,
3355,2.4882,,,,,,,,
3356,3.1717,,,,,,,,
3357,2.9064,,,,,,,,
3358,2.6665,,,,,,,,
3359,2.7335,,,,,,,,
3360,2.6121,,,,,,,,
3361,2.6928,,,,,,,,
3362,2.8111,,,,,,,,
3363,2.8296,,,,,,,,
3364,2.7443,,,,,,,,
3365,2.6488,,,,,,,,
3366,2.6448,,,,,,,,
3367,2.8354,,,,,,,,
3368,2.7316,,,,,,,,
3369,2.7514,,,,,,,,
3370,2.7306,,,,,,,,
3371,2.5789,,,,,,,,
3372,2.7296,,,,,,,,
3373,2.9751,,,,,,,,
3374,2.7989,,,,,,,,
3375,2.8135,,,,,,,,
3376,2.6516,,,,,,,,
3377,2.6472,,,,,,,,
3378,2.9485,,,,,,,,
3379,3.0168,,,,,,,,
3380,2.6989,,,,,,,,
3381,2.4947,,,,,,,,
3382,2.5679,,,,,,,,
3383,2.5762,,,,,,,,
3384,3.4683,,,,,,,,
3385,3.2475,,,,,,,,
3386,2.6872,,,,,,,,
3387,2.6698,,,,,,,,
3388,2.8384,,,,,,,,
3389,3.056,,,,,,,,
3390,3.1831,,,,,,,,
3391,2.5582,,,,,,,,
3392,2.5728,,,,,,,,
3393,2.8612,,,,,,,,
3394,3.0044,,,,,,,,
3395,3.1722,,,,,,,,
3396,2.7576,,,,,,,,
3397,2.7762,,,,,,,,
3398,2.645,,,,,,,,
3399,2.7025,,,,,,,,
3400,3.1576,,,,,,,,
3401,2.7719,,,,,,,,
3402,2.6265,,,,,,,,
3403,2.876,,,,,,,,
3404,2.9229,,,,,,,,
3405,2.9628,,,,,,,,
3406,3.0412,,,,,,,,
3407,2.9939,,,,,,,,
3408,3.1219,,,,,,,,
3409,2.9582,,,,,,,,
3410,3.0547,,,,,,,,
3411,3.0271,,,,,,,,
3412,2.8541,,,,,,,,
3413,2.8082,,,,,,,,
3414,2.7822,,,,,,,,
3415,2.8508,,,,,,,,
3416,2.9049,,,,,,,,
3417,3.1118,,,,,,,,
3418,2.9277,,,,,,,,
3419,2.7091,,,,,,,,
3420,2.9205,,,,,,,,
3421,2.9051,,,,,,,,
3422,3.7038,,,,,,,,
3423,3.0031,,,,,,,,
3424,2.9605,,,,,,,,
3425,2.7025,,,,,,,,
3426,2.8169,,,,,,,,
3427,3.0673,,,,,,,,
3428,2.99,,,,,,,,
3429,2.8901,,,,,,,,
3430,3.0805,,,,,,,,
3431,2.9338,,,,,,,,
3432,2.9299,,,,,,,,
3433,2.927,,,,,,,,
3434,2.9511,,,,,,,,
3435,2.7852,,,,,,,,
3436,2.9906,,,,,,,,
3437,3.286,,,,,,,,
3438,3.0745,,,,,,,,
3439,2.7987,,,,,,,,
3440,3.0336,,,,,,,,
3441,2.9314,,,,,,,,
3442,3.0475,,,,,,,,
3443,2.7677,,,,,,,,
3444,2.8856,,,,,,,,
3445,2.907,,,,,,,,
3446,2.8658,,,,,,,,
3447,2.9228,,,,,,,,
3448,2.9314,,,,,,,,
3449,2.8922,,,,,,,,
3450,2.8453,,,,,,,,
3451,2.9882,,,,,,,,
3452,2.9036,,,,,,,,
3453,3.0758,,,,,,,,
3454,2.9885,,,,,,,,
3455,2.8248,,,,,,,,
3456,2.816,,,,,,,,
3457,2.9054,,,,,,,,
3458,3.1206,,,,,,,,
3459,3.3725,,,,,,,,
3460,2.8558,,,,,,,,
3461,2.9212,,,,,,,,
3462,2.9144,,,,,,,,
3463,3.1305,,,,,,,,
3464,3.0582,,,,,,,,
3465,3.2163,,,,,,,,
3466,3.0121,,,,,,,,
3467,3.1167,,,,,,,,
3468,3.3283,,,,,,,,
3469,3.2099,,,,,,,,
3470,3.141,,,,,,,,
3471,3.1023,,,,,,,,
3472,3.0707,,,,,,,,
3473,3.0544,,,,,,,,
3474,2.8505,,,,,,,,
3475,3.0176,,,,,,,,
3476,2.9346,,,,,,,,
3477,3.2826,,,,,,,,
3478,3.1665,,,,,,,,
3479,2.901,,,,,,,,
3480,2.9998,,,,,,,,
3481,2.8245,,,,,,,,
3482,3.0214,,,,,,,,
3483,2.8602,,,,,,,,
3484,3.2136,,,,,,,,
3485,2.8852,,,,,,,,
3486,2.7511,,,,,,,,
3487,2.924,,,,,,,,
3488,2.6281,,,,,,,,
3489,3.4036,,,,,,,,
3490,3.0968,,,,,,,,
3491,2.8015,,,,,,,,
3492,2.8505,,,,,,,,
3493,2.7498,,,,,,,,
3494,3.1907,,,,,,,,
3495,3.0899,,,,,,,,
3496,3.1665,,,,,,,,
3497,3.1097,,,,,,,,
3498,2.7888,,,,,,,,
3499,3.1825,,,,,,,,
3500,3.457,,,,,,,,
3501,3.2182,,,,,,,,
3502,2.8753,,,,,,,,
3503,2.7966,,,,,,,,
3504,3.0691,,,,,,,,
3505,3.3391,,,,,,,,
3506,3.151,,,,,,,,
3507,3.1244,,,,,,,,
3508,3.52,,,,,,,,
3509,3.0097,,,,,,,,
3510,3.4114,,,,,,,,
3511,3.1928,,,,,,,,
3512,2.969,,,,,,,,
3513,3.1996,,,,,,,,
3514,3.2428,,,,,,,,
3515,2.9664,,,,,,,,
3516,2.9487,,,,,,,,
3517,3.2066,,,,,,,,
3518,3.0243,,,,,,,,
3519,2.962,,,,,,,,
3520,3.5436,,,,,,,,
3521,2.8705,,,,,,,,
3522,3.1118,,,,,,,,
3523,3.07,,,,,,,,
3524,2.9062,,,,,,,,
3525,3.3037,,,,,,,,
3526,2.8853,,,,,,,,
3527,3.1544,,,,,,,,
3528,2.9108,,,,,,,,
3529,2.9146,,,,,,,,
3530,2.9727,,,,,,,,
3531,3.1383,,,,,,,,
3532,2.8653,,,,,,,,
3533,2.8891,,,,,,,,
3534,2.9113,,,,,,,,
3535,3.3214,,,,,,,,
3536,3.1017,,,,,,,,
3537,2.8975,,,,,,,,
3538,2.8335,,,,,,,,
3539,3.2805,,,,,,,,
3540,3.1044,,,,,,,,
3541,2.7515,,,,,,,,
3542,2.9333,,,,,,,,
3543,2.8584,,,,,,,,
3544,2.8396,,,,,,,,
3545,4.0633,,,,,,,,
3546,2.7931,,,,,,,,
3547,2.9157,,,,,,,,
3548,2.867,,,,,,,,
3549,2.7929,,,,,,,,
3550,3.4839,,,,,,,,
3551,3.318,,,,,,,,
3552,3.0083,,,,,,,,
3553,2.7832,,,,,,,,
3554,2.7984,,,,,,,,
3555,3.3812,,,,,,,,
3556,2.6001,,,,,,,,
3557,2.7399,,,,,,,,
3558,2.6851,,,,,,,,
3559,2.6926,,,,,,,,
3560,2.8338,,,,,,,,
3561,3.4243,,,,,,,,
3562,2.7555,,,,,,,,
3563,2.8183,,,,,,,,
3564,2.8376,,,,,,,,
3565,2.899,,,,,,,,
3566,2.8638,,,,,,,,
3567,2.641,,,,,,,,
3568,2.7219,,,,,,,,
3569,2.7972,,,,,,,,
3570,2.7828,,,,,,,,
3571,2.6142,,,,,,,,
3572,3.433,,,,,,,,
3573,2.7135,,,,,,,,
3574,2.6453,,,,,,,,
3575,2.8383,,,,,,,,
3576,2.7396,,,,,,,,
3577,3.0673,,,,,,,,
3578,3.482,,,,,,,,
3579,2.7266,,,,,,,,
3580,2.9397,,,,,,,,
3581,2.7128,,,,,,,,
3582,2.6289,,,,,,,,
3583,3.2186,,,,,,,,
3584,2.735,,,,,,,,
3585,2.889,,,,,,,,
3586,2.7274,,,,,,,,
3587,2.638,,,,,,,,
3588,2.7817,,,,,,,,
3589,2.6053,,,,,,,,
3590,2.8167,,,,,,,,
3591,2.7349,,,,,,,,
3592,2.9655,,,,,,,,
3593,2.4964,,,,,,,,
3594,2.7293,,,,,,,,
3595,2.5851,,,,,,,,
3596,2.4638,,,,,,,,
3597,2.5375,,,,,,,,
3598,2.6182,,,,,,,,
3599,2.6901,,,,,,,,
3600,2.7492,,,,,,,,
3601,2.6396,,,,,,,,
3602,2.5295,,,,,,,,
3603,2.6768,,,,,,,,
3604,2.751,,,,,,,,
3605,3.0145,,,,,,,,
3606,3.1407,,,,,,,,
3607,2.6995,,,,,,,,
3608,3.0637,,,,,,,,
3609,3.0087,,,,,,,,
3610,2.8546,,,,,,,,
3611,3.1278,,,,,,,,
3612,2.8875,,,,,,,,
3613,2.9343,,,,,,,,
3614,3.0086,,,,,,,,
3615,2.9355,,,,,,,,
3616,3.4654,,,,,,,,
3617,2.7197,,,,,,,,
3618,2.6766,,,,,,,,
3619,2.8232,,,,,,,,
3620,2.6819,,,,,,,,
3621,2.6351,,,,,,,,
3622,3.157,,,,,,,,
3623,2.8498,,,,,,,,
3624,2.8351,,,,,,,,
3625,2.8712,,,,,,,,
3626,3.0939,,,,,,,,
3627,3.1037,,,,,,,,
3628,3.0895,,,,,,,,
3629,2.8148,,,,,,,,
3630,2.7029,,,,,,,,
3631,3.1311,,,,,,,,
3632,3.0427,,,,,,,,
3633,2.8423,,,,,,,,
3634,2.8543,,,,,,,,
3635,2.9341,,,,,,,,
3636,2.7974,,,,,,,,
3637,2.8407,,,,,,,,
3638,2.9858,,,,,,,,
3639,2.7249,,,,,,,,
3640,2.73,,,,,,,,
3641,2.6638,,,,,,,,
3642,2.6716,,,,,,,,
3643,2.9782,,,,,,,,
3644,2.8615,,,,,,,,
3645,2.8814,,,,,,,,
3646,2.7519,,,,,,,,
3647,2.9099,,,,,,,,
3648,3.1177,,,,,,,,
3649,2.9261,,,,,,,,
3650,2.8309,,,,,,,,
3651,2.892,,,,,,,,
3652,2.7043,,,,,,,,
3653,2.6072,,,,,,,,
3654,3.1096,,,,,,,,
3655,3.5216,,,,,,,,
3656,3.263,,,,,,,,
3657,2.8874,,,,,,,,
3658,2.8209,,,,,,,,
3659,2.9877,,,,,,,,
3660,3.2206,,,,,,,,
3661,3.0112,,,,,,,,
3662,2.8527,,,,,,,,
3663,2.7484,,,,,,,,
3664,2.7619,,,,,,,,
3665,3.3326,,,,,,,,
3666,2.8801,,,,,,,,
3667,2.8816,,,,,,,,
3668,2.7539,,,,,,,,
3669,2.9307,,,,,,,,
3670,3.4042,,,,,,,,
3671,3.3376,,,,,,,,
3672,2.7319,,,,,,,,
3673,2.6129,,,,,,,,
3674,2.661,,,,,,,,
3675,3.6319,,,,,,,,
3676,2.7473,,,,,,,,
3677,2.7731,,,,,,,,
3678,2.8223,,,,,,,,
3679,2.9793,,,,,,,,
3680,3.0624,,,,,,,,
3681,2.7837,,,,,,,,
3682,2.9877,,,,,,,,
3683,2.5757,,,,,,,,
3684,2.7828,,,,,,,,
3685,2.8375,,,,,,,,
3686,3.0788,,,,,,,,
3687,2.8388,,,,,,,,
3688,2.6732,,,,,,,,
3689,2.8745,,,,,,,,
3690,2.9032,,,,,,,,
3691,2.896,,,,,,,,
3692,3.4147,,,,,,,,
3693,2.9012,,,,,,,,
3694,2.7971,,,,,,,,
3695,3.0883,,,,,,,,
3696,2.6502,,,,,,,,
3697,2.8454,,,,,,,,
3698,2.9012,,,,,,,,
3699,2.9669,,,,,,,,
3700,3.0114,,,,,,,,
3701,2.765,,,,,,,,
3702,3.3741,,,,,,,,
3703,3.2442,,,,,,,,
3704,3.1723,,,,,,,,
3705,2.5437,,,,,,,,
3706,2.7036,,,,,,,,
3707,3.228,,,,,,,,
3708,3.0073,,,,,,,,
3709,3.1142,,,,,,,,
3710,2.7811,,,,,,,,
3711,2.7993,,,,,,,,
3712,3.1503,,,,,,,,
3713,3.1516,,,,,,,,
3714,2.9962,,,,,,,,
3715,2.9064,,,,,,,,
3716,3.0459,,,,,,,,
3717,2.9125,,,,,,,,
3718,2.9656,,,,,,,,
3719,2.7099,,,,,,,,
3720,2.6737,,,,,,,,
3721,2.8272,,,,,,,,
3722,2.615,,,,,,,,
3723,3.4336,,,,,,,,
3724,2.8547,,,,,,,,
3725,2.5615,,,,,,,,
3726,2.7431,,,,,,,,
3727,2.686,,,,,,,,
3728,2.8858,,,,,,,,
3729,2.6857,,,,,,,,
3730,2.6628,,,,,,,,
3731,2.6694,,,,,,,,
3732,2.6177,,,,,,,,
3733,2.7856,,,,,,,,
3734,3.2616,,,,,,,,
3735,2.922,,,,,,,,
3736,2.8622,,,,,,,,
3737,2.8899,,,,,,,,
3738,2.7263,,,,,,,,
3739,3.2136,,,,,,,,
3740,2.6499,,,,,,,,
3741,2.716,,,,,,,,
3742,2.7076,,,,,,,,
3743,2.7046,,,,,,,,
3744,3.0558,,,,,,,,
3745,2.631,,,,,,,,
3746,2.8579,,,,,,,,
3747,2.8093,,,,,,,,
3748,2.7927,,,,,,,,
3749,2.7619,,,,,,,,
3750,3.2188,,,,,,,,
3751,2.6954,,,,,,,,
3752,2.6804,,,,,,,,
3753,2.6751,,,,,,,,
3754,2.6268,,,,,,,,
3755,2.5823,,,,,,,,
3756,3.0949,,,,,,,,
3757,2.8846,,,,,,,,
3758,2.9031,,,,,,,,
3759,2.7743,,,,,,,,
3760,2.6911,,,,,,,,
3761,2.8065,,,,,,,,
3762,2.9247,,,,,,,,
3763,2.8517,,,,,,,,
3764,2.7129,,,,,,,,
3765,2.6988,,,,,,,,
3766,2.6075,,,,,,,,
3767,3.4963,,,,,,,,
3768,2.6282,,,,,,,,
3769,2.6892,,,,,,,,
3770,2.6372,,,,,,,,
3771,2.5278,,,,,,,,
3772,2.7927,,,,,,,,
3773,3.1518,,,,,,,,
3774,2.7544,,,,,,,,
3775,2.6879,,,,,,,,
3776,2.5338,,,,,,,,
3777,2.6165,,,,,,,,
3778,3.1342,,,,,,,,
3779,2.8329,,,,,,,,
3780,2.8577,,,,,,,,
3781,2.6602,,,,,,,,
3782,2.6868,,,,,,,,
3783,2.8736,,,,,,,,
3784,2.8792,,,,,,,,
3785,2.6205,,,,,,,,
3786,2.6718,,,,,,,,
3787,2.6273,,,,,,,,
3788,2.5481,,,,,,,,
3789,2.7624,,,,,,,,
3790,2.5258,,,,,,,,
3791,2.5668,,,,,,,,
3792,2.5178,,,,,,,,
3793,2.5875,,,,,,,,
3794,2.6873,,,,,,,,
3795,2.806,,,,,,,,
3796,2.7493,,,,,,,,
3797,2.6189,,,,,,,,
3798,2.6521,,,,,,,,
3799,2.7243,,,,,,,,
3800,2.7638,,,,,,,,
3801,2.8802,,,,,,,,
3802,2.6983,,,,,,,,
3803,2.6384,,,,,,,,
3804,2.6198,,,,,,,,
3805,2.7573,,,,,,,,
3806,2.6394,,,,,,,,
3807,2.7672,,,,,,,,
3808,2.7643,,,,,,,,
3809,2.7889,,,,,,,,
3810,2.8125,,,,,,,,
3811,2.7527,,,,,,,,
3812,2.7399,,,,,,,,
3813,2.5544,,,,,,,,
3814,2.7436,,,,,,,,
3815,2.8939,,,,,,,,
3816,2.7972,,,,,,,,
3817,2.7888,,,,,,,,
3818,3.0221,,,,,,,,
3819,2.8011,,,,,,,,
3820,2.7973,,,,,,,,
3821,2.8472,,,,,,,,
3822,2.8124,,,,,,,,
3823,2.8568,,,,,,,,
3824,2.74,,,,,,,,
3825,2.822,,,,,,,,
3826,3.0818,,,,,,,,
3827,3.2797,,,,,,,,
3828,2.9625,,,,,,,,
3829,2.7804,,,,,,,,
3830,2.8204,,,,,,,,
3831,2.7431,,,,,,,,
3832,2.7353,,,,,,,,
3833,2.774,,,,,,,,
3834,2.873,,,,,,,,
3835,2.8216,,,,,,,,
3836,2.7876,,,,,,,,
3837,2.7926,,,,,,,,
3838,2.7628,,,,,,,,
3839,3.4268,,,,,,,,
3840,3.0673,,,,,,,,
3841,2.87,,,,,,,,
3842,2.7988,,,,,,,,
3843,2.7754,,,,,,,,
3844,2.7731,,,,,,,,
3845,3.8316,,,,,,,,
3846,2.8016,,,,,,,,
3847,2.7601,,,,,,,,
3848,2.7575,,,,,,,,
3849,2.7675,,,,,,,,
3850,3.0936,,,,,,,,
3851,2.7101,,,,,,,,
3852,2.812,,,,,,,,
3853,2.8478,,,,,,,,
3854,2.7763,,,,,,,,
3855,3.4283,,,,,,,,
3856,2.9383,,,,,,,,
3857,2.7375,,,,,,,,
3858,2.7901,,,,,,,,
3859,2.7656,,,,,,,,
3860,2.7885,,,,,,,,
3861,3.3204,,,,,,,,
3862,2.7612,,,,,,,,
3863,2.7439,,,,,,,,
3864,2.7124,,,,,,,,
3865,2.9193,,,,,,,,
3866,3.1858,,,,,,,,
3867,2.8431,,,,,,,,
3868,2.7979,,,,,,,,
3869,2.7829,,,,,,,,
3870,2.9449,,,,,,,,
3871,3.1595,,,,,,,,
3872,2.7248,,,,,,,,
3873,2.8592,,,,,,,,
3874,2.7757,,,,,,,,
3875,3.1452,,,,,,,,
3876,3.0024,,,,,,,,
3877,2.9892,,,,,,,,
3878,2.941,,,,,,,,
3879,2.7131,,,,,,,,
3880,2.7813,,,,,,,,
3881,2.7679,,,,,,,,
3882,3.0197,,,,,,,,
3883,2.9206,,,,,,,,
3884,2.8198,,,,,,,,
3885,2.9443,,,,,,,,
3886,3.056,,,,,,,,
3887,2.8458,,,,,,,,
3888,3.4067,,,,,,,,
3889,2.7727,,,,,,,,
3890,2.7274,,,,,,,,
3891,2.7241,,,,,,,,
3892,2.6838,,,,,,,,
3893,2.8064,,,,,,,,
3894,2.7959,,,,,,,,
3895,2.817,,,,,,,,
3896,2.8135,,,,,,,,
3897,2.7529,,,,,,,,
3898,2.9324,,,,,,,,
3899,3.1758,,,,,,,,
3900,2.7853,,,,,,,,
3901,2.6046,,,,,,,,
3902,2.7534,,,,,,,,
3903,2.7601,,,,,,,,
3904,3.4739,,,,,,,,
3905,2.7537,,,,,,,,
3906,2.7303,,,,,,,,
3907,2.8207,,,,,,,,
3908,2.8221,,,,,,,,
3909,3.2837,,,,,,,,
3910,2.9164,,,,,,,,
3911,2.8026,,,,,,,,
3912,2.8374,,,,,,,,
3913,2.7359,,,,,,,,
3914,2.6784,,,,,,,,
3915,3.0512,,,,,,,,
3916,2.7304,,,,,,,,
3917,2.8926,,,,,,,,
3918,2.8602,,,,,,,,
3919,2.7866,,,,,,,,
3920,3.3176,,,,,,,,
3921,3.4067,,,,,,,,
3922,2.9282,,,,,,,,
3923,2.7831,,,,,,,,
3924,2.7646,,,,,,,,
3925,2.7278,,,,,,,,
3926,2.8063,,,,,,,,
3927,2.8096,,,,,,,,
3928,2.8232,,,,,,,,
3929,2.604,,,,,,,,
3930,2.6839,,,,,,,,
3931,2.7764,,,,,,,,
3932,2.7982,,,,,,,,
3933,2.7806,,,,,,,,
3934,2.6596,,,,,,,,
3935,2.7438,,,,,,,,
3936,2.4592,,,,,,,,
3937,3.4651,,,,,,,,
3938,4.1724,,,,,,,,
3939,3.8797,,,,,,,,
3940,2.5217,,,,,,,,
3941,2.8937,,,,,,,,
3942,3.3959,,,,,,,,
3943,2.7914,,,,,,,,
3944,2.6204,,,,,,,,
3945,2.4757,,,,,,,,
3946,2.9367,,,,,,,,
3947,2.9266,,,,,,,,
3948,2.7939,,,,,,,,
3949,2.6923,,,,,,,,
3950,2.7004,,,,,,,,
3951,2.8679,,,,,,,,
3952,3.1769,,,,,,,,
3953,3.1803,,,,,,,,
3954,2.9755,,,,,,,,
3955,3.2883,,,,,,,,
3956,2.7769,,,,,,,,
3957,3.007,,,,,,,,
3958,3.1409,,,,,,,,
3959,2.9396,,,,,,,,
3960,2.7457,,,,,,,,
3961,2.6936,,,,,,,,
3962,2.7858,,,,,,,,
3963,2.8991,,,,,,,,
3964,3.0316,,,,,,,,
3965,2.8258,,,,,,,,
3966,2.6998,,,,,,,,
3967,2.8793,,,,,,,,
3968,2.7564,,,,,,,,
3969,2.7851,,,,,,,,
3970,2.7862,,,,,,,,
3971,2.9233,,,,,,,,
3972,2.76,,,,,,,,
3973,2.7151,,,,,,,,
3974,3.7389,,,,,,,,
3975,2.8878,,,,,,,,
3976,2.7832,,,,,,,,
3977,2.7246,,,,,,,,
3978,2.7157,,,,,,,,
3979,3.2589,,,,,,,,
3980,2.8609,,,,,,,,
3981,2.9173,,,,,,,,
3982,2.6475,,,,,,,,
3983,2.831,,,,,,,,
3984,2.9434,,,,,,,,
3985,2.7077,,,,,,,,
3986,2.8744,,,,,,,,
3987,2.7254,,,,,,,,
3988,2.5944,,,,,,,,
3989,2.7225,,,,,,,,
3990,2.9977,,,,,,,,
3991,3.1223,,,,,,,,
3992,2.8973,,,,,,,,
3993,3.2622,,,,,,,,
3994,2.7598,,,,,,,,
3995,3.0299,,,,,,,,
3996,3.6331,,,,,,,,
3997,2.8843,,,,,,,,
3998,2.8707,,,,,,,,
3999,2.71,,,,,,,,
4000,2.7473,,,,,,,,
4001,3.5271,,,,,,,,
4002,2.9295,,,,,,,,
4003,2.845,,,,,,,,
4004,2.9408,,,,,,,,
4005,2.9365,,,,,,,,
4006,3.2585,,,,,,,,
4007,2.7763,,,,,,,,
4008,2.8536,,,,,,,,
4009,2.6563,,,,,,,,
4010,2.8034,,,,,,,,
4011,3.0989,,,,,,,,
4012,3.1212,,,,,,,,
4013,2.9301,,,,,,,,
4014,2.8206,,,,,,,,
4015,3.3949,,,,,,,,
4016,3.3194,,,,,,,,
4017,2.9343,,,,,,,,
4018,2.8874,,,,,,,,
4019,3.0374,,,,,,,,
4020,3.1431,,,,,,,,
4021,3.1789,,,,,,,,
4022,3.011,,,,,,,,
4023,3.2807,,,,,,,,
4024,3.2345,,,,,,,,
4025,2.8905,,,,,,,,
4026,3.1851,,,,,,,,
4027,2.9264,,,,,,,,
4028,2.6866,,,,,,,,
4029,3.4892,,,,,,,,
4030,3.044,,,,,,,,
4031,3.228,,,,,,,,
4032,3.0032,,,,,,,,
4033,2.8317,,,,,,,,
4034,3.0025,,,,,,,,
4035,2.8609,,,,,,,,
4036,2.9685,,,,,,,,
4037,2.8977,,,,,,,,
4038,2.8041,,,,,,,,
4039,2.9926,,,,,,,,
4040,2.9221,,,,,,,,
4041,2.8436,,,,,,,,
4042,3.4844,,,,,,,,
4043,3.1025,,,,,,,,
4044,2.7545,,,,,,,,
4045,2.8412,,,,,,,,
4046,2.9589,,,,,,,,
4047,3.3833,,,,,,,,
4048,2.8923,,,,,,,,
4049,3.0258,,,,,,,,
4050,2.8214,,,,,,,,
4051,2.7168,,,,,,,,
4052,2.9543,,,,,,,,
4053,3.1793,,,,,,,,
4054,2.8381,,,,,,,,
4055,2.835,,,,,,,,
4056,2.763,,,,,,,,
4057,2.6988,,,,,,,,
4058,3.0344,,,,,,,,
4059,2.762,,,,,,,,
4060,2.771,,,,,,,,
4061,2.8815,,,,,,,,
4062,2.7115,,,,,,,,
4063,3.2342,,,,,,,,
4064,3.3662,,,,,,,,
4065,2.7155,,,,,,,,
4066,2.6565,,,,,,,,
4067,2.5701,,,,,,,,
4068,2.4598,,,,,,,,
4069,3.6609,,,,,,,,
4070,3.1075,,,,,,,,
4071,2.838,,,,,,,,
4072,2.7165,,,,,,,,
4073,2.8115,,,,,,,,
4074,3.0766,,,,,,,,
4075,2.6981,,,,,,,,
4076,2.7218,,,,,,,,
4077,2.5404,,,,,,,,
4078,2.8845,,,,,,,,
4079,2.7656,,,,,,,,
4080,2.9895,,,,,,,,
4081,2.9676,,,,,,,,
4082,3.3253,,,,,,,,
4083,2.7633,,,,,,,,
4084,2.711,,,,,,,,
4085,2.7055,,,,,,,,
4086,2.7003,,,,,,,,
4087,2.6381,,,,,,,,
4088,2.577,,,,,,,,
4089,2.7652,,,,,,,,
4090,2.7359,,,,,,,,
4091,2.9428,,,,,,,,
4092,2.7492,,,,,,,,
4093,2.6385,,,,,,,,
4094,2.7181,,,,,,,,
4095,2.7025,,,,,,,,
4096,2.7238,,,,,,,,
4097,2.734,,,,,,,,
4098,2.591,,,,,,,,
4099,2.6562,,,,,,,,
4100,2.8375,,,,,,,,
4101,2.7668,,,,,,,,
4102,2.6118,,,,,,,,
4103,2.7926,,,,,,,,
4104,2.77,,,,,,,,
4105,2.9882,,,,,,,,
4106,2.8946,,,,,,,,
4107,2.661,,,,,,,,
4108,3.2271,,,,,,,,
4109,2.7908,,,,,,,,
4110,3.0245,,,,,,,,
4111,2.8783,,,,,,,,
4112,2.717,,,,,,,,
4113,2.7075,,,,,,,,
4114,3.6344,,,,,,,,
4115,3.3217,,,,,,,,
4116,2.8995,,,,,,,,
4117,2.893,,,,,,,,
4118,2.9615,,,,,,,,
4119,3.3851,,,,,,,,
4120,2.9137,,,,,,,,
4121,2.951,,,,,,,,
4122,2.9658,,,,,,,,
4123,3.0328,,,,,,,,
4124,3.6801,,,,,,,,
4125,3.0366,,,,,,,,
4126,2.8591,,,,,,,,
4127,3.1704,,,,,,,,
4128,3.4285,,,,,,,,
4129,3.4934,,,,,,,,
4130,3.075,,,,,,,,
4131,2.6821,,,,,,,,
4132,2.8559,,,,,,,,
4133,2.8104,,,,,,,,
4134,2.8291,,,,,,,,
4135,2.7692,,,,,,,,
4136,2.8284,,,,,,,,
4137,2.8403,,,,,,,,
4138,2.9978,,,,,,,,
4139,2.8451,,,,,,,,
4140,3.0557,,,,,,,,
4141,2.8653,,,,,,,,
4142,3.0412,,,,,,,,
4143,3.1547,,,,,,,,
4144,3.099,,,,,,,,
4145,4.1621,,,,,,,,
4146,2.9542,,,,,,,,
4147,2.9868,,,,,,,,
4148,2.9567,,,,,,,,
4149,2.8449,,,,,,,,
4150,2.8949,,,,,,,,
4151,2.8108,,,,,,,,
4152,2.9536,,,,,,,,
4153,2.9252,,,,,,,,
4154,2.8751,,,,,,,,
4155,2.9466,,,,,,,,
4156,2.6377,,,,,,,,
4157,2.8486,,,,,,,,
4158,2.7856,,,,,,,,
4159,3.0034,,,,,,,,
4160,2.6975,,,,,,,,
4161,3.2828,,,,,,,,
4162,2.8555,,,,,,,,
4163,2.8438,,,,,,,,
4164,2.9153,,,,,,,,
4165,2.8091,,,,,,,,
4166,2.912,,,,,,,,
4167,2.8629,,,,,,,,
4168,2.9546,,,,,,,,
4169,2.9907,,,,,,,,
4170,2.8319,,,,,,,,
4171,2.8735,,,,,,,,
4172,2.8645,,,,,,,,
4173,2.9228,,,,,,,,
4174,2.8485,,,,,,,,
4175,2.934,,,,,,,,
4176,3.1413,,,,,,,,
4177,3.1514,,,,,,,,
4178,2.9649,,,,,,,,
4179,3.1952,,,,,,,,
4180,3.1067,,,,,,,,
4181,3.0872,,,,,,,,
4182,4.2025,,,,,,,,
4183,3.1404,,,,,,,,
4184,2.9542,,,,,,,,
4185,3.0343,,,,,,,,
4186,3.4397,,,,,,,,
4187,3.0584,,,,,,,,
4188,2.7315,,,,,,,,
4189,2.9329,,,,,,,,
4190,3.0401,,,,,,,,
4191,3.9768,,,,,,,,
4192,3.1607,,,,,,,,
4193,2.8045,,,,,,,,
4194,2.9717,,,,,,,,
4195,2.8597,,,,,,,,
4196,3.4491,,,,,,,,
4197,2.7901,,,,,,,,
4198,2.8274,,,,,,,,
4199,2.8594,,,,,,,,
4200,2.7283,,,,,,,,
4201,3.5362,,,,,,,,
4202,2.7461,,,,,,,,
4203,2.6644,,,,,,,,
4204,2.7596,,,,,,,,
4205,2.7718,,,,,,,,
4206,3.0892,,,,,,,,
4207,3.15,,,,,,,,
4208,2.8186,,,,,,,,
4209,2.8203,,,,,,,,
4210,3.167,,,,,,,,
4211,3.0029,,,,,,,,
4212,3.6958,,,,,,,,
4213,3.1361,,,,,,,,
4214,2.7548,,,,,,,,
4215,2.8462,,,,,,,,
4216,2.9545,,,,,,,,
4217,3.3966,,,,,,,,
4218,3.1399,,,,,,,,
4219,3.1142,,,,,,,,
4220,3.1123,,,,,,,,
4221,2.9435,,,,,,,,
4222,3.782,,,,,,,,
4223,2.8891,,,,,,,,
4224,3.0293,,,,,,,,
4225,3.2004,,,,,,,,
4226,3.3725,,,,,,,,
4227,3.2024,,,,,,,,
4228,3.0961,,,,,,,,
4229,2.903,,,,,,,,
4230,2.843,,,,,,,,
4231,3.1431,,,,,,,,
4232,3.122,,,,,,,,
4233,2.9187,,,,,,,,
4234,2.9986,,,,,,,,
4235,2.948,,,,,,,,
4236,2.9944,,,,,,,,
4237,3.083,,,,,,,,
4238,3.1058,,,,,,,,
4239,2.8154,,,,,,,,
4240,2.9647,,,,,,,,
4241,3.2608,,,,,,,,
4242,3.076,,,,,,,,
4243,3.0362,,,,,,,,
4244,2.8394,,,,,,,,
4245,2.9308,,,,,,,,
4246,3.0611,,,,,,,,
4247,3.5092,,,,,,,,
4248,3.234,,,,,,,,
4249,2.8556,,,,,,,,
4250,2.9791,,,,,,,,
4251,3.5957,,,,,,,,
4252,3.9762,,,,,,,,
4253,3.1075,,,,,,,,
4254,2.7869,,,,,,,,
4255,3.1887,,,,,,,,
4256,2.7814,,,,,,,,
4257,2.8636,,,,,,,,
4258,2.6988,,,,,,,,
4259,2.8144,,,,,,,,
4260,2.7581,,,,,,,,
4261,3.0358,,,,,,,,
4262,2.7805,,,,,,,,
4263,3.0697,,,,,,,,
4264,2.9318,,,,,,,,
4265,3.0115,,,,,,,,
4266,3.1691,,,,,,,,
4267,2.7245,,,,,,,,
4268,2.9849,,,,,,,,
4269,2.8052,,,,,,,,
4270,3.0839,,,,,,,,
4271,3.0436,,,,,,,,
4272,2.8096,,,,,,,,
4273,3.1685,,,,,,,,
4274,3.3574,,,,,,,,
4275,2.914,,,,,,,,
4276,2.9444,,,,,,,,
4277,2.7824,,,,,,,,
4278,2.8607,,,,,,,,
4279,3.2701,,,,,,,,
4280,2.9365,,,,,,,,
4281,3.0839,,,,,,,,
4282,3.1697,,,,,,,,
4283,3.0817,,,,,,,,
4284,3.0543,,,,,,,,
4285,2.9828,,,,,,,,
4286,2.8657,,,,,,,,
4287,3.0413,,,,,,,,
4288,2.925,,,,,,,,
4289,3.1515,,,,,,,,
4290,2.832,,,,,,,,
4291,3.0037,,,,,,,,
4292,2.9852,,,,,,,,
4293,2.8507,,,,,,,,
4294,3.3919,,,,,,,,
4295,3.1094,,,,,,,,
4296,3.0061,,,,,,,,
4297,2.9916,,,,,,,,
4298,3.0035,,,,,,,,
4299,3.1481,,,,,,,,
4300,2.9761,,,,,,,,
4301,3.0551,,,,,,,,
4302,2.9774,,,,,,,,
4303,2.8364,,,,,,,,
4304,3.162,,,,,,,,
4305,2.9165,,,,,,,,
4306,2.8185,,,,,,,,
4307,3.3734,,,,,,,,
4308,3.009,,,,,,,,
4309,3.1427,,,,,,,,
4310,3.2469,,,,,,,,
4311,2.688,,,,,,,,
4312,2.7813,,,,,,,,
4313,2.8271,,,,,,,,
4314,2.7983,,,,,,,,
4315,2.9692,,,,,,,,
4316,2.764,,,,,,,,
4317,2.7527,,,,,,,,
4318,2.9377,,,,,,,,
4319,2.9483,,,,,,,,
4320,3.5355,,,,,,,,
4321,2.8544,,,,,,,,
4322,2.7852,,,,,,,,
4323,2.7897,,,,,,,,
4324,2.9101,,,,,,,,
4325,2.9845,,,,,,,,
4326,2.9729,,,,,,,,
4327,2.9703,,,,,,,,
4328,2.9186,,,,,,,,
4329,2.8181,,,,,,,,
4330,2.795,,,,,,,,
4331,2.6012,,,,,,,,
4332,2.7332,,,,,,,,
4333,2.8301,,,,,,,,
4334,2.786,,,,,,,,
4335,2.8385,,,,,,,,
4336,3.1202,,,,,,,,
4337,2.795,,,,,,,,
4338,2.9107,,,,,,,,
4339,2.888,,,,,,,,
4340,2.8314,,,,,,,,
4341,2.8676,,,,,,,,
4342,3.0785,,,,,,,,
4343,3.0742,,,,,,,,
4344,2.9279,,,,,,,,
4345,2.8617,,,,,,,,
4346,2.6921,,,,,,,,
4347,3.0568,,,,,,,,
4348,2.8671,,,,,,,,
4349,2.8914,,,,,,,,
4350,2.8639,,,,,,,,
4351,2.7044,,,,,,,,
4352,3.2607,,,,,,,,
4353,2.8317,,,,,,,,
4354,2.8158,,,,,,,,
4355,2.8902,,,,,,,,
4356,2.7774,,,,,,,,
4357,3.2267,,,,,,,,
4358,3.2557,,,,,,,,
4359,3.1465,,,,,,,,
4360,3.0153,,,,,,,,
4361,2.855,,,,,,,,
4362,3.7253,,,,,,,,
4363,3.3962,,,,,,,,
4364,2.9163,,,,,,,,
4365,2.8137,,,,,,,,
4366,2.8829,,,,,,,,
4367,3.3474,,,,,,,,
4368,3.1096,,,,,,,,
4369,2.9426,,,,,,,,
4370,2.8718,,,,,,,,
4371,2.9306,,,,,,,,
4372,3.1059,,,,,,,,
4373,3.1819,,,,,,,,
4374,3.0028,,,,,,,,
4375,3.0557,,,,,,,,
4376,3.008,,,,,,,,
4377,2.9945,,,,,,,,
4378,2.888,,,,,,,,
4379,3.2986,,,,,,,,
4380,3.2821,,,,,,,,
4381,2.9171,,,,,,,,
4382,2.8886,,,,,,,,
4383,2.9528,,,,,,,,
4384,3.5276,,,,,,,,
4385,3.2706,,,,,,,,
4386,2.8582,,,,,,,,
4387,2.8679,,,,,,,,
4388,3.058,,,,,,,,
4389,2.9287,,,,,,,,
4390,3.0998,,,,,,,,
4391,2.8493,,,,,,,,
4392,2.8027,,,,,,,,
4393,2.9377,,,,,,,,
4394,2.9768,,,,,,,,
4395,3.0969,,,,,,,,
4396,2.8769,,,,,,,,
4397,2.8202,,,,,,,,
4398,3.2708,,,,,,,,
4399,3.1713,,,,,,,,
4400,2.9865,,,,,,,,
4401,2.9558,,,,,,,,
4402,2.9789,,,,,,,,
4403,2.9941,,,,,,,,
4404,2.7691,,,,,,,,
4405,2.9572,,,,,,,,
4406,3.0055,,,,,,,,
4407,2.9147,,,,,,,,
4408,2.8909,,,,,,,,
4409,3.2522,,,,,,,,
4410,2.9097,,,,,,,,
4411,3.0019,,,,,,,,
4412,2.8496,,,,,,,,
4413,2.8535,,,,,,,,
4414,3.2247,,,,,,,,
4415,3.0741,,,,,,,,
4416,3.0484,,,,,,,,
4417,3.294,,,,,,,,
4418,3.1382,,,,,,,,
4419,3.6672,,,,,,,,
4420,3.0811,,,,,,,,
4421,2.8004,,,,,,,,
4422,3.0269,,,,,,,,
4423,2.8015,,,,,,,,
4424,3.912,,,,,,,,
4425,3.0082,,,,,,,,
4426,3.052,,,,,,,,
4427,2.9642,,,,,,,,
4428,3.1591,,,,,,,,
4429,3.3049,,,,,,,,
4430,2.8723,,,,,,,,
4431,3.0222,,,,,,,,
4432,2.8687,,,,,,,,
4433,3.1721,,,,,,,,
4434,3.1724,,,,,,,,
4435,2.9544,,,,,,,,
4436,2.9692,,,,,,,,
4437,2.9996,,,,,,,,
4438,2.8467,,,,,,,,
4439,3.12,,,,,,,,
4440,2.7061,,,,,,,,
4441,2.8689,,,,,,,,
4442,2.6651,,,,,,,,
4443,3.2997,,,,,,,,
4444,3.6638,,,,,,,,
4445,2.6052,,,,,,,,
4446,2.9513,,,,,,,,
4447,2.8731,,,,,,,,
4448,2.6846,,,,,,,,
4449,2.8463,,,,,,,,
4450,3.0435,,,,,,,,
4451,2.9312,,,,,,,,
4452,2.8041,,,,,,,,
4453,2.644,,,,,,,,
4454,2.7422,,,,,,,,
4455,3.0074,,,,,,,,
4456,3.317,,,,,,,,
4457,2.9612,,,,,,,,
4458,2.9103,,,,,,,,
4459,2.9263,,,,,,,,
4460,2.8779,,,,,,,,
4461,3.0701,,,,,,,,
4462,3.6907,,,,,,,,
4463,3.0809,,,,,,,,
4464,2.9721,,,,,,,,
4465,2.881,,,,,,,,
4466,3.6366,,,,,,,,
4467,3.3128,,,,,,,,
4468,3.5069,,,,,,,,
4469,3.1699,,,,,,,,
4470,3.7997,,,,,,,,
4471,3.1628,,,,,,,,
4472,3.0567,,,,,,,,
4473,2.9353,,,,,,,,
4474,3.0139,,,,,,,,
4475,3.0468,,,,,,,,
4476,2.9134,,,,,,,,
4477,2.7178,,,,,,,,
4478,2.8521,,,,,,,,
4479,2.8941,,,,,,,,
4480,2.8921,,,,,,,,
4481,3.0461,,,,,,,,
4482,2.9222,,,,,,,,
4483,2.9169,,,,,,,,
4484,2.8336,,,,,,,,
4485,2.8035,,,,,,,,
4486,3.2688,,,,,,,,
4487,3.2523,,,,,,,,
4488,2.6588,,,,,,,,
4489,2.7558,,,,,,,,
4490,3.0736,,,,,,,,
4491,3.4465,,,,,,,,
4492,2.7114,,,,,,,,
4493,2.8375,,,,,,,,
4494,2.8938,,,,,,,,
4495,3.3293,,,,,,,,
4496,3.1734,,,,,,,,
4497,2.7951,,,,,,,,
4498,2.6876,,,,,,,,
4499,2.8569,,,,,,,,
4500,3.2047,,,,,,,,
4501,2.9203,,,,,,,,
4502,2.9221,,,,,,,,
4503,2.7528,,,,,,,,
4504,2.7131,,,,,,,,
4505,3.5267,,,,,,,,
4506,2.9216,,,,,,,,
4507,3.054,,,,,,,,
4508,2.7986,,,,,,,,
4509,2.697,,,,,,,,
4510,3.0252,,,,,,,,
4511,2.9578,,,,,,,,
4512,3.2866,,,,,,,,
4513,3.0283,,,,,,,,
4514,2.8458,,,,,,,,
4515,3.3552,,,,,,,,
4516,3.1274,,,,,,,,
4517,3.1492,,,,,,,,
4518,2.9615,,,,,,,,
4519,2.9496,,,,,,,,
4520,3.2239,,,,,,,,
4521,3.0555,,,,,,,,
4522,3.3909,,,,,,,,
4523,2.9467,,,,,,,,
4524,3.1316,,,,,,,,
4525,3.1797,,,,,,,,
4526,2.9987,,,,,,,,
4527,3.1601,,,,,,,,
4528,3.0658,,,,,,,,
4529,2.9059,,,,,,,,
4530,3.1098,,,,,,,,
4531,2.8026,,,,,,,,
4532,2.5513,,,,,,,,
4533,2.6567,,,,,,,,
4534,2.6192,,,,,,,,
4535,2.6861,,,,,,,,
4536,2.7493,,,,,,,,
4537,2.6232,,,,,,,,
4538,2.3814,,,,,,,,
4539,4.5509,,,,,,,,
4540,2.7529,,,,,,,,
4541,2.9497,,,,,,,,
4542,2.6542,,,,,,,,
4543,3.2798,,,,,,,,
4544,3.5061,,,,,,,,
4545,2.7648,,,,,,,,
4546,2.6987,,,,,,,,
4547,2.5776,,,,,,,,
4548,3.0071,,,,,,,,
4549,2.7201,,,,,,,,
4550,2.8473,,,,,,,,
4551,2.7091,,,,,,,,
4552,2.6959,,,,,,,,
4553,2.8135,,,,,,,,
4554,2.7757,,,,,,,,
4555,2.7956,,,,,,,,
4556,2.7866,,,,,,,,
4557,2.6479,,,,,,,,
4558,2.6389,,,,,,,,
4559,2.9771,,,,,,,,
4560,3.0071,,,,,,,,
4561,2.8749,,,,,,,,
4562,2.8561,,,,,,,,
4563,2.7857,,,,,,,,
4564,2.9442,,,,,,,,
4565,2.8174,,,,,,,,
4566,2.711,,,,,,,,
4567,3.0153,,,,,,,,
4568,2.8692,,,,,,,,
4569,2.8594,,,,,,,,
4570,2.788,,,,,,,,
4571,2.7992,,,,,,,,
4572,2.9358,,,,,,,,
4573,2.9088,,,,,,,,
4574,2.9086,,,,,,,,
4575,2.9284,,,,,,,,
4576,3.122,,,,,,,,
4577,2.8423,,,,,,,,
4578,2.9942,,,,,,,,
4579,2.7879,,,,,,,,
4580,2.8406,,,,,,,,
4581,2.7693,,,,,,,,
4582,3.0019,,,,,,,,
4583,3.0335,,,,,,,,
4584,2.8392,,,,,,,,
4585,2.9572,,,,,,,,
4586,2.9337,,,,,,,,
4587,2.9585,,,,,,,,
4588,2.8053,,,,,,,,
4589,2.745,,,,,,,,
4590,2.8807,,,,,,,,
4591,2.7755,,,,,,,,
4592,3.0128,,,,,,,,
4593,3.0851,,,,,,,,
4594,2.7624,,,,,,,,
4595,2.9018,,,,,,,,
4596,2.99,,,,,,,,
4597,2.9611,,,,,,,,
4598,3.1096,,,,,,,,
4599,2.8143,,,,,,,,
4600,3.0349,,,,,,,,
4601,2.9339,,,,,,,,
4602,2.9576,,,,,,,,
4603,3.0158,,,,,,,,
4604,2.9027,,,,,,,,
4605,2.879,,,,,,,,
4606,2.9005,,,,,,,,
4607,2.9837,,,,,,,,
4608,3.0838,,,,,,,,
4609,2.785,,,,,,,,
4610,2.9797,,,,,,,,
4611,3.1183,,,,,,,,
4612,2.9692,,,,,,,,
4613,3.1336,,,,,,,,
4614,3.5006,,,,,,,,
4615,3.2396,,,,,,,,
4616,3.517,,,,,,,,
4617,3.2622,,,,,,,,
4618,3.5855,,,,,,,,
4619,3.2434,,,,,,,,
4620,3.3252,,,,,,,,
4621,3.0953,,,,,,,,
4622,2.9483,,,,,,,,
4623,3.0574,,,,,,,,
4624,2.8965,,,,,,,,
4625,3.2053,,,,,,,,
4626,2.9677,,,,,,,,
4627,2.827,,,,,,,,
4628,3.1498,,,,,,,,
4629,2.8709,,,,,,,,
4630,2.9754,,,,,,,,
4631,2.8288,,,,,,,,
4632,3.0731,,,,,,,,
4633,3.1872,,,,,,,,
4634,2.778,,,,,,,,
4635,2.7918,,,,,,,,
4636,2.6164,,,,,,,,
4637,2.7356,,,,,,,,
4638,2.6804,,,,,,,,
4639,2.7255,,,,,,,,
4640,2.8379,,,,,,,,
4641,2.6268,,,,,,,,
4642,2.8038,,,,,,,,
4643,2.5826,,,,,,,,
4644,2.7709,,,,,,,,
4645,2.5666,,,,,,,,
4646,2.6967,,,,,,,,
4647,2.8014,,,,,,,,
4648,2.6785,,,,,,,,
4649,2.7656,,,,,,,,
4650,2.91,,,,,,,,
4651,2.7141,,,,,,,,
4652,2.7089,,,,,,,,
4653,2.6176,,,,,,,,
4654,2.6339,,,,,,,,
4655,2.7308,,,,,,,,
4656,2.9295,,,,,,,,
4657,2.6374,,,,,,,,
4658,2.8077,,,,,,,,
4659,2.5571,,,,,,,,
4660,2.9121,,,,,,,,
4661,2.7683,,,,,,,,
4662,3.5993,,,,,,,,
4663,3.0926,,,,,,,,
4664,2.7373,,,,,,,,
4665,2.7975,,,,,,,,
4666,2.8393,,,,,,,,
4667,2.9637,,,,,,,,
4668,2.9032,,,,,,,,
4669,2.8376,,,,,,,,
4670,2.9965,,,,,,,,
4671,2.8177,,,,,,,,
4672,3.1781,,,,,,,,
4673,3.1065,,,,,,,,
4674,2.6848,,,,,,,,
4675,2.7477,,,,,,,,
4676,2.7716,,,,,,,,
4677,2.9125,,,,,,,,
4678,3.2646,,,,,,,,
4679,2.6959,,,,,,,,
4680,2.6195,,,,,,,,
4681,2.7852,,,,,,,,
4682,2.7563,,,,,,,,
4683,3.3698,,,,,,,,
4684,2.6027,,,,,,,,
4685,2.733,,,,,,,,
4686,2.7289,,,,,,,,
4687,2.6984,,,,,,,,
4688,3.247,,,,,,,,
4689,3.1023,,,,,,,,
4690,2.7446,,,,,,,,
4691,2.6816,,,,,,,,
4692,2.6204,,,,,,,,
4693,2.7004,,,,,,,,
4694,2.9033,,,,,,,,
4695,2.7725,,,,,,,,
4696,2.6964,,,,,,,,
4697,2.9095,,,,,,,,
4698,2.5852,,,,,,,,
4699,3.0896,,,,,,,,
4700,3.1145,,,,,,,,
4701,2.7205,,,,,,,,
4702,2.592,,,,,,,,
4703,2.6013,,,,,,,,
4704,2.6256,,,,,,,,
4705,3.532,,,,,,,,
4706,3.063,,,,,,,,
4707,2.8223,,,,,,,,
4708,2.7964,,,,,,,,
4709,2.8409,,,,,,,,
4710,2.9519,,,,,,,,
4711,2.8675,,,,,,,,
4712,2.6906,,,,,,,,
4713,3.0101,,,,,,,,
4714,2.9372,,,,,,,,
4715,2.9425,,,,,,,,
4716,3.4211,,,,,,,,
4717,3.1518,,,,,,,,
4718,2.8366,,,,,,,,
4719,2.7478,,,,,,,,
4720,2.5888,,,,,,,,
4721,3.1821,,,,,,,,
4722,2.9716,,,,,,,,
4723,3.0007,,,,,,,,
4724,3.0712,,,,,,,,
4725,2.8649,,,,,,,,
4726,3.1571,,,,,,,,
4727,2.9279,,,,,,,,
4728,2.7864,,,,,,,,
4729,2.9002,,,,,,,,
4730,3.3962,,,,,,,,
4731,3.0551,,,,,,,,
4732,2.7232,,,,,,,,
4733,2.8056,,,,,,,,
4734,2.8353,,,,,,,,
4735,2.7991,,,,,,,,
4736,2.7304,,,,,,,,
4737,3.2482,,,,,,,,
4738,2.7512,,,,,,,,
4739,2.8278,,,,,,,,
4740,2.6026,,,,,,,,
4741,2.7186,,,,,,,,
4742,2.783,,,,,,,,
4743,2.6498,,,,,,,,
4744,2.7301,,,,,,,,
4745,2.5796,,,,,,,,
4746,2.6429,,,,,,,,
4747,2.6543,,,,,,,,
4748,2.7922,,,,,,,,
4749,2.8446,,,,,,,,
4750,2.7997,,,,,,,,
4751,2.8791,,,,,,,,
4752,2.9044,,,,,,,,
4753,3.04,,,,,,,,
4754,3.0227,,,,,,,,
4755,2.7988,,,,,,,,
4756,2.72,,,,,,,,
4757,2.6899,,,,,,,,
4758,2.5782,,,,,,,,
4759,2.8503,,,,,,,,
4760,2.8016,,,,,,,,
4761,2.69,,,,,,,,
4762,2.6795,,,,,,,,
4763,2.7224,,,,,,,,
4764,2.8807,,,,,,,,
4765,2.8641,,,,,,,,
4766,2.7347,,,,,,,,
4767,2.7747,,,,,,,,
4768,2.6764,,,,,,,,
4769,2.5689,,,,,,,,
4770,3.4923,,,,,,,,
4771,3.1845,,,,,,,,
4772,3.2988,,,,,,,,
4773,2.6577,,,,,,,,
4774,2.7438,,,,,,,,
4775,2.8353,,,,,,,,
4776,2.743,,,,,,,,
4777,2.6769,,,,,,,,
4778,2.6281,,,,,,,,
4779,2.588,,,,,,,,
4780,2.7288,,,,,,,,
4781,2.9601,,,,,,,,
4782,2.6789,,,,,,,,
4783,2.6529,,,,,,,,
4784,2.6904,,,,,,,,
4785,2.6633,,,,,,,,
4786,2.6759,,,,,,,,
4787,3.0375,,,,,,,,
4788,2.6516,,,,,,,,
4789,2.7156,,,,,,,,
4790,2.6931,,,,,,,,
4791,2.6943,,,,,,,,
4792,2.8062,,,,,,,,
4793,2.7015,,,,,,,,
4794,2.7623,,,,,,,,
4795,2.6978,,,,,,,,
4796,2.7712,,,,,,,,
4797,2.7456,,,,,,,,
4798,3.0552,,,,,,,,
4799,2.8381,,,,,,,,
4800,2.8023,,,,,,,,
4801,2.7678,,,,,,,,
4802,2.7432,,,,,,,,
4803,2.7256,,,,,,,,
4804,3.0155,,,,,,,,
4805,2.7427,,,,,,,,
4806,2.6705,,,,,,,,
4807,2.6542,,,,,,,,
4808,2.722,,,,,,,,
4809,2.8471,,,,,,,,
4810,3.0993,,,,,,,,
4811,2.8252,,,,,,,,
4812,2.8107,,,,,,,,
4813,2.6678,,,,,,,,
4814,2.7441,,,,,,,,
4815,3.0799,,,,,,,,
4816,3.1947,,,,,,,,
4817,2.7007,,,,,,,,
4818,2.7795,,,,,,,,
4819,2.7646,,,,,,,,
4820,2.7882,,,,,,,,
4821,3.1057,,,,,,,,
4822,2.8907,,,,,,,,
4823,2.9159,,,,,,,,
4824,2.7668,,,,,,,,
4825,2.7485,,,,,,,,
4826,2.7849,,,,,,,,
4827,3.1784,,,,,,,,
4828,3.1277,,,,,,,,
4829,3.284,,,,,,,,
4830,3.0184,,,,,,,,
4831,2.8389,,,,,,,,
4832,3.2817,,,,,,,,
4833,3.0139,,,,,,,,
4834,2.9759,,,,,,,,
4835,3.0048,,,,,,,,
4836,2.9883,,,,,,,,
4837,3.1387,,,,,,,,
4838,2.9702,,,,,,,,
4839,3.0652,,,,,,,,
4840,3.094,,,,,,,,
4841,2.8581,,,,,,,,
4842,3.0687,,,,,,,,
4843,2.8424,,,,,,,,
4844,2.9604,,,,,,,,
4845,2.8682,,,,,,,,
4846,3.0112,,,,,,,,
4847,2.9733,,,,,,,,
4848,3.5492,,,,,,,,
4849,2.996,,,,,,,,
4850,2.8931,,,,,,,,
4851,3.0205,,,,,,,,
4852,3.0248,,,,,,,,
4853,3.0459,,,,,,,,
4854,2.7751,,,,,,,,
4855,2.8598,,,,,,,,
4856,2.7094,,,,,,,,
4857,3.0191,,,,,,,,
4858,2.9681,,,,,,,,
4859,2.8809,,,,,,,,
4860,2.8656,,,,,,,,
4861,2.8407,,,,,,,,
4862,3.2253,,,,,,,,
4863,3.1053,,,,,,,,
4864,2.7623,,,,,,,,
4865,2.7042,,,,,,,,
4866,2.8641,,,,,,,,
4867,2.8562,,,,,,,,
4868,3.169,,,,,,,,
4869,2.8294,,,,,,,,
4870,2.7709,,,,,,,,
4871,2.8442,,,,,,,,
4872,2.8036,,,,,,,,
4873,3.3827,,,,,,,,
4874,3.0477,,,,,,,,
4875,2.9588,,,,,,,,
4876,2.9929,,,,,,,,
4877,2.8844,,,,,,,,
4878,3.2088,,,,,,,,
4879,3.0771,,,,,,,,
4880,3.0673,,,,,,,,
4881,3.2263,,,,,,,,
4882,2.9692,,,,,,,,
4883,3.2243,,,,,,,,
4884,3.3301,,,,,,,,
4885,3.1403,,,,,,,,
4886,2.994,,,,,,,,
4887,2.8501,,,,,,,,
4888,2.8379,,,,,,,,
4889,3.5286,,,,,,,,
4890,3.1073,,,,,,,,
4891,3.0045,,,,,,,,
4892,2.7445,,,,,,,,
4893,2.7946,,,,,,,,
4894,3.4638,,,,,,,,
4895,4.6286,,,,,,,,
4896,3.0467,,,,,,,,
4897,2.8624,,,,,,,,
4898,3.2117,,,,,,,,
4899,3.5262,,,,,,,,
4900,2.9074,,,,,,,,
4901,2.7879,,,,,,,,
4902,2.8721,,,,,,,,
4903,3.1287,,,,,,,,
4904,3.2373,,,,,,,,
4905,2.8906,,,,,,,,
4906,2.9001,,,,,,,,
4907,3.033,,,,,,,,
4908,2.9489,,,,,,,,
4909,2.9484,,,,,,,,
4910,2.8556,,,,,,,,
4911,2.8405,,,,,,,,
4912,2.9485,,,,,,,,
4913,3.0877,,,,,,,,
4914,3.1058,,,,,,,,
4915,2.7534,,,,,,,,
4916,2.9411,,,,,,,,
4917,2.8412,,,,,,,,
4918,2.9737,,,,,,,,
4919,2.8304,,,,,,,,
4920,3.0889,,,,,,,,
4921,3.0164,,,,,,,,
4922,2.7682,,,,,,,,
4923,2.7769,,,,,,,,
4924,2.6688,,,,,,,,
4925,3.4937,,,,,,,,
4926,2.9589,,,,,,,,
4927,2.9044,,,,,,,,
4928,3.0677,,,,,,,,
4929,2.9691,,,,,,,,
4930,3.0113,,,,,,,,
4931,2.8931,,,,,,,,
4932,2.9381,,,,,,,,
4933,2.925,,,,,,,,
4934,2.8622,,,,,,,,
4935,3.1209,,,,,,,,
4936,2.8301,,,,,,,,
4937,2.7165,,,,,,,,
4938,2.8801,,,,,,,,
4939,2.8525,,,,,,,,
4940,3.1236,,,,,,,,
4941,2.8377,,,,,,,,
4942,2.7334,,,,,,,,
4943,2.8792,,,,,,,,
4944,2.9388,,,,,,,,
4945,2.8462,,,,,,,,
4946,2.9999,,,,,,,,
4947,2.8318,,,,,,,,
4948,2.943,,,,,,,,
4949,2.9265,,,,,,,,
4950,2.8915,,,,,,,,
4951,3.114,,,,,,,,
4952,2.9251,,,,,,,,
4953,2.8567,,,,,,,,
4954,2.9102,,,,,,,,
4955,2.9019,,,,,,,,
4956,3.5592,,,,,,,,
4957,3.4815,,,,,,,,
4958,2.6882,,,,,,,,
4959,2.7945,,,,,,,,
4960,3.0571,,,,,,,,
4961,3.4154,,,,,,,,
4962,2.7701,,,,,,,,
4963,2.7516,,,,,,,,
4964,2.8072,,,,,,,,
4965,2.6974,,,,,,,,
4966,2.9122,,,,,,,,
4967,3.0606,,,,,,,,
4968,2.8075,,,,,,,,
4969,2.7376,,,,,,,,
4970,2.8247,,,,,,,,
4971,2.8301,,,,,,,,
4972,2.9729,,,,,,,,
4973,2.7223,,,,,,,,
4974,2.7757,,,,,,,,
4975,2.7504,,,,,,,,
4976,2.7774,,,,,,,,
4977,2.744,,,,,,,,
4978,3.2564,,,,,,,,
4979,2.8961,,,,,,,,
4980,2.8475,,,,,,,,
4981,2.7017,,,,,,,,
4982,2.742,,,,,,,,
4983,2.7587,,,,,,,,
4984,2.722,,,,,,,,
4985,2.9448,,,,,,,,
4986,2.7754,,,,,,,,
4987,2.7225,,,,,,,,
4988,2.9802,,,,,,,,
4989,3.2315,,,,,,,,
4990,2.8588,,,,,,,,
4991,2.8286,,,,,,,,
4992,2.7104,,,,,,,,
4993,2.72,,,,,,,,
4994,3.2747,,,,,,,,
4995,2.7936,,,,,,,,
4996,2.8556,,,,,,,,
4997,2.7906,,,,,,,,
4998,2.5984,,,,,,,,
4999,3.2728,,,,,,,,
5000,2.9982,,,,,,,,
5001,2.8724,,,,,,,,
5002,2.8791,,,,,,,,
5003,2.8298,,,,,,,,
5004,2.9206,,,,,,,,
5005,2.8346,,,,,,,,
5006,2.8275,,,,,,,,
5007,2.8232,,,,,,,,
5008,2.6852,,,,,,,,
5009,2.8521,,,,,,,,
5010,3.5745,,,,,,,,
5011,3.1285,,,,,,,,
5012,2.5794,,,,,,,,
5013,2.5783,,,,,,,,
5014,2.7407,,,,,,,,
5015,2.8702,,,,,,,,
5016,2.7999,,,,,,,,
5017,2.6833,,,,,,,,
5018,2.6515,,,,,,,,
5019,2.6715,,,,,,,,
5020,2.9288,,,,,,,,
5021,2.9404,,,,,,,,
5022,2.7611,,,,,,,,
5023,2.5595,,,,,,,,
5024,2.5989,,,,,,,,
5025,2.7472,,,,,,,,
5026,2.7017,,,,,,,,
5027,2.9995,,,,,,,,
5028,2.8095,,,,,,,,
5029,2.5959,,,,,,,,
5030,2.704,,,,,,,,
5031,2.8603,,,,,,,,
5032,2.8392,,,,,,,,
5033,2.8583,,,,,,,,
5034,2.8488,,,,,,,,
5035,2.6637,,,,,,,,
5036,2.8825,,,,,,,,
5037,2.6767,,,,,,,,
5038,3.1807,,,,,,,,
5039,2.8153,,,,,,,,
5040,2.7618,,,,,,,,
5041,2.8809,,,,,,,,
5042,2.9731,,,,,,,,
5043,3.4786,,,,,,,,
5044,3.4878,,,,,,,,
5045,3.0077,,,,,,,,
5046,2.9407,,,,,,,,
5047,2.8962,,,,,,,,
5048,2.8569,,,,,,,,
5049,2.7892,,,,,,,,
5050,3.1394,,,,,,,,
5051,3.0348,,,,,,,,
5052,2.8948,,,,,,,,
5053,2.9488,,,,,,,,
5054,3.099,,,,,,,,
5055,2.9771,,,,,,,,
5056,2.8791,,,,,,,,
5057,2.8799,,,,,,,,
5058,2.797,,,,,,,,
5059,3.1228,,,,,,,,
5060,3.173,,,,,,,,
5061,3.3505,,,,,,,,
5062,2.8199,,,,,,,,
5063,2.8065,,,,,,,,
5064,3.0195,,,,,,,,
5065,2.8077,,,,,,,,
5066,3.0633,,,,,,,,
5067,2.9449,,,,,,,,
5068,2.9703,,,,,,,,
5069,3.3654,,,,,,,,
5070,3.0144,,,,,,,,
5071,2.8237,,,,,,,,
5072,3.051,,,,,,,,
5073,2.8925,,,,,,,,
5074,3.0367,,,,,,,,
5075,2.7518,,,,,,,,
5076,2.894,,,,,,,,
5077,2.8981,,,,,,,,
5078,2.8347,,,,,,,,
5079,2.9606,,,,,,,,
5080,3.1054,,,,,,,,
5081,2.7234,,,,,,,,
5082,2.7702,,,,,,,,
5083,2.651,,,,,,,,
5084,2.7977,,,,,,,,
5085,3.0387,,,,,,,,
5086,2.7547,,,,,,,,
5087,2.772,,,,,,,,
5088,2.7783,,,,,,,,
5089,2.7262,,,,,,,,
5090,2.9308,,,,,,,,
5091,3.0278,,,,,,,,
5092,2.9115,,,,,,,,
5093,2.8351,,,,,,,,
5094,2.7765,,,,,,,,
5095,2.8369,,,,,,,,
5096,2.8813,,,,,,,,
5097,2.8891,,,,,,,,
5098,3.3351,,,,,,,,
5099,2.8127,,,,,,,,
5100,3.0508,,,,,,,,
5101,2.8172,,,,,,,,
5102,3.7714,,,,,,,,
5103,2.8147,,,,,,,,
5104,2.7758,,,,,,,,
5105,2.8403,,,,,,,,
5106,2.9628,,,,,,,,
5107,3.0263,,,,,,,,
5108,2.8609,,,,,,,,
5109,2.8285,,,,,,,,
5110,2.6593,,,,,,,,
5111,2.8232,,,,,,,,
5112,3.137,,,,,,,,
5113,2.8164,,,,,,,,
5114,2.7806,,,,,,,,
5115,2.7579,,,,,,,,
5116,2.7982,,,,,,,,
5117,2.8145,,,,,,,,
5118,3.2324,,,,,,,,
5119,2.9017,,,,,,,,
5120,2.8272,,,,,,,,
5121,2.9067,,,,,,,,
5122,2.7689,,,,,,,,
5123,3.28,,,,,,,,
5124,3.1994,,,,,,,,
5125,2.9691,,,,,,,,
5126,2.6022,,,,,,,,
5127,2.7278,,,,,,,,
5128,3.1358,,,,,,,,
5129,3.3256,,,,,,,,
5130,2.9333,,,,,,,,
5131,2.8881,,,,,,,,
5132,2.7512,,,,,,,,
5133,3.4558,,,,,,,,
5134,2.9739,,,,,,,,
5135,2.8529,,,,,,,,
5136,3.0412,,,,,,,,
5137,3.0561,,,,,,,,
5138,3.3618,,,,,,,,
5139,3.1829,,,,,,,,
5140,3.0059,,,,,,,,
5141,2.9311,,,,,,,,
5142,2.9747,,,,,,,,
5143,3.955,,,,,,,,
5144,2.8483,,,,,,,,
5145,3.2599,,,,,,,,
5146,2.6993,,,,,,,,
5147,2.63,,,,,,,,
5148,2.7345,,,,,,,,
5149,2.538,,,,,,,,
5150,2.7531,,,,,,,,
5151,2.7092,,,,,,,,
5152,2.848,,,,,,,,
5153,2.7683,,,,,,,,
5154,2.732,,,,,,,,
5155,2.7747,,,,,,,,
5156,2.5567,,,,,,,,
5157,2.827,,,,,,,,
5158,2.6961,,,,,,,,
5159,2.9076,,,,,,,,
5160,3.2743,,,,,,,,
5161,2.725,,,,,,,,
5162,2.8103,,,,,,,,
5163,2.8593,,,,,,,,
5164,2.6858,,,,,,,,
5165,2.8766,,,,,,,,
5166,2.7916,,,,,,,,
5167,2.667,,,,,,,,
5168,2.7979,,,,,,,,
5169,3.6181,,,,,,,,
5170,2.9261,,,,,,,,
5171,2.9156,,,,,,,,
5172,2.8468,,,,,,,,
5173,2.9168,,,,,,,,
5174,2.8721,,,,,,,,
5175,3.0124,,,,,,,,
5176,2.9778,,,,,,,,
5177,3.0196,,,,,,,,
5178,2.9422,,,,,,,,
5179,2.8756,,,,,,,,
5180,2.8534,,,,,,,,
5181,2.97,,,,,,,,
5182,2.7916,,,,,,,,
5183,2.8012,,,,,,,,
5184,2.6907,,,,,,,,
5185,2.8064,,,,,,,,
5186,3.0283,,,,,,,,
5187,2.7678,,,,,,,,
5188,2.9485,,,,,,,,
5189,2.6408,,,,,,,,
5190,2.6732,,,,,,,,
5191,2.7339,,,,,,,,
5192,2.7132,,,,,,,,
5193,2.822,,,,,,,,
5194,2.7685,,,,,,,,
5195,2.8069,,,,,,,,
5196,2.7972,,,,,,,,
5197,3.4891,,,,,,,,
5198,3.0666,,,,,,,,
5199,2.662,,,,,,,,
5200,2.6046,,,,,,,,
5201,2.4031,,,,,,,,
5202,2.4977,,,,,,,,
5203,3.1383,,,,,,,,
5204,3.1878,,,,,,,,
5205,2.6011,,,,,,,,
5206,2.5264,,,,,,,,
5207,2.5591,,,,,,,,
5208,2.5932,,,,,,,,
5209,2.9255,,,,,,,,
5210,2.6817,,,,,,,,
5211,2.5914,,,,,,,,
5212,2.6814,,,,,,,,
5213,2.5505,,,,,,,,
5214,2.5913,,,,,,,,
5215,3.3339,,,,,,,,
5216,2.7249,,,,,,,,
5217,2.6388,,,,,,,,
5218,2.6937,,,,,,,,
5219,2.6302,,,,,,,,
5220,2.7044,,,,,,,,
5221,2.6731,,,,,,,,
5222,2.5142,,,,,,,,
5223,2.5776,,,,,,,,
5224,2.6905,,,,,,,,
5225,2.6206,,,,,,,,
5226,2.8043,,,,,,,,
5227,2.6669,,,,,,,,
5228,2.6343,,,,,,,,
5229,2.6307,,,,,,,,
5230,2.7571,,,,,,,,
5231,2.6376,,,,,,,,
5232,3.2517,,,,,,,,
5233,3.0665,,,,,,,,
5234,2.5971,,,,,,,,
5235,2.6593,,,,,,,,
5236,2.558,,,,,,,,
5237,2.633,,,,,,,,
5238,2.8419,,,,,,,,
5239,2.6398,,,,,,,,
5240,2.6905,,,,,,,,
5241,2.8295,,,,,,,,
5242,2.6819,,,,,,,,
5243,2.8901,,,,,,,,
5244,2.6819,,,,,,,,
5245,2.6079,,,,,,,,
5246,3.5239,,,,,,,,
5247,2.8003,,,,,,,,
5248,2.8255,,,,,,,,
5249,2.7563,,,,,,,,
5250,2.9047,,,,,,,,
5251,3.0557,,,,,,,,
5252,2.7672,,,,,,,,
5253,2.513,,,,,,,,
5254,2.7972,,,,,,,,
5255,2.669,,,,,,,,
5256,2.5923,,,,,,,,
5257,2.6004,,,,,,,,
5258,2.7901,,,,,,,,
5259,2.7445,,,,,,,,
5260,3.4268,,,,,,,,
5261,2.6532,,,,,,,,
5262,2.605,,,,,,,,
5263,2.7815,,,,,,,,
5264,2.776,,,,,,,,
5265,2.8353,,,,,,,,
5266,2.7042,,,,,,,,
5267,2.4802,,,,,,,,
5268,2.6294,,,,,,,,
5269,2.7045,,,,,,,,
5270,2.8065,,,,,,,,
5271,2.8604,,,,,,,,
5272,2.5042,,,,,,,,
5273,2.5805,,,,,,,,
5274,2.6851,,,,,,,,
5275,2.5579,,,,,,,,
5276,2.6108,,,,,,,,
5277,2.8412,,,,,,,,
5278,2.5051,,,,,,,,
5279,2.7687,,,,,,,,
5280,2.7022,,,,,,,,
5281,2.6378,,,,,,,,
5282,2.5995,,,,,,,,
5283,2.8825,,,,,,,,
5284,2.8256,,,,,,,,
5285,2.7836,,,,,,,,
5286,2.6878,,,,,,,,
5287,2.5308,,,,,,,,
5288,2.7781,,,,,,,,
5289,2.7601,,,,,,,,
5290,2.6598,,,,,,,,
5291,2.635,,,,,,,,
5292,2.5802,,,,,,,,
5293,2.6301,,,,,,,,
5294,3.1513,,,,,,,,
5295,2.6942,,,,,,,,
5296,2.6916,,,,,,,,
5297,2.5646,,,,,,,,
5298,2.6277,,,,,,,,
5299,2.5891,,,,,,,,
5300,3.0171,,,,,,,,
5301,2.7704,,,,,,,,
5302,2.6831,,,,,,,,
5303,2.7376,,,,,,,,
5304,2.4951,,,,,,,,
5305,2.6705,,,,,,,,
5306,2.7712,,,,,,,,
5307,2.8193,,,,,,,,
5308,2.64,,,,,,,,
5309,2.5926,,,,,,,,
5310,2.6118,,,,,,,,
5311,3.2813,,,,,,,,
5312,3.1797,,,,,,,,
5313,2.7801,,,,,,,,
5314,2.8381,,,,,,,,
5315,2.9182,,,,,,,,
5316,2.8832,,,,,,,,
5317,2.8111,,,,,,,,
5318,2.5641,,,,,,,,
5319,2.721,,,,,,,,
5320,2.7123,,,,,,,,
5321,2.8185,,,,,,,,
5322,3.1852,,,,,,,,
5323,2.8409,,,,,,,,
5324,2.8095,,,,,,,,
5325,2.7279,,,,,,,,
5326,2.7312,,,,,,,,
5327,3.0971,,,,,,,,
5328,2.7735,,,,,,,,
5329,2.7913,,,,,,,,
5330,2.6807,,,,,,,,
5331,2.8312,,,,,,,,
5332,3.0094,,,,,,,,
5333,3.1951,,,,,,,,
5334,2.9043,,,,,,,,
5335,2.7476,,,,,,,,
5336,2.9828,,,,,,,,
5337,3.0557,,,,,,,,
5338,3.1826,,,,,,,,
5339,2.7634,,,,,,,,
5340,2.8219,,,,,,,,
5341,2.8053,,,,,,,,
5342,2.8365,,,,,,,,
5343,3.3862,,,,,,,,
5344,4.1806,,,,,,,,
5345,3.9985,,,,,,,,
5346,4.0074,,,,,,,,
5347,3.6775,,,,,,,,
5348,2.7124,,,,,,,,
5349,2.7942,,,,,,,,
5350,2.9948,,,,,,,,
5351,2.9159,,,,,,,,
5352,2.8334,,,,,,,,
5353,3.5988,,,,,,,,
5354,3.0245,,,,,,,,
5355,3.2219,,,,,,,,
5356,3.0532,,,,,,,,
5357,3.241,,,,,,,,
5358,3.1013,,,,,,,,
5359,2.9885,,,,,,,,
5360,3.0091,,,,,,,,
5361,2.9386,,,,,,,,
5362,3.0678,,,,,,,,
5363,2.6498,,,,,,,,
5364,2.742,,,,,,,,
5365,3.0491,,,,,,,,
5366,2.7259,,,,,,,,
5367,2.8004,,,,,,,,
5368,2.8906,,,,,,,,
5369,2.6955,,,,,,,,
5370,2.9612,,,,,,,,
5371,2.7597,,,,,,,,
5372,2.6729,,,,,,,,
5373,2.7291,,,,,,,,
5374,2.9081,,,,,,,,
5375,2.8923,,,,,,,,
5376,2.841,,,,,,,,
5377,2.7146,,,,,,,,
5378,2.6549,,,,,,,,
5379,3.2198,,,,,,,,
5380,3.265,,,,,,,,
5381,2.8915,,,,,,,,
5382,3.1143,,,,,,,,
5383,2.7248,,,,,,,,
5384,2.7876,,,,,,,,
5385,3.1883,,,,,,,,
5386,2.9095,,,,,,,,
5387,2.9191,,,,,,,,
5388,2.9268,,,,,,,,
5389,2.8416,,,,,,,,
5390,3.5825,,,,,,,,
5391,2.8855,,,,,,,,
5392,2.9942,,,,,,,,
5393,2.9556,,,,,,,,
5394,3.0137,,,,,,,,
5395,2.9245,,,,,,,,
5396,2.8439,,,,,,,,
5397,2.8394,,,,,,,,
5398,3.0363,,,,,,,,
5399,3.2186,,,,,,,,
5400,3.2712,,,,,,,,
5401,2.7937,,,,,,,,
5402,2.7478,,,,,,,,
5403,2.8638,,,,,,,,
5404,3.269,,,,,,,,
5405,3.2521,,,,,,,,
5406,2.936,,,,,,,,
5407,2.7721,,,,,,,,
5408,2.8991,,,,,,,,
5409,3.3542,,,,,,,,
5410,3.2367,,,,,,,,
5411,3.0447,,,,,,,,
5412,2.826,,,,,,,,
5413,3.0774,,,,,,,,
5414,3.2433,,,,,,,,
5415,2.8672,,,,,,,,
5416,3.0491,,,,,,,,
5417,2.8993,,,,,,,,
5418,2.9819,,,,,,,,
5419,3.0496,,,,,,,,
5420,2.9911,,,,,,,,
5421,3.5446,,,,,,,,
5422,3.0354,,,,,,,,
5423,3.8398,,,,,,,,
5424,2.9242,,,,,,,,
5425,3.0935,,,,,,,,
5426,2.8419,,,,,,,,
5427,2.836,,,,,,,,
5428,2.821,,,,,,,,
5429,2.7691,,,,,,,,
5430,2.9503,,,,,,,,
5431,2.873,,,,,,,,
5432,2.8066,,,,,,,,
5433,2.9366,,,,,,,,
5434,2.8828,,,,,,,,
5435,2.8363,,,,,,,,
5436,3.0577,,,,,,,,
5437,2.9978,,,,,,,,
5438,2.9848,,,,,,,,
5439,2.8418,,,,,,,,
5440,2.934,,,,,,,,
5441,3.2467,,,,,,,,
5442,3.1395,,,,,,,,
5443,3.0658,,,,,,,,
5444,2.9652,,,,,,,,
5445,2.907,,,,,,,,
5446,3.5128,,,,,,,,
5447,4.3889,,,,,,,,
5448,4.0613,,,,,,,,
5449,2.928,,,,,,,,
5450,3.3745,,,,,,,,
5451,3.0841,,,,,,,,
5452,2.9584,,,,,,,,
5453,2.9132,,,,,,,,
5454,2.93,,,,,,,,
5455,3.7701,,,,,,,,
5456,3.5015,,,,,,,,
5457,3.1777,,,,,,,,
5458,3.0668,,,,,,,,
5459,2.8767,,,,,,,,
5460,3.2841,,,,,,,,
5461,3.0458,,,,,,,,
5462,2.9642,,,,,,,,
5463,2.6832,,,,,,,,
5464,2.7173,,,,,,,,
5465,2.7456,,,,,,,,
5466,3.3568,,,,,,,,
5467,2.7516,,,,,,,,
5468,2.7899,,,,,,,,
5469,2.6597,,,,,,,,
5470,2.6862,,,,,,,,
5471,3.285,,,,,,,,
5472,2.7775,,,,,,,,
5473,2.7515,,,,,,,,
5474,2.8476,,,,,,,,
5475,2.9036,,,,,,,,
5476,3.1897,,,,,,,,
5477,2.8962,,,,,,,,
5478,2.781,,,,,,,,
5479,2.8188,,,,,,,,
5480,2.8824,,,,,,,,
5481,2.8549,,,,,,,,
5482,2.8299,,,,,,,,
5483,2.7504,,,,,,,,
5484,2.8477,,,,,,,,
5485,2.7693,,,,,,,,
5486,2.8114,,,,,,,,
5487,2.9536,,,,,,,,
5488,2.8276,,,,,,,,
5489,2.8229,,,,,,,,
5490,2.8341,,,,,,,,
5491,2.8448,,,,,,,,
5492,2.8559,,,,,,,,
5493,3.1306,,,,,,,,
5494,3.4094,,,,,,,,
5495,3.0584,,,,,,,,
5496,2.8597,,,,,,,,
5497,2.9345,,,,,,,,
5498,3.1367,,,,,,,,
5499,3.0243,,,,,,,,
5500,2.9573,,,,,,,,
5501,2.8978,,,,,,,,
5502,2.8775,,,,,,,,
5503,2.882,,,,,,,,
5504,3.2018,,,,,,,,
5505,2.9667,,,,,,,,
5506,3.0632,,,,,,,,
5507,2.9847,,,,,,,,
5508,2.939,,,,,,,,
5509,3.504,,,,,,,,
5510,2.7616,,,,,,,,
5511,2.702,,,,,,,,
5512,2.855,,,,,,,,
5513,2.9669,,,,,,,,
5514,3.1336,,,,,,,,
5515,3.246,,,,,,,,
5516,2.9139,,,,,,,,
5517,2.7285,,,,,,,,
5518,2.9906,,,,,,,,
5519,3.2601,,,,,,,,
5520,3.1234,,,,,,,,
5521,3.004,,,,,,,,
5522,2.8187,,,,,,,,
5523,3.0933,,,,,,,,
5524,3.1165,,,,,,,,
5525,2.9204,,,,,,,,
5526,2.8671,,,,,,,,
5527,2.9471,,,,,,,,
5528,3.0352,,,,,,,,
5529,2.9081,,,,,,,,
5530,3.0053,,,,,,,,
5531,2.9042,,,,,,,,
5532,2.9221,,,,,,,,
5533,3.0954,,,,,,,,
5534,2.7703,,,,,,,,
5535,3.3715,,,,,,,,
5536,2.985,,,,,,,,
5537,3.0049,,,,,,,,
5538,3.3877,,,,,,,,
5539,2.9335,,,,,,,,
5540,3.1468,,,,,,,,
5541,2.903,,,,,,,,
5542,2.9726,,,,,,,,
5543,2.9981,,,,,,,,
5544,2.8947,,,,,,,,
5545,3.1449,,,,,,,,
5546,2.8085,,,,,,,,
5547,2.9389,,,,,,,,
5548,2.8876,,,,,,,,
5549,2.9087,,,,,,,,
5550,3.4357,,,,,,,,
5551,3.2779,,,,,,,,
5552,3.2911,,,,,,,,
5553,3.2768,,,,,,,,
5554,3.0542,,,,,,,,
5555,3.6399,,,,,,,,
5556,3.2499,,,,,,,,
5557,3.2085,,,,,,,,
5558,3.0787,,,,,,,,
5559,2.988,,,,,,,,
5560,4.3511,,,,,,,,
5561,4.0584,,,,,,,,
5562,2.7364,,,,,,,,
5563,2.769,,,,,,,,
5564,3.3038,,,,,,,,
5565,2.986,,,,,,,,
5566,2.953,,,,,,,,
5567,2.8759,,,,,,,,
5568,2.825,,,,,,,,
5569,2.9134,,,,,,,,
5570,2.9809,,,,,,,,
5571,2.9778,,,,,,,,
5572,2.8786,,,,,,,,
5573,2.861,,,,,,,,
5574,2.9006,,,,,,,,
5575,2.9958,,,,,,,,
5576,2.8781,,,,,,,,
5577,2.8783,,,,,,,,
5578,2.8494,,,,,,,,
5579,3.0833,,,,,,,,
5580,3.0484,,,,,,,,
5581,3.1701,,,,,,,,
5582,2.7788,,,,,,,,
5583,2.6075,,,,,,,,
5584,2.7156,,,,,,,,
5585,2.7134,,,,,,,,
5586,3.0084,,,,,,,,
5587,2.9071,,,,,,,,
5588,2.7486,,,,,,,,
5589,2.7732,,,,,,,,
5590,2.8152,,,,,,,,
5591,3.0737,,,,,,,,
5592,4.1417,,,,,,,,
5593,2.7038,,,,,,,,
5594,2.8133,,,,,,,,
5595,2.8062,,,,,,,,
5596,2.8916,,,,,,,,
5597,2.8084,,,,,,,,
5598,2.8,,,,,,,,
5599,2.8537,,,,,,,,
5600,2.7297,,,,,,,,
5601,2.7674,,,,,,,,
5602,3.0358,,,,,,,,
5603,2.5734,,,,,,,,
5604,2.7004,,,,,,,,
5605,2.6886,,,,,,,,
5606,2.7462,,,,,,,,
5607,2.6948,,,,,,,,
5608,3.3173,,,,,,,,
5609,3.2063,,,,,,,,
5610,2.8788,,,,,,,,
5611,2.7815,,,,,,,,
5612,2.8882,,,,,,,,
5613,3.1421,,,,,,,,
5614,3.1251,,,,,,,,
5615,2.8797,,,,,,,,
5616,2.893,,,,,,,,
5617,2.7776,,,,,,,,
5618,2.8954,,,,,,,,
5619,2.8935,,,,,,,,
5620,2.913,,,,,,,,
5621,2.8945,,,,,,,,
5622,2.8985,,,,,,,,
5623,3.3026,,,,,,,,
5624,3.0802,,,,,,,,
5625,2.8403,,,,,,,,
5626,2.9168,,,,,,,,
5627,2.8314,,,,,,,,
5628,2.7372,,,,,,,,
5629,3.3698,,,,,,,,
5630,2.8148,,,,,,,,
5631,2.8336,,,,,,,,
5632,2.8044,,,,,,,,
5633,2.99,,,,,,,,
5634,3.3278,,,,,,,,
5635,2.8801,,,,,,,,
5636,2.7833,,,,,,,,
5637,2.7688,,,,,,,,
5638,2.9108,,,,,,,,
5639,2.9945,,,,,,,,
5640,3.1679,,,,,,,,
5641,2.7683,,,,,,,,
5642,2.8219,,,,,,,,
5643,2.9229,,,,,,,,
5644,3.1374,,,,,,,,
5645,3.0212,,,,,,,,
5646,2.9703,,,,,,,,
5647,2.8411,,,,,,,,
5648,3.0424,,,,,,,,
5649,3.1125,,,,,,,,
5650,3.1242,,,,,,,,
5651,3.0789,,,,,,,,
5652,3.0103,,,,,,,,
5653,3.1159,,,,,,,,
5654,3.2048,,,,,,,,
5655,2.8874,,,,,,,,
5656,3.2078,,,,,,,,
5657,2.9968,,,,,,,,
5658,3.3497,,,,,,,,
5659,3.1424,,,,,,,,
5660,2.9577,,,,,,,,
5661,2.9162,,,,,,,,
5662,3.0212,,,,,,,,
5663,3.322,,,,,,,,
5664,3.1543,,,,,,,,
5665,3.3101,,,,,,,,
5666,3.1236,,,,,,,,
5667,2.8791,,,,,,,,
5668,2.9588,,,,,,,,
5669,2.9017,,,,,,,,
5670,3.2479,,,,,,,,
5671,2.963,,,,,,,,
5672,2.9668,,,,,,,,
5673,2.7821,,,,,,,,
5674,3.0472,,,,,,,,
5675,3.3957,,,,,,,,
5676,2.8959,,,,,,,,
5677,2.9061,,,,,,,,
5678,2.8338,,,,,,,,
5679,3.1184,,,,,,,,
5680,3.2516,,,,,,,,
5681,2.9848,,,,,,,,
5682,3.0478,,,,,,,,
5683,2.9268,,,,,,,,
5684,2.7099,,,,,,,,
5685,3.0552,,,,,,,,
5686,3.1158,,,,,,,,
5687,2.9864,,,,,,,,
5688,2.7997,,,,,,,,
5689,2.9383,,,,,,,,
5690,2.9898,,,,,,,,
5691,2.9088,,,,,,,,
5692,2.9552,,,,,,,,
5693,2.9294,,,,,,,,
5694,3.2262,,,,,,,,
5695,3.537,,,,,,,,
5696,2.9591,,,,,,,,
5697,2.9916,,,,,,,,
5698,2.8433,,,,,,,,
5699,2.8001,,,,,,,,
5700,2.8426,,,,,,,,
5701,3.0599,,,,,,,,
5702,3.0588,,,,,,,,
5703,3.1197,,,,,,,,
5704,3.082,,,,,,,,
5705,2.9787,,,,,,,,
5706,3.0539,,,,,,,,
5707,2.9829,,,,,,,,
5708,3.0638,,,,,,,,
5709,2.9312,,,,,,,,
5710,3.0596,,,,,,,,
5711,2.9547,,,,,,,,
5712,2.9759,,,,,,,,
5713,2.9963,,,,,,,,
5714,2.8631,,,,,,,,
5715,3.2,,,,,,,,
5716,2.9913,,,,,,,,
5717,3.0798,,,,,,,,
5718,2.8993,,,,,,,,
5719,2.8432,,,,,,,,
5720,2.9783,,,,,,,,
5721,3.144,,,,,,,,
5722,3.1893,,,,,,,,
5723,2.9789,,,,,,,,
5724,2.7268,,,,,,,,
5725,2.8531,,,,,,,,
5726,3.1111,,,,,,,,
5727,2.9413,,,,,,,,
5728,2.8056,,,,,,,,
5729,2.8878,,,,,,,,
5730,3.0056,,,,,,,,
5731,3.5193,,,,,,,,
5732,3.4409,,,,,,,,
5733,2.936,,,,,,,,
5734,2.8989,,,,,,,,
5735,2.8265,,,,,,,,
5736,3.4389,,,,,,,,
5737,3.1189,,,,,,,,
5738,2.8999,,,,,,,,
5739,2.9171,,,,,,,,
5740,3.0187,,,,,,,,
5741,3.6187,,,,,,,,
5742,2.9039,,,,,,,,
5743,3.1048,,,,,,,,
5744,3.0864,,,,,,,,
5745,2.9172,,,,,,,,
5746,3.1534,,,,,,,,
5747,3.1347,,,,,,,,
5748,3.0367,,,,,,,,
5749,2.9337,,,,,,,,
5750,3.103,,,,,,,,
5751,3.2389,,,,,,,,
5752,2.7614,,,,,,,,
5753,2.787,,,,,,,,
5754,2.8403,,,,,,,,
5755,2.8464,,,,,,,,
5756,3.0999,,,,,,,,
5757,2.7935,,,,,,,,
5758,2.8202,,,,,,,,
5759,2.7762,,,,,,,,
5760,2.795,,,,,,,,
5761,3.0383,,,,,,,,
5762,2.8374,,,,,,,,
5763,2.7396,,,,,,,,
5764,2.8394,,,,,,,,
5765,2.7351,,,,,,,,
5766,2.771,,,,,,,,
5767,3.4126,,,,,,,,
5768,2.8128,,,,,,,,
5769,2.7288,,,,,,,,
5770,2.6012,,,,,,,,
5771,2.7285,,,,,,,,
5772,3.3409,,,,,,,,
5773,2.7077,,,,,,,,
5774,3.3255,,,,,,,,
5775,3.1785,,,,,,,,
5776,3.3107,,,,,,,,
5777,2.8642,,,,,,,,
5778,2.7151,,,,,,,,
5779,2.7873,,,,,,,,
5780,2.9135,,,,,,,,
5781,2.9216,,,,,,,,
5782,3.0177,,,,,,,,
5783,2.8596,,,,,,,,
5784,2.9566,,,,,,,,
5785,2.887,,,,,,,,
5786,2.853,,,,,,,,
5787,2.8979,,,,,,,,
5788,2.9257,,,,,,,,
5789,2.7997,,,,,,,,
5790,3.0631,,,,,,,,
5791,2.828,,,,,,,,
5792,2.823,,,,,,,,
5793,3.0881,,,,,,,,
5794,2.7776,,,,,,,,
5795,3.0953,,,,,,,,
5796,2.7097,,,,,,,,
5797,2.7692,,,,,,,,
5798,3.2942,,,,,,,,
5799,2.9733,,,,,,,,
5800,3.0946,,,,,,,,
5801,2.8158,,,,,,,,
5802,2.6718,,,,,,,,
5803,3.1476,,,,,,,,
5804,3.3241,,,,,,,,
5805,2.7849,,,,,,,,
5806,2.8198,,,,,,,,
5807,2.8175,,,,,,,,
5808,2.8215,,,,,,,,
5809,3.3041,,,,,,,,
5810,2.8102,,,,,,,,
5811,2.8279,,,,,,,,
5812,2.8116,,,,,,,,
5813,2.8251,,,,,,,,
5814,2.9296,,,,,,,,
5815,2.8756,,,,,,,,
5816,2.8263,,,,,,,,
5817,3.0062,,,,,,,,
5818,2.8278,,,,,,,,
5819,3.2013,,,,,,,,
5820,3.0623,,,,,,,,
5821,2.8828,,,,,,,,
5822,3.2211,,,,,,,,
5823,2.7074,,,,,,,,
5824,2.9929,,,,,,,,
5825,3.637,,,,,,,,
5826,2.9523,,,,,,,,
5827,2.7462,,,,,,,,
5828,2.8694,,,,,,,,
5829,3.0551,,,,,,,,
5830,3.0649,,,,,,,,
5831,2.9897,,,,,,,,
5832,2.878,,,,,,,,
5833,2.8283,,,,,,,,
5834,3.0831,,,,,,,,
5835,2.8474,,,,,,,,
5836,2.7717,,,,,,,,
5837,2.7292,,,,,,,,
5838,2.7579,,,,,,,,
5839,2.922,,,,,,,,
5840,2.751,,,,,,,,
5841,2.9149,,,,,,,,
5842,2.8587,,,,,,,,
5843,2.7911,,,,,,,,
5844,2.9787,,,,,,,,
5845,2.8799,,,,,,,,
5846,2.9476,,,,,,,,
5847,2.9404,,,,,,,,
5848,2.815,,,,,,,,
5849,2.9568,,,,,,,,
5850,2.8641,,,,,,,,
5851,2.8873,,,,,,,,
5852,2.9744,,,,,,,,
5853,2.9712,,,,,,,,
5854,3.2109,,,,,,,,
5855,3.3003,,,,,,,,
5856,2.868,,,,,,,,
5857,2.9158,,,,,,,,
5858,3.4868,,,,,,,,
5859,3.3768,,,,,,,,
5860,2.8722,,,,,,,,
5861,2.7017,,,,,,,,
5862,3.6207,,,,,,,,
5863,3.6033,,,,,,,,
5864,2.9235,,,,,,,,
5865,2.9817,,,,,,,,
5866,3.2238,,,,,,,,
5867,2.8713,,,,,,,,
5868,2.6732,,,,,,,,
5869,2.7285,,,,,,,,
5870,2.8363,,,,,,,,
5871,2.7856,,,,,,,,
5872,3.0523,,,,,,,,
5873,2.7887,,,,,,,,
5874,2.8691,,,,,,,,
5875,2.6416,,,,,,,,
5876,2.6712,,,,,,,,
5877,3.1165,,,,,,,,
5878,3.6861,,,,,,,,
5879,2.8224,,,,,,,,
5880,2.7911,,,,,,,,
5881,2.7254,,,,,,,,
5882,2.8481,,,,,,,,
5883,3.1388,,,,,,,,
5884,2.8364,,,,,,,,
5885,2.9495,,,,,,,,
5886,2.895,,,,,,,,
5887,2.8059,,,,,,,,
5888,3.0601,,,,,,,,
5889,2.8259,,,,,,,,
5890,2.9521,,,,,,,,
5891,2.9161,,,,,,,,
5892,2.7681,,,,,,,,
5893,3.0644,,,,,,,,
5894,3.0,,,,,,,,
5895,2.9429,,,,,,,,
5896,2.902,,,,,,,,
5897,2.9574,,,,,,,,
5898,3.1794,,,,,,,,
5899,3.4588,,,,,,,,
5900,3.3063,,,,,,,,
5901,2.8566,,,,,,,,
5902,3.0689,,,,,,,,
5903,2.9974,,,,,,,,
5904,2.7693,,,,,,,,
5905,3.0807,,,,,,,,
5906,2.8139,,,,,,,,
5907,3.0251,,,,,,,,
5908,2.9119,,,,,,,,
5909,2.7922,,,,,,,,
5910,2.7556,,,,,,,,
5911,2.834,,,,,,,,
5912,3.0179,,,,,,,,
5913,2.8204,,,,,,,,
5914,3.3133,,,,,,,,
5915,2.9955,,,,,,,,
5916,3.0896,,,,,,,,
5917,2.9442,,,,,,,,
5918,2.9081,,,,,,,,
5919,3.4226,,,,,,,,
5920,3.0195,,,,,,,,
5921,2.7088,,,,,,,,
5922,2.6902,,,,,,,,
5923,2.7586,,,,,,,,
5924,2.8595,,,,,,,,
5925,2.8469,,,,,,,,
5926,2.7097,,,,,,,,
5927,2.7597,,,,,,,,
5928,2.9143,,,,,,,,
5929,2.812,,,,,,,,
5930,3.4104,,,,,,,,
5931,2.9493,,,,,,,,
5932,2.7754,,,,,,,,
5933,2.7272,,,,,,,,
5934,2.7648,,,,,,,,
5935,3.1512,,,,,,,,
5936,2.8668,,,,,,,,
5937,2.8646,,,,,,,,
5938,2.8465,,,,,,,,
5939,2.8927,,,,,,,,
5940,2.736,,,,,,,,
5941,3.7143,,,,,,,,
5942,2.8832,,,,,,,,
5943,2.714,,,,,,,,
5944,2.9358,,,,,,,,
5945,2.8457,,,,,,,,
5946,3.2173,,,,,,,,
5947,3.0038,,,,,,,,
5948,3.7949,,,,,,,,
5949,4.6052,,,,,,,,
5950,4.3765,,,,,,,,
5951,3.1639,,,,,,,,
5952,2.9558,,,,,,,,
5953,2.8299,,,,,,,,
5954,2.8866,,,,,,,,
5955,3.4208,,,,,,,,
5956,3.3656,,,,,,,,
5957,3.3531,,,,,,,,
5958,3.0257,,,,,,,,
5959,3.1181,,,,,,,,
5960,4.1477,,,,,,,,
5961,3.6955,,,,,,,,
5962,3.0165,,,,,,,,
5963,3.2949,,,,,,,,
5964,3.4242,,,,,,,,
5965,2.959,,,,,,,,
5966,2.9608,,,,,,,,
5967,3.0895,,,,,,,,
5968,3.0693,,,,,,,,
5969,3.0391,,,,,,,,
5970,3.2595,,,,,,,,
5971,3.3578,,,,,,,,
5972,2.9629,,,,,,,,
5973,3.0846,,,,,,,,
5974,2.9644,,,,,,,,
5975,4.6246,,,,,,,,
5976,3.6863,,,,,,,,
5977,3.2396,,,,,,,,
5978,2.8317,,,,,,,,
5979,3.3607,,,,,,,,
5980,2.9385,,,,,,,,
5981,2.8617,,,,,,,,
5982,2.9192,,,,,,,,
5983,2.7213,,,,,,,,
5984,3.0195,,,,,,,,
5985,2.7777,,,,,,,,
5986,3.0258,,,,,,,,
5987,2.9519,,,,,,,,
5988,2.8013,,,,,,,,
5989,3.0037,,,,,,,,
5990,3.1586,,,,,,,,
5991,3.0488,,,,,,,,
5992,3.4419,,,,,,,,
5993,2.8968,,,,,,,,
5994,2.9181,,,,,,,,
5995,2.8919,,,,,,,,
5996,2.8672,,,,,,,,
5997,2.8605,,,,,,,,
5998,3.0943,,,,,,,,
5999,2.9126,,,,,,,,
6000,2.9472,,,,,,,,
6001,2.9439,,,,,,,,
6002,2.7386,,,,,,,,
6003,2.8354,,,,,,,,
6004,2.7537,,,,,,,,
6005,3.3417,,,,,,,,
6006,2.6771,,,,,,,,
6007,2.8218,,,,,,,,
6008,2.9293,,,,,,,,
6009,2.852,,,,,,,,
6010,3.0716,,,,,,,,
6011,3.5606,,,,,,,,
6012,2.8501,,,,,,,,
6013,2.7212,,,,,,,,
6014,2.8718,,,,,,,,
6015,2.7132,,,,,,,,
6016,2.7942,,,,,,,,
6017,2.7308,,,,,,,,
6018,2.8182,,,,,,,,
6019,2.7515,,,,,,,,
6020,2.6047,,,,,,,,
6021,3.0032,,,,,,,,
6022,2.847,,,,,,,,
6023,2.8266,,,,,,,,
6024,2.8151,,,,,,,,
6025,2.6478,,,,,,,,
6026,3.6294,,,,,,,,
6027,4.4559,,,,,,,,
6028,4.472,,,,,,,,
6029,3.6743,,,,,,,,
6030,3.1982,,,,,,,,
6031,3.1463,,,,,,,,
6032,3.0498,,,,,,,,
6033,2.6454,,,,,,,,
6034,2.7213,,,,,,,,
6035,2.666,,,,,,,,
6036,2.9221,,,,,,,,
6037,2.8939,,,,,,,,
6038,2.8673,,,,,,,,
6039,2.6816,,,,,,,,
6040,2.7326,,,,,,,,
6041,2.9313,,,,,,,,
6042,2.6962,,,,,,,,
6043,2.7653,,,,,,,,
6044,2.8007,,,,,,,,
6045,2.8988,,,,,,,,
6046,2.7268,,,,,,,,
6047,2.9629,,,,,,,,
6048,2.9006,,,,,,,,
6049,2.7542,,,,,,,,
6050,2.771,,,,,,,,
6051,2.7855,,,,,,,,
6052,3.0439,,,,,,,,
6053,2.841,,,,,,,,
6054,3.0011,,,,,,,,
6055,2.8229,,,,,,,,
6056,2.783,,,,,,,,
6057,3.4516,,,,,,,,
6058,2.9305,,,,,,,,
6059,2.9515,,,,,,,,
6060,2.7643,,,,,,,,
6061,2.8688,,,,,,,,
6062,2.8471,,,,,,,,
6063,3.0797,,,,,,,,
6064,2.8138,,,,,,,,
6065,2.8016,,,,,,,,
6066,2.8464,,,,,,,,
6067,2.8747,,,,,,,,
6068,2.9427,,,,,,,,
6069,2.8831,,,,,,,,
6070,2.7269,,,,,,,,
6071,2.6495,,,,,,,,
6072,2.7665,,,,,,,,
6073,2.91,,,,,,,,
6074,2.8836,,,,,,,,
6075,2.6609,,,,,,,,
6076,2.7353,,,,,,,,
6077,2.7972,,,,,,,,
6078,2.6995,,,,,,,,
6079,3.1416,,,,,,,,
6080,2.7556,,,,,,,,
6081,2.675,,,,,,,,
6082,2.8391,,,,,,,,
6083,2.8025,,,,,,,,
6084,2.9067,,,,,,,,
6085,2.7377,,,,,,,,
6086,2.6401,,,,,,,,
6087,2.7901,,,,,,,,
6088,2.7142,,,,,,,,
6089,2.6066,,,,,,,,
6090,2.8148,,,,,,,,
6091,2.7136,,,,,,,,
6092,2.7023,,,,,,,,
6093,2.8381,,,,,,,,
6094,2.6918,,,,,,,,
6095,2.7578,,,,,,,,
6096,2.7841,,,,,,,,
6097,2.7322,,,,,,,,
6098,2.8218,,,,,,,,
6099,2.704,,,,,,,,
6100,2.6929,,,,,,,,
6101,2.7534,,,,,,,,
6102,2.7704,,,,,,,,
6103,3.0621,,,,,,,,
6104,2.7755,,,,,,,,
6105,2.665,,,,,,,,
6106,2.6555,,,,,,,,
6107,2.9297,,,,,,,,
6108,2.9408,,,,,,,,
6109,2.6648,,,,,,,,
6110,2.7071,,,,,,,,
6111,2.7611,,,,,,,,
6112,2.8058,,,,,,,,
6113,3.1345,,,,,,,,
6114,2.6933,,,,,,,,
6115,2.8026,,,,,,,,
6116,2.5871,,,,,,,,
6117,2.663,,,,,,,,
6118,3.2086,,,,,,,,
6119,2.9779,,,,,,,,
6120,2.8444,,,,,,,,
6121,2.6566,,,,,,,,
6122,2.6902,,,,,,,,
6123,2.6371,,,,,,,,
6124,3.6704,,,,,,,,
6125,2.6961,,,,,,,,
6126,2.7045,,,,,,,,
6127,2.6885,,,,,,,,
6128,2.642,,,,,,,,
6129,3.0378,,,,,,,,
6130,2.8375,,,,,,,,
6131,2.5087,,,,,,,,
6132,2.6534,,,,,,,,
6133,2.499,,,,,,,,
6134,2.6027,,,,,,,,
6135,3.0145,,,,,,,,
6136,2.4759,,,,,,,,
6137,2.7344,,,,,,,,
6138,2.5561,,,,,,,,
6139,2.6271,,,,,,,,
6140,2.5817,,,,,,,,
6141,2.8281,,,,,,,,
6142,2.5815,,,,,,,,
6143,2.6363,,,,,,,,
6144,2.5921,,,,,,,,
6145,2.6789,,,,,,,,
6146,2.6095,,,,,,,,
6147,3.1243,,,,,,,,
6148,2.7273,,,,,,,,
6149,2.7122,,,,,,,,
6150,2.9383,,,,,,,,
6151,2.7065,,,,,,,,
6152,2.7541,,,,,,,,
6153,2.6592,,,,,,,,
6154,2.6645,,,,,,,,
6155,2.9046,,,,,,,,
6156,2.7974,,,,,,,,
6157,2.7839,,,,,,,,
6158,2.7573,,,,,,,,
6159,2.8018,,,,,,,,
6160,2.7231,,,,,,,,
6161,2.9737,,,,,,,,
6162,2.7783,,,,,,,,
6163,3.145,,,,,,,,
6164,3.4223,,,,,,,,
6165,2.9534,,,,,,,,
6166,2.7881,,,,,,,,
6167,2.6574,,,,,,,,
6168,3.0907,,,,,,,,
6169,2.843,,,,,,,,
6170,2.7191,,,,,,,,
6171,2.5957,,,,,,,,
6172,2.6243,,,,,,,,
6173,2.6316,,,,,,,,
6174,3.2782,,,,,,,,
6175,2.7119,,,,,,,,
6176,2.6682,,,,,,,,
6177,2.6694,,,,,,,,
6178,2.5893,,,,,,,,
6179,2.638,,,,,,,,
6180,2.6412,,,,,,,,
6181,2.6557,,,,,,,,
6182,2.6879,,,,,,,,
6183,2.6391,,,,,,,,
6184,2.6058,,,,,,,,
6185,2.9862,,,,,,,,
6186,3.1784,,,,,,,,
6187,2.9375,,,,,,,,
6188,2.6898,,,,,,,,
6189,2.7391,,,,,,,,
6190,3.0137,,,,,,,,
6191,3.5162,,,,,,,,
6192,2.7975,,,,,,,,
6193,2.6887,,,,,,,,
6194,2.7801,,,,,,,,
6195,2.6491,,,,,,,,
6196,3.1314,,,,,,,,
6197,3.2635,,,,,,,,
6198,2.6504,,,,,,,,
6199,2.701,,,,,,,,
6200,2.6421,,,,,,,,
6201,2.9548,,,,,,,,
6202,3.2596,,,,,,,,
6203,2.7977,,,,,,,,
6204,2.7164,,,,,,,,
6205,2.6975,,,,,,,,
6206,2.99,,,,,,,,
6207,2.8022,,,,,,,,
6208,2.7757,,,,,,,,
6209,2.9705,,,,,,,,
6210,2.8139,,,,,,,,
6211,2.8796,,,,,,,,
6212,2.7018,,,,,,,,
6213,3.193,,,,,,,,
6214,2.7307,,,,,,,,
6215,2.6299,,,,,,,,
6216,2.7511,,,,,,,,
6217,2.9453,,,,,,,,
6218,3.2696,,,,,,,,
6219,2.7655,,,,,,,,
6220,2.6709,,,,,,,,
6221,2.6913,,,,,,,,
6222,3.0269,,,,,,,,
6223,2.6896,,,,,,,,
6224,3.4204,,,,,,,,
6225,2.7763,,,,,,,,
6226,2.7449,,,,,,,,
6227,2.9575,,,,,,,,
6228,2.7483,,,,,,,,
6229,2.8389,,,,,,,,
6230,2.7067,,,,,,,,
6231,2.7108,,,,,,,,
6232,2.9037,,,,,,,,
6233,2.7766,,,,,,,,
6234,2.8187,,,,,,,,
6235,2.8319,,,,,,,,
6236,2.7038,,,,,,,,
6237,2.8872,,,,,,,,
6238,2.8754,,,,,,,,
6239,2.7569,,,,,,,,
6240,2.9,,,,,,,,
6241,3.134,,,,,,,,
6242,2.9639,,,,,,,,
6243,2.7687,,,,,,,,
6244,2.736,,,,,,,,
6245,2.8381,,,,,,,,
6246,2.8492,,,,,,,,
6247,2.9091,,,,,,,,
6248,2.6716,,,,,,,,
6249,2.7956,,,,,,,,
6250,2.8752,,,,,,,,
6251,2.9948,,,,,,,,
6252,2.8979,,,,,,,,
6253,2.763,,,,,,,,
6254,2.8011,,,,,,,,
6255,2.7289,,,,,,,,
6256,3.3036,,,,,,,,
6257,2.9642,,,,,,,,
6258,2.7559,,,,,,,,
6259,2.8265,,,,,,,,
6260,2.7727,,,,,,,,
6261,2.8741,,,,,,,,
6262,2.9698,,,,,,,,
6263,2.7394,,,,,,,,
6264,2.7701,,,,,,,,
6265,2.7155,,,,,,,,
6266,2.8249,,,,,,,,
6267,3.0345,,,,,,,,
6268,2.8326,,,,,,,,
6269,2.945,,,,,,,,
6270,2.8184,,,,,,,,
6271,2.7571,,,,,,,,
6272,2.8787,,,,,,,,
6273,3.4395,,,,,,,,
6274,2.977,,,,,,,,
6275,2.8613,,,,,,,,
6276,2.7793,,,,,,,,
6277,3.0074,,,,,,,,
6278,2.9098,,,,,,,,
6279,2.8803,,,,,,,,
6280,2.8173,,,,,,,,
6281,2.82,,,,,,,,
6282,2.9542,,,,,,,,
6283,2.8574,,,,,,,,
6284,2.792,,,,,,,,
6285,2.7762,,,,,,,,
6286,2.7894,,,,,,,,
6287,2.9846,,,,,,,,
6288,2.8735,,,,,,,,
6289,3.4023,,,,,,,,
6290,2.7719,,,,,,,,
6291,2.7012,,,,,,,,
6292,3.0583,,,,,,,,
6293,2.7888,,,,,,,,
6294,2.9739,,,,,,,,
6295,2.8255,,,,,,,,
6296,2.8814,,,,,,,,
6297,2.8656,,,,,,,,
6298,2.8703,,,,,,,,
6299,2.772,,,,,,,,
6300,2.7929,,,,,,,,
6301,2.942,,,,,,,,
6302,2.8596,,,,,,,,
6303,2.7405,,,,,,,,
6304,2.843,,,,,,,,
6305,3.3124,,,,,,,,
6306,2.7885,,,,,,,,
6307,2.9923,,,,,,,,
6308,2.7581,,,,,,,,
6309,2.7799,,,,,,,,
6310,2.9302,,,,,,,,
6311,2.6635,,,,,,,,
6312,2.8834,,,,,,,,
6313,2.7851,,,,,,,,
6314,2.7711,,,,,,,,
6315,2.7554,,,,,,,,
6316,2.8922,,,,,,,,
6317,2.7679,,,,,,,,
6318,2.7072,,,,,,,,
6319,2.7925,,,,,,,,
6320,2.7757,,,,,,,,
6321,3.2701,,,,,,,,
6322,3.4514,,,,,,,,
6323,2.6471,,,,,,,,
6324,2.7416,,,,,,,,
6325,2.814,,,,,,,,
6326,2.6699,,,,,,,,
6327,3.009,,,,,,,,
6328,2.9111,,,,,,,,
6329,2.7475,,,,,,,,
6330,2.7074,,,,,,,,
6331,2.7739,,,,,,,,
6332,3.1395,,,,,,,,
6333,2.7773,,,,,,,,
6334,2.6974,,,,,,,,
6335,2.6217,,,,,,,,
6336,2.7342,,,,,,,,
6337,2.7927,,,,,,,,
6338,2.8852,,,,,,,,
6339,2.9178,,,,,,,,
6340,2.627,,,,,,,,
6341,2.8485,,,,,,,,
6342,2.6836,,,,,,,,
6343,3.1628,,,,,,,,
6344,2.8283,,,,,,,,
6345,2.7323,,,,,,,,
6346,2.7725,,,,,,,,
6347,2.6959,,,,,,,,
6348,3.1189,,,,,,,,
6349,2.8926,,,,,,,,
6350,2.9635,,,,,,,,
6351,2.9929,,,,,,,,
6352,2.657,,,,,,,,
6353,3.2098,,,,,,,,
6354,2.7973,,,,,,,,
6355,2.6623,,,,,,,,
6356,2.7125,,,,,,,,
6357,2.517,,,,,,,,
6358,2.7135,,,,,,,,
6359,2.7904,,,,,,,,
6360,2.711,,,,,,,,
6361,2.6514,,,,,,,,
6362,2.6209,,,,,,,,
6363,2.6988,,,,,,,,
6364,2.6761,,,,,,,,
6365,3.2628,,,,,,,,
6366,2.828,,,,,,,,
6367,2.8615,,,,,,,,
6368,2.9671,,,,,,,,
6369,2.7068,,,,,,,,
6370,3.0268,,,,,,,,
6371,2.8629,,,,,,,,
6372,2.9633,,,,,,,,
6373,3.1905,,,,,,,,
6374,2.8074,,,,,,,,
6375,3.051,,,,,,,,
6376,3.2791,,,,,,,,
6377,2.7244,,,,,,,,
6378,2.6935,,,,,,,,
6379,2.6508,,,,,,,,
6380,2.5586,,,,,,,,
6381,2.9885,,,,,,,,
6382,2.8448,,,,,,,,
6383,2.7263,,,,,,,,
6384,2.4841,,,,,,,,
6385,2.5736,,,,,,,,
6386,2.6416,,,,,,,,
6387,2.8377,,,,,,,,
6388,2.7361,,,,,,,,
6389,2.5675,,,,,,,,
6390,2.7306,,,,,,,,
6391,2.7336,,,,,,,,
6392,2.9095,,,,,,,,
6393,3.3764,,,,,,,,
6394,2.6908,,,,,,,,
6395,2.7483,,,,,,,,
6396,2.7551,,,,,,,,
6397,2.7754,,,,,,,,
6398,3.2254,,,,,,,,
6399,2.7338,,,,,,,,
6400,2.7718,,,,,,,,
6401,2.8246,,,,,,,,
6402,2.749,,,,,,,,
6403,3.2108,,,,,,,,
6404,2.8535,,,,,,,,
6405,2.8725,,,,,,,,
6406,2.8768,,,,,,,,
6407,2.7861,,,,,,,,
6408,2.8942,,,,,,,,
6409,2.8919,,,,,,,,
6410,2.848,,,,,,,,
6411,2.8864,,,,,,,,
6412,2.8187,,,,,,,,
6413,3.0101,,,,,,,,
6414,2.9519,,,,,,,,
6415,2.8126,,,,,,,,
6416,2.839,,,,,,,,
6417,2.788,,,,,,,,
6418,2.9957,,,,,,,,
6419,2.8997,,,,,,,,
6420,2.8666,,,,,,,,
6421,2.8089,,,,,,,,
6422,2.7371,,,,,,,,
6423,2.951,,,,,,,,
6424,2.7401,,,,,,,,
6425,2.811,,,,,,,,
6426,2.6708,,,,,,,,
6427,2.7779,,,,,,,,
6428,3.0851,,,,,,,,
6429,2.7279,,,,,,,,
6430,3.0015,,,,,,,,
6431,2.6621,,,,,,,,
6432,2.8808,,,,,,,,
6433,3.0156,,,,,,,,
6434,2.7664,,,,,,,,
6435,2.758,,,,,,,,
6436,3.4218,,,,,,,,
6437,2.7999,,,,,,,,
6438,3.1097,,,,,,,,
6439,2.7423,,,,,,,,
6440,2.7948,,,,,,,,
6441,2.9651,,,,,,,,
6442,2.7673,,,,,,,,
6443,3.0068,,,,,,,,
6444,2.6999,,,,,,,,
6445,2.7483,,,,,,,,
6446,2.7357,,,,,,,,
6447,2.9887,,,,,,,,
6448,3.1061,,,,,,,,
6449,2.6523,,,,,,,,
6450,2.7481,,,,,,,,
6451,2.736,,,,,,,,
6452,2.9432,,,,,,,,
6453,3.4392,,,,,,,,
6454,2.658,,,,,,,,
6455,2.8442,,,,,,,,
6456,2.8633,,,,,,,,
6457,2.7347,,,,,,,,
6458,2.9765,,,,,,,,
6459,2.8023,,,,,,,,
6460,2.7975,,,,,,,,
6461,2.8119,,,,,,,,
6462,2.7478,,,,,,,,
6463,3.364,,,,,,,,
6464,3.2336,,,,,,,,
6465,3.3429,,,,,,,,
6466,2.7914,,,,,,,,
6467,2.7711,,,,,,,,
6468,3.0996,,,,,,,,
6469,2.7921,,,,,,,,
6470,2.8641,,,,,,,,
6471,2.9437,,,,,,,,
6472,2.7676,,,,,,,,
6473,2.9626,,,,,,,,
6474,2.8995,,,,,,,,
6475,2.8285,,,,,,,,
6476,2.9475,,,,,,,,
6477,2.7054,,,,,,,,
6478,3.1352,,,,,,,,
6479,3.0863,,,,,,,,
6480,2.9451,,,,,,,,
6481,2.8709,,,,,,,,
6482,2.7933,,,,,,,,
6483,3.0004,,,,,,,,
6484,2.8181,,,,,,,,
6485,3.1399,,,,,,,,
6486,2.9091,,,,,,,,
6487,2.7068,,,,,,,,
6488,2.9842,,,,,,,,
6489,2.8888,,,,,,,,
6490,3.0238,,,,,,,,
6491,2.7559,,,,,,,,
6492,2.7433,,,,,,,,
6493,2.8029,,,,,,,,
6494,2.7039,,,,,,,,
6495,2.817,,,,,,,,
6496,2.7198,,,,,,,,
6497,2.6705,,,,,,,,
6498,3.0623,,,,,,,,
6499,3.0276,,,,,,,,
6500,2.7352,,,,,,,,
6501,2.9182,,,,,,,,
6502,2.7322,,,,,,,,
6503,2.9047,,,,,,,,
6504,2.5762,,,,,,,,
6505,2.6195,,,,,,,,
6506,2.8079,,,,,,,,
6507,2.9049,,,,,,,,
6508,2.9226,,,,,,,,
6509,2.6617,,,,,,,,
6510,2.7204,,,,,,,,
6511,2.6372,,,,,,,,
6512,2.7584,,,,,,,,
6513,2.9645,,,,,,,,
6514,2.5618,,,,,,,,
6515,2.6778,,,,,,,,
6516,2.5828,,,,,,,,
6517,2.544,,,,,,,,
6518,3.056,,,,,,,,
6519,2.9471,,,,,,,,
6520,2.6095,,,,,,,,
6521,2.6119,,,,,,,,
6522,2.6927,,,,,,,,
6523,2.6882,,,,,,,,
6524,3.6121,,,,,,,,
6525,3.155,,,,,,,,
6526,2.7708,,,,,,,,
6527,2.6085,,,,,,,,
6528,2.6442,,,,,,,,
6529,2.9997,,,,,,,,
6530,2.7429,,,,,,,,
6531,2.5986,,,,,,,,
6532,2.6628,,,,,,,,
6533,2.7675,,,,,,,,
6534,3.0847,,,,,,,,
6535,2.7045,,,,,,,,
6536,2.6197,,,,,,,,
6537,2.6208,,,,,,,,
6538,2.568,,,,,,,,
6539,2.7665,,,,,,,,
6540,3.1595,,,,,,,,
6541,2.7368,,,,,,,,
6542,2.6477,,,,,,,,
6543,2.7033,,,,,,,,
6544,3.3396,,,,,,,,
6545,2.7484,,,,,,,,
6546,2.6633,,,,,,,,
6547,2.6302,,,,,,,,
6548,2.6508,,,,,,,,
6549,2.6217,,,,,,,,
6550,2.7789,,,,,,,,
6551,2.622,,,,,,,,
6552,2.8384,,,,,,,,
6553,2.739,,,,,,,,
6554,2.7185,,,,,,,,
6555,2.9234,,,,,,,,
6556,2.7988,,,,,,,,
6557,2.8793,,,,,,,,
6558,2.7008,,,,,,,,
6559,2.773,,,,,,,,
6560,2.7689,,,,,,,,
6561,2.926,,,,,,,,
6562,2.7232,,,,,,,,
6563,3.0284,,,,,,,,
6564,2.6094,,,,,,,,
6565,2.7504,,,,,,,,
6566,2.8813,,,,,,,,
6567,2.7508,,,,,,,,
6568,2.8657,,,,,,,,
6569,2.626,,,,,,,,
6570,2.6554,,,,,,,,
6571,2.9312,,,,,,,,
6572,2.8092,,,,,,,,
6573,2.7571,,,,,,,,
6574,2.9042,,,,,,,,
6575,2.8374,,,,,,,,
6576,2.7852,,,,,,,,
6577,2.8303,,,,,,,,
6578,2.6086,,,,,,,,
6579,2.8055,,,,,,,,
6580,2.9064,,,,,,,,
6581,3.1195,,,,,,,,
6582,3.0939,,,,,,,,
6583,2.7397,,,,,,,,
6584,2.7309,,,,,,,,
6585,2.9606,,,,,,,,
6586,2.7994,,,,,,,,
6587,2.6724,,,,,,,,
6588,2.7517,,,,,,,,
6589,3.386,,,,,,,,
6590,3.5825,,,,,,,,
6591,2.6953,,,,,,,,
6592,2.6491,,,,,,,,
6593,2.602,,,,,,,,
6594,2.6313,,,,,,,,
6595,2.7251,,,,,,,,
6596,3.5902,,,,,,,,
6597,2.6489,,,,,,,,
6598,2.6719,,,,,,,,
6599,2.5746,,,,,,,,
6600,2.6526,,,,,,,,
6601,2.7013,,,,,,,,
6602,3.3862,,,,,,,,
6603,2.7056,,,,,,,,
6604,2.6427,,,,,,,,
6605,2.6554,,,,,,,,
6606,2.7959,,,,,,,,
6607,3.2758,,,,,,,,
6608,2.5391,,,,,,,,
6609,2.5279,,,,,,,,
6610,2.5056,,,,,,,,
6611,2.5455,,,,,,,,
6612,2.7054,,,,,,,,
6613,2.6777,,,,,,,,
6614,2.6211,,,,,,,,
6615,2.6341,,,,,,,,
6616,2.5991,,,,,,,,
6617,2.6831,,,,,,,,
6618,2.786,,,,,,,,
6619,2.5527,,,,,,,,
6620,2.4981,,,,,,,,
6621,2.6305,,,,,,,,
6622,2.5471,,,,,,,,
6623,2.6561,,,,,,,,
6624,2.6947,,,,,,,,
6625,2.6214,,,,,,,,
6626,2.6671,,,,,,,,
6627,2.6603,,,,,,,,
6628,2.6263,,,,,,,,
6629,2.6439,,,,,,,,
6630,2.478,,,,,,,,
6631,3.1854,,,,,,,,
6632,2.7652,,,,,,,,
6633,2.9428,,,,,,,,
6634,2.7943,,,,,,,,
6635,2.5984,,,,,,,,
6636,2.7847,,,,,,,,
6637,2.6502,,,,,,,,
6638,2.8343,,,,,,,,
6639,2.6449,,,,,,,,
6640,2.7351,,,,,,,,
6641,2.6845,,,,,,,,
6642,3.6571,,,,,,,,
6643,2.8845,,,,,,,,
6644,2.7352,,,,,,,,
6645,2.6532,,,,,,,,
6646,2.593,,,,,,,,
6647,2.9117,,,,,,,,
6648,2.8023,,,,,,,,
6649,2.7202,,,,,,,,
6650,2.8017,,,,,,,,
6651,2.7657,,,,,,,,
6652,2.8219,,,,,,,,
6653,2.979,,,,,,,,
6654,2.8142,,,,,,,,
6655,2.8293,,,,,,,,
6656,2.9056,,,,,,,,
6657,3.0383,,,,,,,,
6658,3.1735,,,,,,,,
6659,2.8229,,,,,,,,
6660,2.8129,,,,,,,,
6661,2.8325,,,,,,,,
6662,2.859,,,,,,,,
6663,2.9996,,,,,,,,
6664,2.7786,,,,,,,,
6665,2.7625,,,,,,,,
6666,2.8253,,,,,,,,
6667,2.8903,,,,,,,,
6668,2.9619,,,,,,,,
6669,3.0727,,,,,,,,
6670,2.8224,,,,,,,,
6671,2.7081,,,,,,,,
6672,2.789,,,,,,,,
6673,2.6597,,,,,,,,
6674,3.1738,,,,,,,,
6675,3.0289,,,,,,,,
6676,2.8765,,,,,,,,
6677,2.821,,,,,,,,
6678,2.6084,,,,,,,,
6679,3.1793,,,,,,,,
6680,2.8741,,,,,,,,
6681,2.7164,,,,,,,,
6682,2.7493,,,,,,,,
6683,2.6783,,,,,,,,
6684,3.2211,,,,,,,,
6685,2.942,,,,,,,,
6686,2.9097,,,,,,,,
6687,2.9949,,,,,,,,
6688,2.7222,,,,,,,,
6689,2.9774,,,,,,,,
6690,4.1293,,,,,,,,
6691,3.2955,,,,,,,,
6692,2.6283,,,,,,,,
6693,2.7507,,,,,,,,
6694,2.8128,,,,,,,,
6695,3.4702,,,,,,,,
6696,2.9373,,,,,,,,
6697,2.6592,,,,,,,,
6698,2.6845,,,,,,,,
6699,2.6583,,,,,,,,
6700,3.4142,,,,,,,,
6701,2.8586,,,,,,,,
6702,2.7573,,,,,,,,
6703,3.0281,,,,,,,,
6704,2.6761,,,,,,,,
6705,3.2779,,,,,,,,
6706,3.1194,,,,,,,,
6707,2.7516,,,,,,,,
6708,3.0114,,,,,,,,
6709,2.8576,,,,,,,,
6710,2.7438,,,,,,,,
6711,3.3037,,,,,,,,
6712,2.7029,,,,,,,,
6713,3.0159,,,,,,,,
6714,2.7648,,,,,,,,
6715,2.7675,,,,,,,,
6716,3.2522,,,,,,,,
6717,2.8725,,,,,,,,
6718,3.1758,,,,,,,,
6719,2.9323,,,,,,,,
6720,2.7882,,,,,,,,
6721,3.0472,,,,,,,,
6722,3.2346,,,,,,,,
6723,2.7349,,,,,,,,
6724,2.8019,,,,,,,,
6725,2.6452,,,,,,,,
6726,3.0155,,,,,,,,
6727,3.0758,,,,,,,,
6728,2.7858,,,,,,,,
6729,2.6976,,,,,,,,
6730,2.6726,,,,,,,,
6731,2.7227,,,,,,,,
6732,3.8636,,,,,,,,
6733,2.8533,,,,,,,,
6734,2.7255,,,,,,,,
6735,2.7914,,,,,,,,
6736,2.8005,,,,,,,,
6737,3.254,,,,,,,,
6738,2.7288,,,,,,,,
6739,2.7782,,,,,,,,
6740,2.8028,,,,,,,,
6741,2.8552,,,,,,,,
6742,3.155,,,,,,,,
6743,2.688,,,,,,,,
6744,2.9002,,,,,,,,
6745,2.7913,,,,,,,,
6746,2.7853,,,,,,,,
6747,2.952,,,,,,,,
6748,2.8608,,,,,,,,
6749,2.715,,,,,,,,
6750,2.7996,,,,,,,,
6751,2.8539,,,,,,,,
6752,2.8139,,,,,,,,
6753,2.9085,,,,,,,,
6754,2.7408,,,,,,,,
6755,2.7432,,,,,,,,
6756,2.8414,,,,,,,,
6757,2.8313,,,,,,,,
6758,2.8403,,,,,,,,
6759,2.8147,,,,,,,,
6760,2.8361,,,,,,,,
6761,2.8398,,,,,,,,
6762,3.0545,,,,,,,,
6763,3.1434,,,,,,,,
6764,3.0433,,,,,,,,
6765,2.7353,,,,,,,,
6766,2.7195,,,,,,,,
6767,2.7046,,,,,,,,
6768,2.8968,,,,,,,,
6769,3.1181,,,,,,,,
6770,2.7496,,,,,,,,
6771,2.7986,,,,,,,,
6772,2.8502,,,,,,,,
6773,3.027,,,,,,,,
6774,2.9539,,,,,,,,
6775,2.6722,,,,,,,,
6776,2.6873,,,,,,,,
6777,2.7166,,,,,,,,
6778,2.8567,,,,,,,,
6779,2.8321,,,,,,,,
6780,2.6198,,,,,,,,
6781,2.6184,,,,,,,,
6782,2.6932,,,,,,,,
6783,2.7577,,,,,,,,
6784,2.9009,,,,,,,,
6785,2.8591,,,,,,,,
6786,2.6832,,,,,,,,
6787,2.6695,,,,,,,,
6788,2.7712,,,,,,,,
6789,3.0049,,,,,,,,
6790,2.9364,,,,,,,,
6791,2.8956,,,,,,,,
6792,2.6103,,,,,,,,
6793,2.6854,,,,,,,,
6794,2.8613,,,,,,,,
6795,2.6929,,,,,,,,
6796,2.9193,,,,,,,,
6797,2.9852,,,,,,,,
6798,2.7253,,,,,,,,
6799,2.9251,,,,,,,,
6800,2.7738,,,,,,,,
6801,2.6525,,,,,,,,
6802,2.9327,,,,,,,,
6803,2.7174,,,,,,,,
6804,2.7902,,,,,,,,
6805,2.686,,,,,,,,
6806,2.7138,,,,,,,,
6807,2.8056,,,,,,,,
6808,2.7592,,,,,,,,
6809,2.9047,,,,,,,,
6810,2.6412,,,,,,,,
6811,2.699,,,,,,,,
6812,2.7825,,,,,,,,
6813,2.8725,,,,,,,,
6814,2.7202,,,,,,,,
6815,3.1077,,,,,,,,
6816,2.5216,,,,,,,,
6817,2.6411,,,,,,,,
6818,2.6976,,,,,,,,
6819,2.8404,,,,,,,,
6820,3.047,,,,,,,,
6821,2.5312,,,,,,,,
6822,2.6993,,,,,,,,
6823,2.6569,,,,,,,,
6824,2.6777,,,,,,,,
6825,3.3865,,,,,,,,
6826,2.6896,,,,,,,,
6827,2.6102,,,,,,,,
6828,2.5379,,,,,,,,
6829,2.5817,,,,,,,,
6830,3.0831,,,,,,,,
6831,2.8919,,,,,,,,
6832,2.7568,,,,,,,,
6833,2.6985,,,,,,,,
6834,2.7065,,,,,,,,
6835,2.7422,,,,,,,,
6836,3.328,,,,,,,,
6837,2.6914,,,,,,,,
6838,2.7627,,,,,,,,
6839,2.6985,,,,,,,,
6840,2.6805,,,,,,,,
6841,3.2699,,,,,,,,
6842,3.0019,,,,,,,,
6843,2.8597,,,,,,,,
6844,2.7042,,,,,,,,
6845,2.6164,,,,,,,,
6846,3.0491,,,,,,,,
6847,3.3287,,,,,,,,
6848,2.8441,,,,,,,,
6849,3.1723,,,,,,,,
6850,2.9432,,,,,,,,
6851,2.8728,,,,,,,,
6852,2.9019,,,,,,,,
6853,2.633,,,,,,,,
6854,2.6865,,,,,,,,
6855,2.6661,,,,,,,,
6856,2.918,,,,,,,,
6857,2.7689,,,,,,,,
6858,2.7541,,,,,,,,
6859,2.7233,,,,,,,,
6860,2.6405,,,,,,,,
6861,3.043,,,,,,,,
6862,2.7673,,,,,,,,
6863,2.8728,,,,,,,,
6864,2.6225,,,,,,,,
6865,2.7592,,,,,,,,
6866,2.9329,,,,,,,,
6867,2.8631,,,,,,,,
6868,2.8919,,,,,,,,
6869,2.8269,,,,,,,,
6870,2.7318,,,,,,,,
6871,2.951,,,,,,,,
6872,2.7119,,,,,,,,
6873,2.8417,,,,,,,,
6874,3.1711,,,,,,,,
6875,2.7754,,,,,,,,
6876,2.7014,,,,,,,,
6877,2.5973,,,,,,,,
6878,2.6388,,,,,,,,
6879,2.6887,,,,,,,,
6880,3.317,,,,,,,,
6881,2.9687,,,,,,,,
6882,2.8514,,,,,,,,
6883,2.8219,,,,,,,,
6884,2.9027,,,,,,,,
6885,3.073,,,,,,,,
6886,2.9637,,,,,,,,
6887,2.8443,,,,,,,,
6888,2.8184,,,,,,,,
6889,2.726,,,,,,,,
6890,3.1485,,,,,,,,
6891,3.1517,,,,,,,,
6892,2.7595,,,,,,,,
6893,2.8756,,,,,,,,
6894,2.7829,,,,,,,,
6895,2.886,,,,,,,,
6896,3.0253,,,,,,,,
6897,2.9295,,,,,,,,
6898,2.6981,,,,,,,,
6899,2.7112,,,,,,,,
6900,2.7268,,,,,,,,
6901,3.1034,,,,,,,,
6902,3.1239,,,,,,,,
6903,2.7377,,,,,,,,
6904,2.8905,,,,,,,,
6905,2.8996,,,,,,,,
6906,2.8266,,,,,,,,
6907,2.8969,,,,,,,,
6908,2.7147,,,,,,,,
6909,2.7093,,,,,,,,
6910,2.7433,,,,,,,,
6911,2.7006,,,,,,,,
6912,2.955,,,,,,,,
6913,3.1414,,,,,,,,
6914,3.0375,,,,,,,,
6915,2.8223,,,,,,,,
6916,2.8713,,,,,,,,
6917,2.8345,,,,,,,,
6918,2.8232,,,,,,,,
6919,2.8329,,,,,,,,
6920,2.9188,,,,,,,,
6921,3.1621,,,,,,,,
6922,2.8487,,,,,,,,
6923,3.3517,,,,,,,,
6924,2.8296,,,,,,,,
6925,2.9717,,,,,,,,
6926,3.0135,,,,,,,,
6927,2.816,,,,,,,,
6928,3.6345,,,,,,,,
6929,2.7934,,,,,,,,
6930,2.8648,,,,,,,,
6931,3.0716,,,,,,,,
6932,2.7659,,,,,,,,
6933,2.8845,,,,,,,,
6934,2.7633,,,,,,,,
6935,2.8283,,,,,,,,
6936,3.0721,,,,,,,,
6937,2.9571,,,,,,,,
6938,3.4223,,,,,,,,
6939,2.9939,,,,,,,,
6940,2.671,,,,,,,,
6941,2.7983,,,,,,,,
6942,2.7725,,,,,,,,
6943,2.7391,,,,,,,,
6944,3.9334,,,,,,,,
6945,2.8487,,,,,,,,
6946,2.8682,,,,,,,,
6947,2.6565,,,,,,,,
6948,2.7213,,,,,,,,
6949,2.7599,,,,,,,,
6950,2.6653,,,,,,,,
6951,2.6648,,,,,,,,
6952,2.6609,,,,,,,,
6953,2.6747,,,,,,,,
6954,2.7558,,,,,,,,
6955,3.2913,,,,,,,,
6956,2.9677,,,,,,,,
6957,2.7046,,,,,,,,
6958,2.9789,,,,,,,,
6959,2.8283,,,,,,,,
6960,2.956,,,,,,,,
6961,2.8352,,,,,,,,
6962,3.0018,,,,,,,,
6963,2.8339,,,,,,,,
6964,2.8553,,,,,,,,
6965,2.8366,,,,,,,,
6966,2.9534,,,,,,,,
6967,2.8208,,,,,,,,
6968,2.8689,,,,,,,,
6969,2.8074,,,,,,,,
6970,2.9437,,,,,,,,
6971,2.9899,,,,,,,,
6972,2.7749,,,,,,,,
6973,2.8565,,,,,,,,
6974,2.8659,,,,,,,,
6975,2.8987,,,,,,,,
6976,2.9646,,,,,,,,
6977,2.8977,,,,,,,,
6978,2.8089,,,,,,,,
6979,2.7544,,,,,,,,
6980,2.7887,,,,,,,,
6981,2.9333,,,,,,,,
6982,2.9894,,,,,,,,
6983,2.921,,,,,,,,
6984,2.8667,,,,,,,,
6985,2.887,,,,,,,,
6986,3.0013,,,,,,,,
6987,3.09,,,,,,,,
6988,3.0397,,,,,,,,
6989,2.9344,,,,,,,,
6990,2.7938,,,,,,,,
6991,3.0194,,,,,,,,
6992,2.8429,,,,,,,,
6993,2.993,,,,,,,,
6994,2.9634,,,,,,,,
6995,2.8516,,,,,,,,
6996,2.8921,,,,,,,,
6997,3.0312,,,,,,,,
6998,3.1006,,,,,,,,
6999,3.0172,,,,,,,,
7000,2.9563,,,,,,,,
7001,2.8067,,,,,,,,
7002,2.7262,,,,,,,,
7003,2.9391,,,,,,,,
7004,3.0284,,,,,,,,
7005,2.8632,,,,,,,,
7006,2.7739,,,,,,,,
7007,2.9005,,,,,,,,
7008,2.8375,,,,,,,,
7009,2.9396,,,,,,,,
7010,2.7788,,,,,,,,
7011,2.7522,,,,,,,,
7012,2.8033,,,,,,,,
7013,2.8013,,,,,,,,
7014,2.8063,,,,,,,,
7015,2.9002,,,,,,,,
7016,2.9045,,,,,,,,
7017,2.8553,,,,,,,,
7018,2.869,,,,,,,,
7019,2.8114,,,,,,,,
7020,3.2722,,,,,,,,
7021,3.1856,,,,,,,,
7022,2.7641,,,,,,,,
7023,2.7366,,,,,,,,
7024,2.7117,,,,,,,,
7025,2.8322,,,,,,,,
7026,3.2515,,,,,,,,
7027,2.8419,,,,,,,,
7028,2.7421,,,,,,,,
7029,2.7396,,,,,,,,
7030,2.6629,,,,,,,,
7031,2.9352,,,,,,,,
7032,2.8219,,,,,,,,
7033,2.7339,,,,,,,,
7034,2.6614,,,,,,,,
7035,2.7358,,,,,,,,
7036,2.6889,,,,,,,,
7037,2.8771,,,,,,,,
7038,2.6851,,,,,,,,
7039,2.7114,,,,,,,,
7040,2.6726,,,,,,,,
7041,2.7738,,,,,,,,
7042,2.5897,,,,,,,,
7043,3.1777,,,,,,,,
7044,2.8338,,,,,,,,
7045,2.7713,,,,,,,,
7046,3.1126,,,,,,,,
7047,2.8138,,,,,,,,
7048,3.6981,,,,,,,,
7049,2.7866,,,,,,,,
7050,2.7175,,,,,,,,
7051,2.915,,,,,,,,
7052,2.8702,,,,,,,,
7053,2.9505,,,,,,,,
7054,2.8004,,,,,,,,
7055,2.7076,,,,,,,,
7056,2.988,,,,,,,,
7057,2.7348,,,,,,,,
7058,3.0162,,,,,,,,
7059,2.9621,,,,,,,,
7060,2.7703,,,,,,,,
7061,2.8869,,,,,,,,
7062,2.8031,,,,,,,,
7063,2.7629,,,,,,,,
7064,2.9157,,,,,,,,
7065,2.7307,,,,,,,,
7066,2.9297,,,,,,,,
7067,2.9303,,,,,,,,
7068,2.7578,,,,,,,,
7069,2.9932,,,,,,,,
7070,2.7628,,,,,,,,
7071,2.8328,,,,,,,,
7072,2.8288,,,,,,,,
7073,2.8223,,,,,,,,
7074,2.7862,,,,,,,,
7075,2.8139,,,,,,,,
7076,2.7493,,,,,,,,
7077,2.7461,,,,,,,,
7078,2.7894,,,,,,,,
7079,2.8929,,,,,,,,
7080,2.9283,,,,,,,,
7081,2.8684,,,,,,,,
7082,2.8453,,,,,,,,
7083,2.8401,,,,,,,,
7084,2.9229,,,,,,,,
7085,2.7611,,,,,,,,
7086,3.2438,,,,,,,,
7087,2.872,,,,,,,,
7088,2.8251,,,,,,,,
7089,2.8986,,,,,,,,
7090,2.7941,,,,,,,,
7091,3.1603,,,,,,,,
7092,2.7722,,,,,,,,
7093,2.8687,,,,,,,,
7094,2.8819,,,,,,,,
7095,2.8123,,,,,,,,
7096,3.3732,,,,,,,,
7097,3.2507,,,,,,,,
7098,2.7741,,,,,,,,
7099,3.1178,,,,,,,,
7100,3.1025,,,,,,,,
7101,2.6028,,,,,,,,
7102,3.1376,,,,,,,,
7103,2.6482,,,,,,,,
7104,2.7168,,,,,,,,
7105,2.7099,,,,,,,,
7106,2.6621,,,,,,,,
7107,2.7656,,,,,,,,
7108,2.7603,,,,,,,,
7109,2.6315,,,,,,,,
7110,2.7918,,,,,,,,
7111,2.7844,,,,,,,,
7112,2.9901,,,,,,,,
7113,2.8109,,,,,,,,
7114,2.7017,,,,,,,,
7115,2.6332,,,,,,,,
7116,2.6288,,,,,,,,
7117,2.633,,,,,,,,
7118,2.7669,,,,,,,,
7119,3.161,,,,,,,,
7120,2.8053,,,,,,,,
7121,2.9971,,,,,,,,
7122,2.9299,,,,,,,,
7123,2.994,,,,,,,,
7124,2.7602,,,,,,,,
7125,2.6588,,,,,,,,
7126,2.7819,,,,,,,,
7127,2.7955,,,,,,,,
7128,2.8562,,,,,,,,
7129,2.9618,,,,,,,,
7130,3.3637,,,,,,,,
7131,2.9124,,,,,,,,
7132,2.8427,,,,,,,,
7133,2.7862,,,,,,,,
7134,2.7539,,,,,,,,
7135,3.2267,,,,,,,,
7136,2.6424,,,,,,,,
7137,2.8854,,,,,,,,
7138,2.8752,,,,,,,,
7139,2.9222,,,,,,,,
7140,3.1549,,,,,,,,
7141,2.6481,,,,,,,,
7142,2.5515,,,,,,,,
7143,2.8552,,,,,,,,
7144,2.8922,,,,,,,,
7145,2.9166,,,,,,,,
7146,2.857,,,,,,,,
7147,2.8602,,,,,,,,
7148,2.8723,,,,,,,,
7149,2.8225,,,,,,,,
7150,2.9126,,,,,,,,
7151,3.1292,,,,,,,,
7152,3.0031,,,,,,,,
7153,2.8194,,,,,,,,
7154,2.8597,,,,,,,,
7155,2.9251,,,,,,,,
7156,2.9862,,,,,,,,
7157,2.8583,,,,,,,,
7158,2.8406,,,,,,,,
7159,2.7943,,,,,,,,
7160,2.8913,,,,,,,,
7161,2.8158,,,,,,,,
7162,2.8915,,,,,,,,
7163,2.8146,,,,,,,,
7164,2.8216,,,,,,,,
7165,2.7182,,,,,,,,
7166,2.9186,,,,,,,,
7167,3.2766,,,,,,,,
7168,2.9731,,,,,,,,
7169,2.8017,,,,,,,,
7170,2.9688,,,,,,,,
7171,2.8831,,,,,,,,
7172,3.0595,,,,,,,,
7173,2.8296,,,,,,,,
7174,2.9091,,,,,,,,
7175,2.8969,,,,,,,,
7176,3.114,,,,,,,,
7177,2.9549,,,,,,,,
7178,3.644,,,,,,,,
7179,2.8568,,,,,,,,
7180,3.1423,,,,,,,,
7181,3.1474,,,,,,,,
7182,2.9156,,,,,,,,
7183,3.1964,,,,,,,,
7184,2.8137,,,,,,,,
7185,3.456,,,,,,,,
7186,2.8252,,,,,,,,
7187,3.0887,,,,,,,,
7188,3.141,,,,,,,,
7189,2.9539,,,,,,,,
7190,3.2242,,,,,,,,
7191,2.9985,,,,,,,,
7192,3.2524,,,,,,,,
7193,3.3438,,,,,,,,
7194,3.5011,,,,,,,,
7195,3.1767,,,,,,,,
7196,2.8286,,,,,,,,
7197,3.0473,,,,,,,,
7198,3.3016,,,,,,,,
7199,3.4052,,,,,,,,
7200,3.1026,,,,,,,,
7201,2.985,,,,,,,,
7202,3.0682,,,,,,,,
7203,3.7735,,,,,,,,
7204,3.7124,,,,,,,,
7205,3.443,,,,,,,,
7206,2.9484,,,,,,,,
7207,3.3793,,,,,,,,
7208,3.189,,,,,,,,
7209,2.93,,,,,,,,
7210,2.8566,,,,,,,,
7211,2.7047,,,,,,,,
7212,3.2489,,,,,,,,
7213,2.9375,,,,,,,,
7214,2.8797,,,,,,,,
7215,2.882,,,,,,,,
7216,2.7089,,,,,,,,
7217,3.0103,,,,,,,,
7218,3.0748,,,,,,,,
7219,2.8124,,,,,,,,
7220,3.0133,,,,,,,,
7221,2.858,,,,,,,,
7222,3.2611,,,,,,,,
7223,3.4791,,,,,,,,
7224,2.8819,,,,,,,,
7225,3.1658,,,,,,,,
7226,3.0815,,,,,,,,
7227,2.8612,,,,,,,,
7228,2.8856,,,,,,,,
7229,2.9537,,,,,,,,
7230,2.6905,,,,,,,,
7231,2.6166,,,,,,,,
7232,2.9139,,,,,,,,
7233,3.0163,,,,,,,,
7234,3.1674,,,,,,,,
7235,2.6152,,,,,,,,
7236,2.7603,,,,,,,,
7237,3.0089,,,,,,,,
7238,3.0229,,,,,,,,
7239,3.1341,,,,,,,,
7240,2.7461,,,,,,,,
7241,2.8867,,,,,,,,
7242,2.5965,,,,,,,,
7243,2.9298,,,,,,,,
7244,3.2985,,,,,,,,
7245,2.9013,,,,,,,,
7246,2.9803,,,,,,,,
7247,2.9277,,,,,,,,
7248,2.7823,,,,,,,,
7249,3.0579,,,,,,,,
7250,2.9273,,,,,,,,
7251,3.0176,,,,,,,,
7252,2.7658,,,,,,,,
7253,2.8612,,,,,,,,
7254,2.9201,,,,,,,,
7255,2.7114,,,,,,,,
7256,2.8858,,,,,,,,
7257,2.8328,,,,,,,,
7258,2.7449,,,,,,,,
7259,2.771,,,,,,,,
7260,2.914,,,,,,,,
7261,2.9276,,,,,,,,
7262,2.8607,,,,,,,,
7263,2.8545,,,,,,,,
7264,2.8317,,,,,,,,
7265,2.849,,,,,,,,
7266,2.9818,,,,,,,,
7267,2.7683,,,,,,,,
7268,2.8989,,,,,,,,
7269,2.8285,,,,,,,,
7270,2.8461,,,,,,,,
7271,3.6812,,,,,,,,
7272,2.7608,,,,,,,,
7273,2.9038,,,,,,,,
7274,2.8488,,,,,,,,
7275,2.7794,,,,,,,,
7276,3.6632,,,,,,,,
7277,3.0936,,,,,,,,
7278,2.8501,,,,,,,,
7279,2.8914,,,,,,,,
7280,2.904,,,,,,,,
7281,3.1875,,,,,,,,
7282,2.8215,,,,,,,,
7283,2.7687,,,,,,,,
7284,2.6552,,,,,,,,
7285,2.7239,,,,,,,,
7286,3.1922,,,,,,,,
7287,3.0011,,,,,,,,
7288,2.7739,,,,,,,,
7289,2.8573,,,,,,,,
7290,2.8858,,,,,,,,
7291,3.1295,,,,,,,,
7292,3.5052,,,,,,,,
7293,2.8382,,,,,,,,
7294,2.6644,,,,,,,,
7295,3.0732,,,,,,,,
7296,2.8218,,,,,,,,
7297,3.0123,,,,,,,,
7298,2.7406,,,,,,,,
7299,2.6477,,,,,,,,
7300,2.7628,,,,,,,,
7301,2.8489,,,,,,,,
7302,3.0971,,,,,,,,
7303,2.7306,,,,,,,,
7304,2.7358,,,,,,,,
7305,2.7876,,,,,,,,
7306,2.9866,,,,,,,,
7307,2.8818,,,,,,,,
7308,3.1727,,,,,,,,
7309,3.1125,,,,,,,,
7310,3.2728,,,,,,,,
7311,2.8205,,,,,,,,
7312,2.8098,,,,,,,,
7313,2.9436,,,,,,,,
7314,2.6607,,,,,,,,
7315,2.631,,,,,,,,
7316,3.2079,,,,,,,,
7317,3.8638,,,,,,,,
7318,3.3237,,,,,,,,
7319,2.8263,,,,,,,,
7320,2.6399,,,,,,,,
7321,2.9315,,,,,,,,
7322,2.7903,,,,,,,,
7323,2.7301,,,,,,,,
7324,2.6267,,,,,,,,
7325,2.6622,,,,,,,,
7326,2.818,,,,,,,,
7327,2.7919,,,,,,,,
7328,2.6577,,,,,,,,
7329,2.8393,,,,,,,,
7330,2.7213,,,,,,,,
7331,2.8765,,,,,,,,
7332,2.905,,,,,,,,
7333,2.7391,,,,,,,,
7334,2.733,,,,,,,,
7335,2.7834,,,,,,,,
7336,2.7749,,,,,,,,
7337,2.9252,,,,,,,,
7338,2.7839,,,,,,,,
7339,2.7412,,,,,,,,
7340,2.8456,,,,,,,,
7341,3.2264,,,,,,,,
7342,2.9362,,,,,,,,
7343,2.8956,,,,,,,,
7344,2.7644,,,,,,,,
7345,2.7932,,,,,,,,
7346,3.1745,,,,,,,,
7347,2.8932,,,,,,,,
7348,2.8476,,,,,,,,
7349,2.9209,,,,,,,,
7350,3.069,,,,,,,,
7351,3.0556,,,,,,,,
7352,2.871,,,,,,,,
7353,2.7716,,,,,,,,
7354,2.8658,,,,,,,,
7355,2.8727,,,,,,,,
7356,3.8977,,,,,,,,
7357,3.6853,,,,,,,,
7358,3.0318,,,,,,,,
7359,3.16,,,,,,,,
7360,3.252,,,,,,,,
7361,2.7934,,,,,,,,
7362,2.6576,,,,,,,,
7363,2.8033,,,,,,,,
7364,2.8184,,,,,,,,
7365,3.1383,,,,,,,,
7366,2.8168,,,,,,,,
7367,3.3462,,,,,,,,
7368,2.8589,,,,,,,,
7369,3.0148,,,,,,,,
7370,2.7649,,,,,,,,
7371,2.8063,,,,,,,,
7372,3.4468,,,,,,,,
7373,2.8351,,,,,,,,
7374,3.0538,,,,,,,,
7375,2.976,,,,,,,,
7376,3.4682,,,,,,,,
7377,2.9494,,,,,,,,
7378,2.811,,,,,,,,
7379,2.9211,,,,,,,,
7380,2.8493,,,,,,,,
7381,2.8575,,,,,,,,
7382,3.3761,,,,,,,,
7383,2.8872,,,,,,,,
7384,2.9794,,,,,,,,
7385,2.9,,,,,,,,
7386,2.9433,,,,,,,,
7387,2.8122,,,,,,,,
7388,2.8209,,,,,,,,
7389,3.0772,,,,,,,,
7390,2.8668,,,,,,,,
7391,2.9343,,,,,,,,
7392,2.6811,,,,,,,,
7393,3.0499,,,,,,,,
7394,3.3353,,,,,,,,
7395,2.8088,,,,,,,,
7396,2.9098,,,,,,,,
7397,2.9197,,,,,,,,
7398,4.0342,,,,,,,,
7399,3.4495,,,,,,,,
7400,2.8153,,,,,,,,
7401,2.8405,,,,,,,,
7402,2.6913,,,,,,,,
7403,3.2103,,,,,,,,
7404,3.4456,,,,,,,,
7405,2.5599,,,,,,,,
7406,2.856,,,,,,,,
7407,2.7406,,,,,,,,
7408,3.1148,,,,,,,,
7409,2.8035,,,,,,,,
7410,2.8489,,,,,,,,
7411,2.7833,,,,,,,,
7412,2.6605,,,,,,,,
7413,2.8495,,,,,,,,
7414,3.0576,,,,,,,,
7415,2.7987,,,,,,,,
7416,2.7531,,,,,,,,
7417,2.6656,,,,,,,,
7418,2.7133,,,,,,,,
7419,2.9993,,,,,,,,
7420,3.11,,,,,,,,
7421,2.7948,,,,,,,,
7422,2.7481,,,,,,,,
7423,2.8152,,,,,,,,
7424,3.0381,,,,,,,,
7425,3.3825,,,,,,,,
7426,2.9829,,,,,,,,
7427,2.9312,,,,,,,,
7428,2.9265,,,,,,,,
7429,2.9164,,,,,,,,
7430,2.7898,,,,,,,,
7431,2.7955,,,,,,,,
7432,2.78,,,,,,,,
7433,3.0119,,,,,,,,
7434,3.0377,,,,,,,,
7435,3.1936,,,,,,,,
7436,3.0303,,,,,,,,
7437,2.7761,,,,,,,,
7438,2.7971,,,,,,,,
7439,2.8218,,,,,,,,
7440,3.4191,,,,,,,,
7441,3.7701,,,,,,,,
7442,2.8449,,,,,,,,
7443,3.1514,,,,,,,,
7444,2.888,,,,,,,,
7445,2.7646,,,,,,,,
7446,2.6246,,,,,,,,
7447,2.7266,,,,,,,,
7448,2.6978,,,,,,,,
7449,2.6728,,,,,,,,
7450,2.5311,,,,,,,,
7451,2.6868,,,,,,,,
7452,3.2062,,,,,,,,
7453,2.7723,,,,,,,,
7454,2.6384,,,,,,,,
7455,3.1116,,,,,,,,
7456,2.8027,,,,,,,,
7457,3.3113,,,,,,,,
7458,3.3153,,,,,,,,
7459,2.7629,,,,,,,,
7460,2.7065,,,,,,,,
7461,2.7322,,,,,,,,
7462,2.9286,,,,,,,,
7463,3.0744,,,,,,,,
7464,2.8715,,,,,,,,
7465,2.7011,,,,,,,,
7466,2.758,,,,,,,,
7467,2.7844,,,,,,,,
7468,3.1066,,,,,,,,
7469,2.6868,,,,,,,,
7470,2.8492,,,,,,,,
7471,2.74,,,,,,,,
7472,2.7307,,,,,,,,
7473,3.0929,,,,,,,,
7474,2.9038,,,,,,,,
7475,3.0459,,,,,,,,
7476,2.9855,,,,,,,,
7477,2.9254,,,,,,,,
7478,3.0377,,,,,,,,
7479,2.8091,,,,,,,,
7480,2.987,,,,,,,,
7481,2.8283,,,,,,,,
7482,2.9946,,,,,,,,
7483,2.743,,,,,,,,
7484,2.9911,,,,,,,,
7485,2.9096,,,,,,,,
7486,2.8272,,,,,,,,
7487,2.8187,,,,,,,,
7488,2.7768,,,,,,,,
7489,2.7138,,,,,,,,
7490,3.003,,,,,,,,
7491,3.15,,,,,,,,
7492,2.8225,,,,,,,,
7493,2.9609,,,,,,,,
7494,3.5673,,,,,,,,
7495,3.589,,,,,,,,
7496,3.3316,,,,,,,,
7497,2.8082,,,,,,,,
7498,2.7673,,,,,,,,
7499,2.7405,,,,,,,,
7500,3.2012,,,,,,,,
7501,2.9019,,,,,,,,
7502,2.7197,,,,,,,,
7503,2.7562,,,,,,,,
7504,2.7915,,,,,,,,
7505,3.2495,,,,,,,,
7506,3.0689,,,,,,,,
7507,2.8842,,,,,,,,
7508,2.741,,,,,,,,
7509,2.7466,,,,,,,,
7510,3.1653,,,,,,,,
7511,3.1958,,,,,,,,
7512,2.6849,,,,,,,,
7513,2.7814,,,,,,,,
7514,2.8346,,,,,,,,
7515,2.7795,,,,,,,,
7516,3.5067,,,,,,,,
7517,2.7485,,,,,,,,
7518,2.8721,,,,,,,,
7519,2.7948,,,,,,,,
7520,2.8525,,,,,,,,
7521,2.9903,,,,,,,,
7522,3.068,,,,,,,,
7523,2.8338,,,,,,,,
7524,2.8057,,,,,,,,
7525,2.7235,,,,,,,,
7526,3.1031,,,,,,,,
7527,3.0071,,,,,,,,
7528,2.7779,,,,,,,,
7529,2.9852,,,,,,,,
7530,2.8595,,,,,,,,
7531,2.7,,,,,,,,
7532,3.4432,,,,,,,,
7533,3.1065,,,,,,,,
7534,3.549,,,,,,,,
7535,3.274,,,,,,,,
7536,3.1261,,,,,,,,
7537,3.2215,,,,,,,,
7538,2.7985,,,,,,,,
7539,3.3192,,,,,,,,
7540,2.9413,,,,,,,,
7541,2.9149,,,,,,,,
7542,3.042,,,,,,,,
7543,2.5991,,,,,,,,
7544,2.6075,,,,,,,,
7545,2.8479,,,,,,,,
7546,2.7435,,,,,,,,
7547,3.3955,,,,,,,,
7548,3.1034,,,,,,,,
7549,2.7473,,,,,,,,
7550,2.9023,,,,,,,,
7551,2.8309,,,,,,,,
7552,2.7977,,,,,,,,
7553,2.9533,,,,,,,,
7554,2.6789,,,,,,,,
7555,2.764,,,,,,,,
7556,3.0709,,,,,,,,
7557,3.051,,,,,,,,
7558,3.0925,,,,,,,,
7559,2.7701,,,,,,,,
7560,2.7938,,,,,,,,
7561,2.8718,,,,,,,,
7562,2.8513,,,,,,,,
7563,3.1843,,,,,,,,
7564,2.884,,,,,,,,
7565,2.7811,,,,,,,,
7566,2.8309,,,,,,,,
7567,2.8185,,,,,,,,
7568,3.1483,,,,,,,,
7569,2.8349,,,,,,,,
7570,2.7307,,,,,,,,
7571,2.8139,,,,,,,,
7572,2.7494,,,,,,,,
7573,3.3126,,,,,,,,
7574,3.0061,,,,,,,,
7575,2.9018,,,,,,,,
7576,2.8021,,,,,,,,
7577,2.8318,,,,,,,,
7578,3.3686,,,,,,,,
7579,3.0448,,,,,,,,
7580,2.9524,,,,,,,,
7581,2.8135,,,,,,,,
7582,2.6565,,,,,,,,
7583,2.8608,,,,,,,,
7584,3.4656,,,,,,,,
7585,2.889,,,,,,,,
7586,2.7606,,,,,,,,
7587,2.7205,,,,,,,,
7588,2.858,,,,,,,,
7589,3.6515,,,,,,,,
7590,2.8914,,,,,,,,
7591,2.8832,,,,,,,,
7592,2.7663,,,,,,,,
7593,2.514,,,,,,,,
7594,2.7259,,,,,,,,
7595,2.6976,,,,,,,,
7596,2.5841,,,,,,,,
7597,2.6126,,,,,,,,
7598,2.7678,,,,,,,,
7599,2.703,,,,,,,,
7600,2.7879,,,,,,,,
7601,2.7062,,,,,,,,
7602,2.5821,,,,,,,,
7603,2.691,,,,,,,,
7604,2.7081,,,,,,,,
7605,2.8281,,,,,,,,
7606,2.9754,,,,,,,,
7607,3.0661,,,,,,,,
7608,2.6331,,,,,,,,
7609,2.6937,,,,,,,,
7610,2.5764,,,,,,,,
7611,2.8843,,,,,,,,
7612,2.6239,,,,,,,,
7613,2.6975,,,,,,,,
7614,2.6279,,,,,,,,
7615,2.742,,,,,,,,
7616,2.6218,,,,,,,,
7617,3.1466,,,,,,,,
7618,2.8415,,,,,,,,
7619,2.7877,,,,,,,,
7620,2.8696,,,,,,,,
7621,2.7246,,,,,,,,
7622,2.7033,,,,,,,,
7623,2.7501,,,,,,,,
7624,2.7668,,,,,,,,
7625,3.3342,,,,,,,,
7626,2.707,,,,,,,,
7627,2.57,,,,,,,,
7628,3.0847,,,,,,,,
7629,2.7802,,,,,,,,
7630,2.7338,,,,,,,,
7631,2.7014,,,,,,,,
7632,2.75,,,,,,,,
7633,2.9518,,,,,,,,
7634,3.055,,,,,,,,
7635,2.7342,,,,,,,,
7636,2.7056,,,,,,,,
7637,2.716,,,,,,,,
7638,2.6936,,,,,,,,
7639,2.9196,,,,,,,,
7640,2.8151,,,,,,,,
7641,2.7288,,,,,,,,
7642,2.6591,,,,,,,,
7643,2.6271,,,,,,,,
7644,2.7104,,,,,,,,
7645,2.9453,,,,,,,,
7646,2.9571,,,,,,,,
7647,3.0788,,,,,,,,
7648,2.6059,,,,,,,,
7649,2.768,,,,,,,,
7650,2.9276,,,,,,,,
7651,2.7229,,,,,,,,
7652,2.7656,,,,,,,,
7653,2.6217,,,,,,,,
7654,2.7123,,,,,,,,
7655,2.8981,,,,,,,,
7656,2.773,,,,,,,,
7657,2.8254,,,,,,,,
7658,2.7146,,,,,,,,
7659,2.8074,,,,,,,,
7660,2.6737,,,,,,,,
7661,2.7044,,,,,,,,
7662,3.2576,,,,,,,,
7663,2.7792,,,,,,,,
7664,2.7285,,,,,,,,
7665,2.7054,,,,,,,,
7666,2.7289,,,,,,,,
7667,2.7679,,,,,,,,
7668,2.7738,,,,,,,,
7669,2.8084,,,,,,,,
7670,2.7332,,,,,,,,
7671,2.7989,,,,,,,,
7672,2.658,,,,,,,,
7673,2.7611,,,,,,,,
7674,2.8478,,,,,,,,
7675,2.7822,,,,,,,,
7676,2.7557,,,,,,,,
7677,2.7849,,,,,,,,
7678,2.9179,,,,,,,,
7679,2.848,,,,,,,,
7680,2.5761,,,,,,,,
7681,2.5325,,,,,,,,
7682,2.528,,,,,,,,
7683,2.5301,,,,,,,,
7684,3.4397,,,,,,,,
7685,2.8984,,,,,,,,
7686,2.7707,,,,,,,,
7687,2.9222,,,,,,,,
7688,2.8103,,,,,,,,
7689,3.242,,,,,,,,
7690,2.8609,,,,,,,,
7691,2.9079,,,,,,,,
7692,3.3199,,,,,,,,
7693,2.5244,,,,,,,,
7694,2.5097,,,,,,,,
7695,3.0946,,,,,,,,
7696,2.9519,,,,,,,,
7697,2.8364,,,,,,,,
7698,2.757,,,,,,,,
7699,2.7201,,,,,,,,
7700,2.7414,,,,,,,,
7701,2.7895,,,,,,,,
7702,2.7828,,,,,,,,
7703,2.8903,,,,,,,,
7704,2.5954,,,,,,,,
7705,2.6732,,,,,,,,
7706,2.8984,,,,,,,,
7707,2.7357,,,,,,,,
7708,2.6808,,,,,,,,
7709,2.6297,,,,,,,,
7710,2.6951,,,,,,,,
7711,2.8852,,,,,,,,
7712,2.8372,,,,,,,,
7713,2.8269,,,,,,,,
7714,2.7723,,,,,,,,
7715,2.864,,,,,,,,
7716,2.6836,,,,,,,,
7717,2.8376,,,,,,,,
7718,2.7045,,,,,,,,
7719,2.7848,,,,,,,,
7720,2.6923,,,,,,,,
7721,2.6735,,,,,,,,
7722,3.0801,,,,,,,,
7723,2.8383,,,,,,,,
7724,2.7243,,,,,,,,
7725,2.7518,,,,,,,,
7726,2.725,,,,,,,,
7727,2.8111,,,,,,,,
7728,3.0294,,,,,,,,
7729,2.6051,,,,,,,,
7730,2.7348,,,,,,,,
7731,2.7382,,,,,,,,
7732,2.8701,,,,,,,,
7733,3.0972,,,,,,,,
7734,3.9297,,,,,,,,
7735,2.7268,,,,,,,,
7736,2.6168,,,,,,,,
7737,2.949,,,,,,,,
7738,2.7384,,,,,,,,
7739,2.991,,,,,,,,
7740,3.1255,,,,,,,,
7741,2.8307,,,,,,,,
7742,2.7499,,,,,,,,
7743,2.6241,,,,,,,,
7744,2.8558,,,,,,,,
7745,2.8799,,,,,,,,
7746,3.1081,,,,,,,,
7747,2.7353,,,,,,,,
7748,2.857,,,,,,,,
7749,2.7929,,,,,,,,
7750,2.8377,,,,,,,,
7751,2.6871,,,,,,,,
7752,2.7169,,,,,,,,
7753,2.6604,,,,,,,,
7754,2.804,,,,,,,,
7755,2.8611,,,,,,,,
7756,2.7266,,,,,,,,
7757,2.9582,,,,,,,,
7758,2.8426,,,,,,,,
7759,2.7683,,,,,,,,
7760,2.726,,,,,,,,
7761,2.7427,,,,,,,,
7762,2.7523,,,,,,,,
7763,2.7258,,,,,,,,
7764,2.776,,,,,,,,
7765,2.6929,,,,,,,,
7766,2.7723,,,,,,,,
7767,2.7869,,,,,,,,
7768,2.7266,,,,,,,,
7769,2.7858,,,,,,,,
7770,2.8176,,,,,,,,
7771,2.6418,,,,,,,,
7772,2.664,,,,,,,,
7773,2.7952,,,,,,,,
7774,2.8475,,,,,,,,
7775,2.7887,,,,,,,,
7776,2.8559,,,,,,,,
7777,2.6494,,,,,,,,
7778,2.9747,,,,,,,,
7779,2.9004,,,,,,,,
7780,2.8498,,,,,,,,
7781,2.8035,,,,,,,,
7782,2.557,,,,,,,,
7783,2.7593,,,,,,,,
7784,2.8611,,,,,,,,
7785,2.7885,,,,,,,,
7786,2.7403,,,,,,,,
7787,2.6666,,,,,,,,
7788,2.6345,,,,,,,,
7789,2.8826,,,,,,,,
7790,3.0042,,,,,,,,
7791,2.718,,,,,,,,
7792,2.6835,,,,,,,,
7793,2.6918,,,,,,,,
7794,2.7541,,,,,,,,
7795,3.0272,,,,,,,,
7796,2.7402,,,,,,,,
7797,2.7055,,,,,,,,
7798,2.6501,,,,,,,,
7799,2.6529,,,,,,,,
7800,3.3591,,,,,,,,
7801,2.9605,,,,,,,,
7802,2.9492,,,,,,,,
7803,2.8483,,,,,,,,
7804,2.6518,,,,,,,,
7805,2.7953,,,,,,,,
7806,2.8483,,,,,,,,
7807,2.6559,,,,,,,,
7808,2.644,,,,,,,,
7809,2.714,,,,,,,,
7810,2.8578,,,,,,,,
7811,3.1415,,,,,,,,
7812,2.8457,,,,,,,,
7813,2.7293,,,,,,,,
7814,2.7312,,,,,,,,
7815,2.8382,,,,,,,,
7816,2.852,,,,,,,,
7817,2.7928,,,,,,,,
7818,2.7542,,,,,,,,
7819,2.7431,,,,,,,,
7820,2.9063,,,,,,,,
7821,2.8908,,,,,,,,
7822,3.365,,,,,,,,
7823,2.6064,,,,,,,,
7824,2.5486,,,,,,,,
7825,2.6514,,,,,,,,
7826,2.7545,,,,,,,,
7827,3.366,,,,,,,,
7828,2.5966,,,,,,,,
7829,2.539,,,,,,,,
7830,2.6704,,,,,,,,
7831,2.6632,,,,,,,,
7832,2.5621,,,,,,,,
7833,2.6925,,,,,,,,
7834,2.6237,,,,,,,,
7835,2.5531,,,,,,,,
7836,2.6731,,,,,,,,
7837,2.5282,,,,,,,,
7838,2.5252,,,,,,,,
7839,3.1667,,,,,,,,
7840,2.608,,,,,,,,
7841,2.8462,,,,,,,,
7842,2.7372,,,,,,,,
7843,2.5999,,,,,,,,
7844,2.519,,,,,,,,
7845,2.9085,,,,,,,,
7846,2.7439,,,,,,,,
7847,2.8345,,,,,,,,
7848,2.7917,,,,,,,,
7849,2.7391,,,,,,,,
7850,2.7764,,,,,,,,
7851,2.7298,,,,,,,,
7852,2.718,,,,,,,,
7853,2.7313,,,,,,,,
7854,2.8409,,,,,,,,
7855,2.7276,,,,,,,,
7856,2.8534,,,,,,,,
7857,2.7581,,,,,,,,
7858,2.6109,,,,,,,,
7859,2.6368,,,,,,,,
7860,2.7793,,,,,,,,
7861,2.8057,,,,,,,,
7862,2.8462,,,,,,,,
7863,2.6548,,,,,,,,
7864,2.6676,,,,,,,,
7865,2.6769,,,,,,,,
7866,2.7866,,,,,,,,
7867,2.7807,,,,,,,,
7868,3.2288,,,,,,,,
7869,2.5563,,,,,,,,
7870,2.5943,,,,,,,,
7871,2.6136,,,,,,,,
7872,2.5998,,,,,,,,
7873,2.7284,,,,,,,,
7874,2.7373,,,,,,,,
7875,2.7318,,,,,,,,
7876,2.693,,,,,,,,
7877,2.654,,,,,,,,
7878,2.6202,,,,,,,,
7879,2.7727,,,,,,,,
7880,2.6397,,,,,,,,
7881,2.6277,,,,,,,,
7882,2.6619,,,,,,,,
7883,2.529,,,,,,,,
7884,2.5483,,,,,,,,
7885,2.9634,,,,,,,,
7886,2.5888,,,,,,,,
7887,2.6236,,,,,,,,
7888,2.5528,,,,,,,,
7889,2.6603,,,,,,,,
7890,2.8853,,,,,,,,
7891,2.8019,,,,,,,,
7892,2.5889,,,,,,,,
7893,2.5786,,,,,,,,
7894,2.6223,,,,,,,,
7895,2.7048,,,,,,,,
7896,3.0211,,,,,,,,
7897,3.0936,,,,,,,,
7898,2.7785,,,,,,,,
7899,2.8757,,,,,,,,
7900,2.6326,,,,,,,,
7901,2.7506,,,,,,,,
7902,2.8936,,,,,,,,
7903,2.78,,,,,,,,
7904,2.8106,,,,,,,,
7905,2.7285,,,,,,,,
7906,2.7023,,,,,,,,
7907,2.9622,,,,,,,,
7908,3.132,,,,,,,,
7909,2.6379,,,,,,,,
7910,2.7523,,,,,,,,
7911,2.8444,,,,,,,,
7912,2.7947,,,,,,,,
7913,3.1938,,,,,,,,
7914,2.7521,,,,,,,,
7915,2.7355,,,,,,,,
7916,2.7179,,,,,,,,
7917,2.6973,,,,,,,,
7918,2.8087,,,,,,,,
7919,2.7188,,,,,,,,
7920,2.8419,,,,,,,,
7921,2.7722,,,,,,,,
7922,2.7646,,,,,,,,
7923,2.5901,,,,,,,,
7924,2.8831,,,,,,,,
7925,2.9946,,,,,,,,
7926,2.7317,,,,,,,,
7927,2.7484,,,,,,,,
7928,2.7632,,,,,,,,
7929,2.8074,,,,,,,,
7930,3.5179,,,,,,,,
7931,3.2719,,,,,,,,
7932,2.6902,,,,,,,,
7933,2.8232,,,,,,,,
7934,2.7925,,,,,,,,
7935,4.5875,,,,,,,,
7936,4.319,,,,,,,,
7937,3.5044,,,,,,,,
7938,2.8774,,,,,,,,
7939,3.3319,,,,,,,,
7940,2.8413,,,,,,,,
7941,2.9957,,,,,,,,
7942,2.8758,,,,,,,,
7943,2.9477,,,,,,,,
7944,2.9683,,,,,,,,
7945,3.0523,,,,,,,,
7946,2.7317,,,,,,,,
7947,2.7772,,,,,,,,
7948,3.218,,,,,,,,
7949,2.7374,,,,,,,,
7950,3.0285,,,,,,,,
7951,2.843,,,,,,,,
7952,2.8312,,,,,,,,
7953,2.9794,,,,,,,,
7954,3.017,,,,,,,,
7955,3.1429,,,,,,,,
7956,2.9382,,,,,,,,
7957,2.6548,,,,,,,,
7958,3.0619,,,,,,,,
7959,2.9294,,,,,,,,
7960,2.9579,,,,,,,,
7961,2.8892,,,,,,,,
7962,2.8592,,,,,,,,
7963,2.9558,,,,,,,,
7964,2.9507,,,,,,,,
7965,2.7419,,,,,,,,
7966,3.0945,,,,,,,,
7967,2.7545,,,,,,,,
7968,3.0822,,,,,,,,
7969,2.8672,,,,,,,,
7970,2.7555,,,,,,,,
7971,2.9995,,,,,,,,
7972,3.2964,,,,,,,,
7973,2.8283,,,,,,,,
7974,2.7734,,,,,,,,
7975,2.8259,,,,,,,,
7976,3.2647,,,,,,,,
7977,3.0906,,,,,,,,
7978,3.0372,,,,,,,,
7979,2.8625,,,,,,,,
7980,2.7888,,,,,,,,
7981,2.921,,,,,,,,
7982,2.9449,,,,,,,,
7983,2.7886,,,,,,,,
7984,2.9246,,,,,,,,
7985,3.0816,,,,,,,,
7986,2.9696,,,,,,,,
7987,3.3118,,,,,,,,
7988,3.3725,,,,,,,,
7989,2.8699,,,,,,,,
7990,2.8101,,,,,,,,
7991,2.7971,,,,,,,,
7992,3.8033,,,,,,,,
7993,3.2977,,,,,,,,
7994,2.9067,,,,,,,,
7995,2.7725,,,,,,,,
7996,2.9407,,,,,,,,
7997,2.9526,,,,,,,,
7998,2.8776,,,,,,,,
7999,2.8705,,,,,,,,
8000,2.7897,,,,,,,,
8001,2.8272,,,,,,,,
8002,2.9804,,,,,,,,
8003,2.9535,,,,,,,,
8004,2.8805,,,,,,,,
8005,2.8998,,,,,,,,
8006,2.8677,,,,,,,,
8007,3.3725,,,,,,,,
8008,3.0372,,,,,,,,
8009,2.8735,,,,,,,,
8010,2.9665,,,,,,,,
8011,3.0159,,,,,,,,
8012,3.1071,,,,,,,,
8013,2.8177,,,,,,,,
8014,2.6646,,,,,,,,
8015,2.6379,,,,,,,,
8016,2.856,,,,,,,,
8017,2.7674,,,,,,,,
8018,2.924,,,,,,,,
8019,2.7905,,,,,,,,
8020,2.7803,,,,,,,,
8021,2.9972,,,,,,,,
8022,2.8846,,,,,,,,
8023,3.4053,,,,,,,,
8024,3.007,,,,,,,,
8025,2.854,,,,,,,,
8026,3.1016,,,,,,,,
8027,3.0763,,,,,,,,
8028,2.9643,,,,,,,,
8029,3.1352,,,,,,,,
8030,2.9788,,,,,,,,
8031,3.4928,,,,,,,,
8032,3.1667,,,,,,,,
8033,3.1369,,,,,,,,
8034,3.1867,,,,,,,,
8035,3.0487,,,,,,,,
8036,2.9943,,,,,,,,
8037,2.8721,,,,,,,,
8038,3.0918,,,,,,,,
8039,2.8919,,,,,,,,
8040,2.7623,,,,,,,,
8041,2.8824,,,,,,,,
8042,2.7655,,,,,,,,
8043,2.7714,,,,,,,,
8044,3.288,,,,,,,,
8045,2.8985,,,,,,,,
8046,3.2568,,,,,,,,
8047,2.8508,,,,,,,,
8048,2.7116,,,,,,,,
8049,3.1182,,,,,,,,
8050,3.1503,,,,,,,,
8051,2.7813,,,,,,,,
8052,2.7946,,,,,,,,
8053,2.6507,,,,,,,,
8054,2.6733,,,,,,,,
8055,2.7748,,,,,,,,
8056,2.7659,,,,,,,,
8057,2.7158,,,,,,,,
8058,2.5681,,,,,,,,
8059,2.6255,,,,,,,,
8060,2.8175,,,,,,,,
8061,2.7398,,,,,,,,
8062,2.7356,,,,,,,,
8063,2.6492,,,,,,,,
8064,2.6985,,,,,,,,
8065,2.7017,,,,,,,,
8066,2.9004,,,,,,,,
8067,2.6485,,,,,,,,
8068,2.6877,,,,,,,,
8069,2.6292,,,,,,,,
8070,2.7071,,,,,,,,
8071,2.6556,,,,,,,,
8072,2.8193,,,,,,,,
8073,2.66,,,,,,,,
8074,2.904,,,,,,,,
8075,2.7725,,,,,,,,
8076,2.6607,,,,,,,,
8077,2.8055,,,,,,,,
8078,2.6568,,,,,,,,
8079,2.701,,,,,,,,
8080,2.7363,,,,,,,,
8081,2.7596,,,,,,,,
8082,2.7898,,,,,,,,
8083,2.8578,,,,,,,,
8084,2.6906,,,,,,,,
8085,2.5982,,,,,,,,
8086,2.6391,,,,,,,,
8087,2.7199,,,,,,,,
8088,2.9229,,,,,,,,
8089,3.044,,,,,,,,
8090,2.7273,,,,,,,,
8091,2.8039,,,,,,,,
8092,2.7989,,,,,,,,
8093,2.7705,,,,,,,,
8094,2.7774,,,,,,,,
8095,2.6523,,,,,,,,
8096,2.7143,,,,,,,,
8097,2.7157,,,,,,,,
8098,2.7724,,,,,,,,
8099,2.7791,,,,,,,,
8100,2.7046,,,,,,,,
8101,2.6372,,,,,,,,
8102,2.6622,,,,,,,,
8103,2.7117,,,,,,,,
8104,2.6862,,,,,,,,
8105,2.7707,,,,,,,,
8106,2.7717,,,,,,,,
8107,2.6827,,,,,,,,
8108,2.6825,,,,,,,,
8109,2.6251,,,,,,,,
8110,2.6958,,,,,,,,
8111,2.9627,,,,,,,,
8112,2.6791,,,,,,,,
8113,2.6776,,,,,,,,
8114,2.5656,,,,,,,,
8115,2.6783,,,,,,,,
8116,2.7482,,,,,,,,
8117,2.8592,,,,,,,,
8118,2.7528,,,,,,,,
8119,2.6641,,,,,,,,
8120,2.7085,,,,,,,,
8121,2.7593,,,,,,,,
8122,2.7786,,,,,,,,
8123,2.6216,,,,,,,,
8124,2.7134,,,,,,,,
8125,2.6924,,,,,,,,
8126,2.8046,,,,,,,,
8127,2.6585,,,,,,,,
8128,4.3552,,,,,,,,
8129,4.0447,,,,,,,,
8130,3.9811,,,,,,,,
8131,4.1707,,,,,,,,
8132,4.0201,,,,,,,,
8133,4.034,,,,,,,,
8134,4.226,,,,,,,,
8135,4.1154,,,,,,,,
8136,2.5697,,,,,,,,
8137,2.7129,,,,,,,,
8138,2.6343,,,,,,,,
8139,2.7174,,,,,,,,
8140,2.59,,,,,,,,
8141,3.023,,,,,,,,
8142,2.6589,,,,,,,,
8143,2.6501,,,,,,,,
8144,2.7254,,,,,,,,
8145,2.5291,,,,,,,,
8146,2.7535,,,,,,,,
8147,3.4628,,,,,,,,
8148,2.777,,,,,,,,
8149,2.7892,,,,,,,,
8150,2.6497,,,,,,,,
8151,2.9363,,,,,,,,
8152,2.9874,,,,,,,,
8153,2.7369,,,,,,,,
8154,2.5708,,,,,,,,
8155,2.6251,,,,,,,,
8156,2.6767,,,,,,,,
8157,2.6916,,,,,,,,
8158,2.8274,,,,,,,,
8159,2.86,,,,,,,,
8160,3.1511,,,,,,,,
8161,2.693,,,,,,,,
8162,2.7882,,,,,,,,
8163,2.729,,,,,,,,
8164,2.6981,,,,,,,,
8165,2.7602,,,,,,,,
8166,2.6423,,,,,,,,
8167,2.7677,,,,,,,,
8168,2.8214,,,,,,,,
8169,2.8668,,,,,,,,
8170,2.7522,,,,,,,,
8171,2.5967,,,,,,,,
8172,2.6292,,,,,,,,
8173,2.6172,,,,,,,,
8174,2.7051,,,,,,,,
8175,2.8521,,,,,,,,
8176,2.5638,,,,,,,,
8177,2.661,,,,,,,,
8178,2.6897,,,,,,,,
8179,2.7234,,,,,,,,
8180,2.7651,,,,,,,,
8181,3.0433,,,,,,,,
8182,2.5647,,,,,,,,
8183,2.8125,,,,,,,,
8184,2.7667,,,,,,,,
8185,2.7044,,,,,,,,
8186,2.851,,,,,,,,
8187,2.6423,,,,,,,,
8188,2.8884,,,,,,,,
8189,2.6774,,,,,,,,
8190,2.7102,,,,,,,,
8191,2.6786,,,,,,,,
8192,2.7346,,,,,,,,
8193,2.6997,,,,,,,,
8194,2.7051,,,,,,,,
8195,2.7694,,,,,,,,
8196,2.6424,,,,,,,,
8197,2.9691,,,,,,,,
8198,3.0303,,,,,,,,
8199,2.6701,,,,,,,,
8200,2.639,,,,,,,,
8201,2.6047,,,,,,,,
8202,2.6936,,,,,,,,
8203,3.4622,,,,,,,,
8204,2.7341,,,,,,,,
8205,2.6971,,,,,,,,
8206,2.8286,,,,,,,,
8207,2.7762,,,,,,,,
8208,2.9561,,,,,,,,
8209,2.8604,,,,,,,,
8210,2.6759,,,,,,,,
8211,2.5691,,,,,,,,
8212,2.6655,,,,,,,,
8213,2.7279,,,,,,,,
8214,3.2334,,,,,,,,
8215,2.6894,,,,,,,,
8216,2.611,,,,,,,,
8217,2.6787,,,,,,,,
8218,2.5375,,,,,,,,
8219,2.6412,,,,,,,,
8220,2.6657,,,,,,,,
8221,2.5843,,,,,,,,
8222,2.5327,,,,,,,,
8223,2.5999,,,,,,,,
8224,2.6223,,,,,,,,
8225,2.6765,,,,,,,,
8226,2.7334,,,,,,,,
8227,2.5878,,,,,,,,
8228,2.6482,,,,,,,,
8229,2.6593,,,,,,,,
8230,2.6569,,,,,,,,
8231,2.8645,,,,,,,,
8232,2.7325,,,,,,,,
8233,2.6612,,,,,,,,
8234,2.5986,,,,,,,,
8235,2.6593,,,,,,,,
8236,2.7207,,,,,,,,
8237,3.1849,,,,,,,,
8238,3.0033,,,,,,,,
8239,2.8158,,,,,,,,
8240,2.7317,,,,,,,,
8241,2.8774,,,,,,,,
8242,2.9701,,,,,,,,
8243,3.0544,,,,,,,,
8244,2.7277,,,,,,,,
8245,2.7339,,,,,,,,
8246,2.837,,,,,,,,
8247,2.7371,,,,,,,,
8248,3.0405,,,,,,,,
8249,2.564,,,,,,,,
8250,2.5404,,,,,,,,
8251,2.5126,,,,,,,,
8252,2.5593,,,,,,,,
8253,2.8786,,,,,,,,
8254,3.2927,,,,,,,,
8255,2.6328,,,,,,,,
8256,2.7341,,,,,,,,
8257,2.8379,,,,,,,,
8258,2.7344,,,,,,,,
8259,3.0671,,,,,,,,
8260,3.1533,,,,,,,,
8261,2.7315,,,,,,,,
8262,2.8749,,,,,,,,
8263,2.7561,,,,,,,,
8264,3.1487,,,,,,,,
8265,2.882,,,,,,,,
8266,2.798,,,,,,,,
8267,3.0468,,,,,,,,
8268,2.7574,,,,,,,,
8269,2.7221,,,,,,,,
8270,3.0781,,,,,,,,
8271,2.7937,,,,,,,,
8272,2.8048,,,,,,,,
8273,2.7441,,,,,,,,
8274,2.7494,,,,,,,,
8275,2.7346,,,,,,,,
8276,2.8809,,,,,,,,
8277,2.8767,,,,,,,,
8278,2.7889,,,,,,,,
8279,2.6565,,,,,,,,
8280,2.732,,,,,,,,
8281,2.8639,,,,,,,,
8282,2.7542,,,,,,,,
8283,2.699,,,,,,,,
8284,2.7681,,,,,,,,
8285,2.8424,,,,,,,,
8286,2.7829,,,,,,,,
8287,3.2366,,,,,,,,
8288,2.5788,,,,,,,,
8289,2.6104,,,,,,,,
8290,2.6922,,,,,,,,
8291,2.6749,,,,,,,,
8292,2.8502,,,,,,,,
8293,3.2511,,,,,,,,
8294,2.5713,,,,,,,,
8295,2.5041,,,,,,,,
8296,2.6393,,,,,,,,
8297,2.6701,,,,,,,,
8298,3.2281,,,,,,,,
8299,2.892,,,,,,,,
8300,2.7169,,,,,,,,
8301,2.7707,,,,,,,,
8302,2.7066,,,,,,,,
8303,3.0752,,,,,,,,
8304,2.7866,,,,,,,,
8305,2.7475,,,,,,,,
8306,3.0051,,,,,,,,
8307,3.1497,,,,,,,,
8308,2.7888,,,,,,,,
8309,3.1961,,,,,,,,
8310,2.7489,,,,,,,,
8311,2.8098,,,,,,,,
8312,2.6366,,,,,,,,
8313,2.7551,,,,,,,,
8314,3.0358,,,,,,,,
8315,2.7622,,,,,,,,
8316,2.6084,,,,,,,,
8317,2.6726,,,,,,,,
8318,2.8769,,,,,,,,
8319,2.8146,,,,,,,,
8320,3.1685,,,,,,,,
8321,2.8364,,,,,,,,
8322,2.6466,,,,,,,,
8323,2.8499,,,,,,,,
8324,2.8834,,,,,,,,
8325,2.8417,,,,,,,,
8326,2.7383,,,,,,,,
8327,2.6988,,,,,,,,
8328,2.9462,,,,,,,,
8329,2.8517,,,,,,,,
8330,2.759,,,,,,,,
8331,2.9291,,,,,,,,
8332,2.7321,,,,,,,,
8333,2.8871,,,,,,,,
8334,2.6905,,,,,,,,
8335,2.7549,,,,,,,,
8336,3.1899,,,,,,,,
8337,3.0989,,,,,,,,
8338,2.7911,,,,,,,,
8339,2.8088,,,,,,,,
8340,2.6351,,,,,,,,
8341,2.7246,,,,,,,,
8342,3.1159,,,,,,,,
8343,2.8433,,,,,,,,
8344,2.875,,,,,,,,
8345,2.8198,,,,,,,,
8346,2.8372,,,,,,,,
8347,3.3617,,,,,,,,
8348,2.9274,,,,,,,,
8349,2.8017,,,,,,,,
8350,2.8623,,,,,,,,
8351,2.737,,,,,,,,
8352,2.8769,,,,,,,,
8353,3.2894,,,,,,,,
8354,2.8183,,,,,,,,
8355,2.8053,,,,,,,,
8356,2.7613,,,,,,,,
8357,2.632,,,,,,,,
8358,3.0788,,,,,,,,
8359,2.8044,,,,,,,,
8360,2.6452,,,,,,,,
8361,2.7313,,,,,,,,
8362,2.6204,,,,,,,,
8363,3.1516,,,,,,,,
8364,3.6511,,,,,,,,
8365,2.8102,,,,,,,,
8366,2.7221,,,,,,,,
8367,2.7386,,,,,,,,
8368,2.7979,,,,,,,,
8369,3.0736,,,,,,,,
8370,2.7018,,,,,,,,
8371,2.8033,,,,,,,,
8372,2.6387,,,,,,,,
8373,2.8498,,,,,,,,
8374,3.0156,,,,,,,,
8375,3.1548,,,,,,,,
8376,2.8209,,,,,,,,
8377,2.5914,,,,,,,,
8378,2.7706,,,,,,,,
8379,2.8159,,,,,,,,
8380,2.8255,,,,,,,,
8381,2.6563,,,,,,,,
8382,2.594,,,,,,,,
8383,2.6496,,,,,,,,
8384,2.773,,,,,,,,
8385,2.6807,,,,,,,,
8386,3.4024,,,,,,,,
8387,2.7712,,,,,,,,
8388,2.7055,,,,,,,,
8389,2.8481,,,,,,,,
8390,2.8498,,,,,,,,
8391,3.0296,,,,,,,,
8392,3.1041,,,,,,,,
8393,2.8447,,,,,,,,
8394,2.94,,,,,,,,
8395,2.7057,,,,,,,,
8396,2.7178,,,,,,,,
8397,2.9107,,,,,,,,
8398,2.7476,,,,,,,,
8399,2.8318,,,,,,,,
8400,2.8392,,,,,,,,
8401,2.7956,,,,,,,,
8402,3.18,,,,,,,,
8403,2.9752,,,,,,,,
8404,2.8429,,,,,,,,
8405,2.6933,,,,,,,,
8406,2.6896,,,,,,,,
8407,2.8931,,,,,,,,
8408,2.7501,,,,,,,,
8409,2.9615,,,,,,,,
8410,2.9244,,,,,,,,
8411,2.9089,,,,,,,,
8412,2.7191,,,,,,,,
8413,3.0554,,,,,,,,
8414,3.1933,,,,,,,,
8415,2.82,,,,,,,,
8416,2.7867,,,,,,,,
8417,2.7124,,,,,,,,
8418,2.8595,,,,,,,,
8419,2.9062,,,,,,,,
8420,2.8255,,,,,,,,
8421,2.7634,,,,,,,,
8422,2.7129,,,,,,,,
8423,2.7334,,,,,,,,
8424,3.0498,,,,,,,,
8425,2.8833,,,,,,,,
8426,2.7714,,,,,,,,
8427,2.7679,,,,,,,,
8428,2.7637,,,,,,,,
8429,2.8182,,,,,,,,
8430,3.1708,,,,,,,,
8431,2.593,,,,,,,,
8432,2.697,,,,,,,,
8433,2.6742,,,,,,,,
8434,2.6863,,,,,,,,
8435,3.0523,,,,,,,,
8436,2.9207,,,,,,,,
8437,2.8594,,,,,,,,
8438,2.7489,,,,,,,,
8439,2.8088,,,,,,,,
8440,2.7868,,,,,,,,
8441,4.1036,,,,,,,,
8442,4.0448,,,,,,,,
8443,4.2832,,,,,,,,
8444,3.7774,,,,,,,,
8445,2.6604,,,,,,,,
8446,2.789,,,,,,,,
8447,2.6071,,,,,,,,
8448,2.631,,,,,,,,
8449,2.6472,,,,,,,,
8450,2.9649,,,,,,,,
8451,2.7022,,,,,,,,
8452,2.6539,,,,,,,,
8453,2.6895,,,,,,,,
8454,2.6997,,,,,,,,
8455,2.9033,,,,,,,,
8456,3.0115,,,,,,,,
8457,2.6935,,,,,,,,
8458,2.8713,,,,,,,,
8459,2.8068,,,,,,,,
8460,2.8211,,,,,,,,
8461,2.7852,,,,,,,,
8462,2.7865,,,,,,,,
8463,2.7449,,,,,,,,
8464,2.8657,,,,,,,,
8465,2.8032,,,,,,,,
8466,3.053,,,,,,,,
8467,3.0774,,,,,,,,
8468,2.5261,,,,,,,,
8469,2.6405,,,,,,,,
8470,2.7314,,,,,,,,
8471,2.639,,,,,,,,
8472,3.1386,,,,,,,,
8473,2.945,,,,,,,,
8474,2.8704,,,,,,,,
8475,2.5665,,,,,,,,
8476,2.7896,,,,,,,,
8477,2.8228,,,,,,,,
8478,2.7486,,,,,,,,
8479,2.9176,,,,,,,,
8480,2.7329,,,,,,,,
8481,2.7486,,,,,,,,
8482,2.7007,,,,,,,,
8483,2.6995,,,,,,,,
8484,2.8966,,,,,,,,
8485,2.7014,,,,,,,,
8486,2.8159,,,,,,,,
8487,2.7071,,,,,,,,
8488,2.7409,,,,,,,,
8489,2.9901,,,,,,,,
8490,2.7508,,,,,,,,
8491,2.7357,,,,,,,,
8492,2.5671,,,,,,,,
8493,2.6194,,,,,,,,
8494,2.6126,,,,,,,,
8495,3.594,,,,,,,,
8496,2.6489,,,,,,,,
8497,2.638,,,,,,,,
8498,2.9485,,,,,,,,
8499,2.8099,,,,,,,,
8500,2.922,,,,,,,,
8501,2.798,,,,,,,,
8502,2.6202,,,,,,,,
8503,2.8337,,,,,,,,
8504,2.7512,,,,,,,,
8505,3.3143,,,,,,,,
8506,2.9936,,,,,,,,
8507,2.6277,,,,,,,,
8508,2.8524,,,,,,,,
8509,2.8417,,,,,,,,
8510,2.7714,,,,,,,,
8511,2.824,,,,,,,,
8512,2.7842,,,,,,,,
8513,2.8491,,,,,,,,
8514,2.7209,,,,,,,,
8515,2.841,,,,,,,,
8516,2.8992,,,,,,,,
8517,2.7989,,,,,,,,
8518,2.8053,,,,,,,,
8519,2.953,,,,,,,,
8520,2.8192,,,,,,,,
8521,2.7962,,,,,,,,
8522,2.7527,,,,,,,,
8523,2.6973,,,,,,,,
8524,2.6786,,,,,,,,
8525,2.8817,,,,,,,,
8526,2.7184,,,,,,,,
8527,2.8171,,,,,,,,
8528,2.9238,,,,,,,,
8529,2.8179,,,,,,,,
8530,3.0965,,,,,,,,
8531,3.3319,,,,,,,,
8532,2.7471,,,,,,,,
8533,3.1789,,,,,,,,
8534,2.8607,,,,,,,,
8535,2.8244,,,,,,,,
8536,2.942,,,,,,,,
8537,3.5648,,,,,,,,
8538,2.9543,,,,,,,,
8539,2.642,,,,,,,,
8540,2.5056,,,,,,,,
8541,2.7441,,,,,,,,
8542,2.4811,,,,,,,,
8543,2.6945,,,,,,,,
8544,3.4622,,,,,,,,
8545,2.794,,,,,,,,
8546,2.7612,,,,,,,,
8547,3.0598,,,,,,,,
8548,2.9757,,,,,,,,
8549,3.4572,,,,,,,,
8550,2.9638,,,,,,,,
8551,2.6473,,,,,,,,
8552,2.491,,,,,,,,
8553,2.9016,,,,,,,,
8554,2.9959,,,,,,,,
8555,3.4805,,,,,,,,
8556,3.2889,,,,,,,,
8557,2.6125,,,,,,,,
8558,2.7881,,,,,,,,
8559,2.9301,,,,,,,,
8560,3.0848,,,,,,,,
8561,2.9908,,,,,,,,
8562,2.6795,,,,,,,,
8563,2.7309,,,,,,,,
8564,2.7166,,,,,,,,
8565,3.1598,,,,,,,,
8566,3.0508,,,,,,,,
8567,2.7094,,,,,,,,
8568,2.7566,,,,,,,,
8569,2.7355,,,,,,,,
8570,2.5934,,,,,,,,
8571,3.257,,,,,,,,
8572,2.6706,,,,,,,,
8573,2.8634,,,,,,,,
8574,2.8061,,,,,,,,
8575,3.1097,,,,,,,,
8576,3.1755,,,,,,,,
8577,2.8692,,,,,,,,
8578,2.68,,,,,,,,
8579,2.7355,,,,,,,,
8580,2.682,,,,,,,,
8581,3.0199,,,,,,,,
8582,2.6364,,,,,,,,
8583,3.4078,,,,,,,,
8584,3.0464,,,,,,,,
8585,3.2685,,,,,,,,
8586,2.9246,,,,,,,,
8587,2.7205,,,,,,,,
8588,2.7652,,,,,,,,
8589,3.0823,,,,,,,,
8590,2.8918,,,,,,,,
8591,2.7338,,,,,,,,
8592,3.2837,,,,,,,,
8593,2.7577,,,,,,,,
8594,2.7288,,,,,,,,
8595,2.646,,,,,,,,
8596,2.6441,,,,,,,,
8597,2.9529,,,,,,,,
8598,3.034,,,,,,,,
8599,2.8395,,,,,,,,
8600,2.8288,,,,,,,,
8601,2.5697,,,,,,,,
8602,2.7514,,,,,,,,
8603,3.0661,,,,,,,,
8604,2.5164,,,,,,,,
8605,2.8038,,,,,,,,
8606,2.7805,,,,,,,,
8607,2.8587,,,,,,,,
8608,2.9722,,,,,,,,
8609,2.7853,,,,,,,,
8610,2.5921,,,,,,,,
8611,2.7377,,,,,,,,
8612,2.8101,,,,,,,,
8613,2.8202,,,,,,,,
8614,3.34,,,,,,,,
8615,2.6123,,,,,,,,
8616,2.7625,,,,,,,,
8617,2.6587,,,,,,,,
8618,3.1315,,,,,,,,
8619,2.9397,,,,,,,,
8620,2.7007,,,,,,,,
8621,2.5965,,,,,,,,
8622,2.5513,,,,,,,,
8623,2.5809,,,,,,,,
8624,2.4709,,,,,,,,
8625,2.58,,,,,,,,
8626,2.7167,,,,,,,,
8627,2.6299,,,,,,,,
8628,2.6945,,,,,,,,
8629,2.835,,,,,,,,
8630,2.6442,,,,,,,,
8631,2.8179,,,,,,,,
8632,2.6676,,,,,,,,
8633,2.5461,,,,,,,,
8634,2.6883,,,,,,,,
8635,2.6825,,,,,,,,
8636,2.549,,,,,,,,
8637,2.7417,,,,,,,,
8638,2.6701,,,,,,,,
8639,2.4791,,,,,,,,
8640,2.6231,,,,,,,,
8641,2.53,,,,,,,,
8642,2.609,,,,,,,,
8643,2.6848,,,,,,,,
8644,2.631,,,,,,,,
8645,2.6817,,,,,,,,
8646,2.8003,,,,,,,,
8647,2.5735,,,,,,,,
8648,2.7795,,,,,,,,
8649,3.1193,,,,,,,,
8650,2.9826,,,,,,,,
8651,2.9673,,,,,,,,
8652,2.7975,,,,,,,,
8653,2.6331,,,,,,,,
8654,3.1938,,,,,,,,
8655,3.2437,,,,,,,,
8656,3.058,,,,,,,,
8657,2.4763,,,,,,,,
8658,2.6433,,,,,,,,
8659,2.806,,,,,,,,
8660,2.6369,,,,,,,,
8661,2.6294,,,,,,,,
8662,2.6058,,,,,,,,
8663,2.6,,,,,,,,
8664,2.5794,,,,,,,,
8665,3.0352,,,,,,,,
8666,2.8028,,,,,,,,
8667,2.7154,,,,,,,,
8668,2.7407,,,,,,,,
8669,2.5803,,,,,,,,
8670,2.6647,,,,,,,,
8671,2.8286,,,,,,,,
8672,2.6935,,,,,,,,
8673,2.6565,,,,,,,,
8674,2.6487,,,,,,,,
8675,2.6891,,,,,,,,
8676,2.8495,,,,,,,,
8677,2.5822,,,,,,,,
8678,2.5338,,,,,,,,
8679,2.6125,,,,,,,,
8680,2.6879,,,,,,,,
8681,2.8252,,,,,,,,
8682,3.235,,,,,,,,
8683,2.7021,,,,,,,,
8684,2.5932,,,,,,,,
8685,2.4433,,,,,,,,
8686,2.7633,,,,,,,,
8687,3.2263,,,,,,,,
8688,3.1566,,,,,,,,
8689,2.5234,,,,,,,,
8690,2.599,,,,,,,,
8691,2.6656,,,,,,,,
8692,2.7882,,,,,,,,
8693,3.1499,,,,,,,,
8694,2.6593,,,,,,,,
8695,2.6572,,,,,,,,
8696,2.6689,,,,,,,,
8697,2.6784,,,,,,,,
8698,2.6881,,,,,,,,
8699,2.6036,,,,,,,,
8700,2.6316,,,,,,,,
8701,2.6487,,,,,,,,
8702,2.7046,,,,,,,,
8703,2.8017,,,,,,,,
8704,2.5854,,,,,,,,
8705,2.8993,,,,,,,,
8706,2.7954,,,,,,,,
8707,2.8016,,,,,,,,
8708,2.7617,,,,,,,,
8709,2.7594,,,,,,,,
8710,2.677,,,,,,,,
8711,3.3493,,,,,,,,
8712,3.0393,,,,,,,,
8713,2.8771,,,,,,,,
8714,2.7344,,,,,,,,
8715,2.7003,,,,,,,,
8716,3.0623,,,,,,,,
8717,3.0964,,,,,,,,
8718,3.0058,,,,,,,,
8719,2.6539,,,,,,,,
8720,2.7793,,,,,,,,
8721,2.7434,,,,,,,,
8722,3.2348,,,,,,,,
8723,2.7671,,,,,,,,
8724,2.658,,,,,,,,
8725,2.7799,,,,,,,,
8726,2.6648,,,,,,,,
8727,3.093,,,,,,,,
8728,2.7801,,,,,,,,
8729,2.6626,,,,,,,,
8730,2.5736,,,,,,,,
8731,2.5036,,,,,,,,
8732,2.6356,,,,,,,,
8733,3.3067,,,,,,,,
8734,2.7379,,,,,,,,
8735,2.9456,,,,,,,,
8736,2.6204,,,,,,,,
8737,2.7561,,,,,,,,
8738,3.2309,,,,,,,,
8739,3.0005,,,,,,,,
8740,2.7267,,,,,,,,
8741,2.5558,,,,,,,,
8742,2.6683,,,,,,,,
8743,3.2083,,,,,,,,
8744,2.6916,,,,,,,,
8745,2.771,,,,,,,,
8746,2.7689,,,,,,,,
8747,2.9654,,,,,,,,
8748,2.8248,,,,,,,,
8749,2.8553,,,,,,,,
8750,2.8068,,,,,,,,
8751,2.74,,,,,,,,
8752,2.7993,,,,,,,,
8753,2.8311,,,,,,,,
8754,2.8327,,,,,,,,
8755,3.3772,,,,,,,,
8756,2.7145,,,,,,,,
8757,2.8136,,,,,,,,
8758,2.9434,,,,,,,,
8759,2.7029,,,,,,,,
8760,3.0033,,,,,,,,
8761,2.7844,,,,,,,,
8762,2.8365,,,,,,,,
8763,2.9872,,,,,,,,
8764,3.0137,,,,,,,,
8765,3.0098,,,,,,,,
8766,2.7497,,,,,,,,
8767,2.9454,,,,,,,,
8768,3.0005,,,,,,,,
8769,2.8502,,,,,,,,
8770,2.7937,,,,,,,,
8771,2.9785,,,,,,,,
8772,3.0945,,,,,,,,
8773,3.0489,,,,,,,,
8774,2.8763,,,,,,,,
8775,2.8323,,,,,,,,
8776,2.8475,,,,,,,,
8777,2.836,,,,,,,,
8778,2.9095,,,,,,,,
8779,2.7704,,,,,,,,
8780,2.8295,,,,,,,,
8781,2.9398,,,,,,,,
8782,3.1162,,,,,,,,
8783,2.7343,,,,,,,,
8784,2.8005,,,,,,,,
8785,2.9373,,,,,,,,
8786,2.8392,,,,,,,,
8787,2.9878,,,,,,,,
8788,3.0784,,,,,,,,
8789,2.7614,,,,,,,,
8790,2.7854,,,,,,,,
8791,2.7041,,,,,,,,
8792,2.9633,,,,,,,,
8793,2.9135,,,,,,,,
8794,2.8011,,,,,,,,
8795,2.6453,,,,,,,,
8796,2.6812,,,,,,,,
8797,2.6717,,,,,,,,
8798,2.859,,,,,,,,
8799,2.6258,,,,,,,,
8800,2.5886,,,,,,,,
8801,2.5192,,,,,,,,
8802,2.6147,,,,,,,,
8803,2.7393,,,,,,,,
8804,3.0324,,,,,,,,
8805,2.5962,,,,,,,,
8806,2.5746,,,,,,,,
8807,2.6862,,,,,,,,
8808,2.6193,,,,,,,,
8809,2.6365,,,,,,,,
8810,2.6165,,,,,,,,
8811,2.8655,,,,,,,,
8812,2.696,,,,,,,,
8813,2.7027,,,,,,,,
8814,2.8016,,,,,,,,
8815,2.9112,,,,,,,,
8816,3.023,,,,,,,,
8817,2.7307,,,,,,,,
8818,2.6205,,,,,,,,
8819,2.7169,,,,,,,,
8820,2.5973,,,,,,,,
8821,2.9621,,,,,,,,
8822,2.8852,,,,,,,,
8823,2.7596,,,,,,,,
8824,2.9212,,,,,,,,
8825,3.124,,,,,,,,
8826,2.6548,,,,,,,,
8827,2.9021,,,,,,,,
8828,2.6437,,,,,,,,
8829,2.6462,,,,,,,,
8830,2.7595,,,,,,,,
8831,2.5818,,,,,,,,
8832,2.7766,,,,,,,,
8833,2.7622,,,,,,,,
8834,2.8728,,,,,,,,
8835,3.016,,,,,,,,
8836,2.8243,,,,,,,,
8837,2.6519,,,,,,,,
8838,3.2177,,,,,,,,
8839,3.055,,,,,,,,
8840,2.9398,,,,,,,,
8841,2.5941,,,,,,,,
8842,2.4946,,,,,,,,
8843,2.9195,,,,,,,,
8844,2.7252,,,,,,,,
8845,2.7071,,,,,,,,
8846,2.7086,,,,,,,,
8847,2.5183,,,,,,,,
8848,2.6534,,,,,,,,
8849,2.9056,,,,,,,,
8850,2.9908,,,,,,,,
8851,2.6457,,,,,,,,
8852,2.6045,,,,,,,,
8853,2.6394,,,,,,,,
8854,2.7121,,,,,,,,
8855,3.5267,,,,,,,,
8856,2.6877,,,,,,,,
8857,2.704,,,,,,,,
8858,2.638,,,,,,,,
8859,2.7998,,,,,,,,
8860,3.4913,,,,,,,,
8861,3.2773,,,,,,,,
8862,2.8941,,,,,,,,
8863,2.871,,,,,,,,
8864,2.8325,,,,,,,,
8865,3.2408,,,,,,,,
8866,2.884,,,,,,,,
8867,3.108,,,,,,,,
8868,2.7158,,,,,,,,
8869,3.0519,,,,,,,,
8870,3.4274,,,,,,,,
8871,3.0882,,,,,,,,
8872,2.813,,,,,,,,
8873,2.752,,,,,,,,
8874,2.7869,,,,,,,,
8875,2.6584,,,,,,,,
8876,2.9051,,,,,,,,
8877,2.6463,,,,,,,,
8878,2.6529,,,,,,,,
8879,2.5436,,,,,,,,
8880,2.9581,,,,,,,,
8881,2.8051,,,,,,,,
8882,3.1679,,,,,,,,
8883,2.7517,,,,,,,,
8884,2.8757,,,,,,,,
8885,2.8516,,,,,,,,
8886,2.8549,,,,,,,,
8887,3.8475,,,,,,,,
8888,3.2683,,,,,,,,
8889,2.7622,,,,,,,,
8890,2.675,,,,,,,,
8891,2.7834,,,,,,,,
8892,2.9762,,,,,,,,
8893,2.8287,,,,,,,,
8894,2.8873,,,,,,,,
8895,2.5896,,,,,,,,
8896,2.8519,,,,,,,,
8897,3.0188,,,,,,,,
8898,3.1341,,,,,,,,
8899,3.0074,,,,,,,,
8900,2.6334,,,,,,,,
8901,2.7649,,,,,,,,
8902,2.7613,,,,,,,,
8903,3.2032,,,,,,,,
8904,2.7688,,,,,,,,
8905,2.7696,,,,,,,,
8906,2.6204,,,,,,,,
8907,2.7866,,,,,,,,
8908,2.9149,,,,,,,,
8909,2.7618,,,,,,,,
8910,2.7461,,,,,,,,
8911,2.5875,,,,,,,,
8912,2.8051,,,,,,,,
8913,2.7897,,,,,,,,
8914,2.8104,,,,,,,,
8915,2.7586,,,,,,,,
8916,2.6623,,,,,,,,
8917,2.7409,,,,,,,,
8918,2.8041,,,,,,,,
8919,2.8657,,,,,,,,
8920,2.7577,,,,,,,,
8921,2.7414,,,,,,,,
8922,2.6983,,,,,,,,
8923,2.938,,,,,,,,
8924,2.6943,,,,,,,,
8925,3.4155,,,,,,,,
8926,2.9028,,,,,,,,
8927,2.6766,,,,,,,,
8928,2.8307,,,,,,,,
8929,2.957,,,,,,,,
8930,2.9631,,,,,,,,
8931,2.8695,,,,,,,,
8932,2.9401,,,,,,,,
8933,2.909,,,,,,,,
8934,2.9493,,,,,,,,
8935,3.1228,,,,,,,,
8936,2.9087,,,,,,,,
8937,2.9499,,,,,,,,
8938,2.9777,,,,,,,,
8939,2.9773,,,,,,,,
8940,2.8491,,,,,,,,
8941,3.411,,,,,,,,
8942,2.8806,,,,,,,,
8943,2.8956,,,,,,,,
8944,2.9328,,,,,,,,
8945,2.7746,,,,,,,,
8946,2.8789,,,,,,,,
8947,2.921,,,,,,,,
8948,2.8538,,,,,,,,
8949,3.0275,,,,,,,,
8950,2.7277,,,,,,,,
8951,3.2789,,,,,,,,
8952,2.9767,,,,,,,,
8953,2.7807,,,,,,,,
8954,3.0845,,,,,,,,
8955,2.8825,,,,,,,,
8956,3.1711,,,,,,,,
8957,3.1281,,,,,,,,
8958,2.8697,,,,,,,,
8959,2.9952,,,,,,,,
8960,2.9167,,,,,,,,
8961,3.0379,,,,,,,,
8962,2.8937,,,,,,,,
8963,2.8715,,,,,,,,
8964,2.8145,,,,,,,,
8965,2.9526,,,,,,,,
8966,2.8821,,,,,,,,
8967,2.9452,,,,,,,,
8968,2.7981,,,,,,,,
8969,2.8914,,,,,,,,
8970,2.8916,,,,,,,,
8971,2.9249,,,,,,,,
8972,3.3359,,,,,,,,
8973,3.1138,,,,,,,,
8974,2.767,,,,,,,,
8975,2.728,,,,,,,,
8976,2.8449,,,,,,,,
8977,3.26,,,,,,,,
8978,2.8079,,,,,,,,
8979,2.5823,,,,,,,,
8980,2.8468,,,,,,,,
8981,2.7621,,,,,,,,
8982,2.9557,,,,,,,,
8983,3.3863,,,,,,,,
8984,2.6883,,,,,,,,
8985,2.6686,,,,,,,,
8986,2.7281,,,,,,,,
8987,2.8102,,,,,,,,
8988,2.8193,,,,,,,,
8989,2.6188,,,,,,,,
8990,2.6812,,,,,,,,
8991,2.7717,,,,,,,,
8992,2.8136,,,,,,,,
8993,3.106,,,,,,,,
8994,2.726,,,,,,,,
8995,2.8691,,,,,,,,
8996,2.8425,,,,,,,,
8997,3.0641,,,,,,,,
8998,3.1184,,,,,,,,
8999,2.9049,,,,,,,,
9000,2.8418,,,,,,,,
9001,2.7337,,,,,,,,
9002,3.1068,,,,,,,,
9003,2.9618,,,,,,,,
9004,3.2776,,,,,,,,
9005,2.9428,,,,,,,,
9006,2.7843,,,,,,,,
9007,3.0367,,,,,,,,
9008,2.9001,,,,,,,,
9009,2.9214,,,,,,,,
9010,2.8347,,,,,,,,
9011,2.8777,,,,,,,,
9012,3.1584,,,,,,,,
9013,2.8766,,,,,,,,
9014,3.124,,,,,,,,
9015,3.0188,,,,,,,,
9016,3.4798,,,,,,,,
9017,2.872,,,,,,,,
9018,2.8485,,,,,,,,
9019,3.057,,,,,,,,
9020,2.8899,,,,,,,,
9021,3.0647,,,,,,,,
9022,2.9596,,,,,,,,
9023,2.7691,,,,,,,,
9024,2.8089,,,,,,,,
9025,2.8647,,,,,,,,
9026,2.6592,,,,,,,,
9027,3.3261,,,,,,,,
9028,2.6196,,,,,,,,
9029,2.7198,,,,,,,,
9030,2.9668,,,,,,,,
9031,3.3569,,,,,,,,
9032,2.9685,,,,,,,,
9033,2.724,,,,,,,,
9034,2.8041,,,,,,,,
9035,2.8335,,,,,,,,
9036,3.3168,,,,,,,,
9037,2.8271,,,,,,,,
9038,2.6138,,,,,,,,
9039,2.8504,,,,,,,,
9040,2.8245,,,,,,,,
9041,3.0927,,,,,,,,
9042,2.8917,,,,,,,,
9043,2.688,,,,,,,,
9044,2.6728,,,,,,,,
9045,2.717,,,,,,,,
9046,3.5245,,,,,,,,
9047,2.7349,,,,,,,,
9048,2.6061,,,,,,,,
9049,2.8649,,,,,,,,
9050,2.8296,,,,,,,,
9051,3.0303,,,,,,,,
9052,2.8037,,,,,,,,
9053,2.5953,,,,,,,,
9054,3.4758,,,,,,,,
9055,2.9182,,,,,,,,
9056,2.7711,,,,,,,,
9057,2.8293,,,,,,,,
9058,2.6127,,,,,,,,
9059,2.828,,,,,,,,
9060,2.7651,,,,,,,,
9061,2.7145,,,,,,,,
9062,2.7472,,,,,,,,
9063,3.0611,,,,,,,,
9064,3.0254,,,,,,,,
9065,2.9191,,,,,,,,
9066,3.2014,,,,,,,,
9067,3.3236,,,,,,,,
9068,3.0376,,,,,,,,
9069,3.0018,,,,,,,,
9070,3.0376,,,,,,,,
9071,3.344,,,,,,,,
9072,2.7612,,,,,,,,
9073,2.9379,,,,,,,,
9074,2.8781,,,,,,,,
9075,2.9081,,,,,,,,
9076,3.1191,,,,,,,,
9077,2.82,,,,,,,,
9078,2.8689,,,,,,,,
9079,2.7949,,,,,,,,
9080,2.8019,,,,,,,,
9081,2.8056,,,,,,,,
9082,2.5665,,,,,,,,
9083,2.5733,,,,,,,,
9084,3.3144,,,,,,,,
9085,2.8027,,,,,,,,
9086,2.7283,,,,,,,,
9087,2.6492,,,,,,,,
9088,2.5467,,,,,,,,
9089,3.016,,,,,,,,
9090,3.1288,,,,,,,,
9091,2.6881,,,,,,,,
9092,2.7218,,,,,,,,
9093,2.5872,,,,,,,,
9094,2.7877,,,,,,,,
9095,2.872,,,,,,,,
9096,2.6789,,,,,,,,
9097,2.7086,,,,,,,,
9098,2.7024,,,,,,,,
9099,2.6894,,,,,,,,
9100,2.871,,,,,,,,
9101,2.7216,,,,,,,,
9102,2.7412,,,,,,,,
9103,2.5177,,,,,,,,
9104,2.5942,,,,,,,,
9105,2.8337,,,,,,,,
9106,3.626,,,,,,,,
9107,2.796,,,,,,,,
9108,2.6331,,,,,,,,
9109,2.6778,,,,,,,,
9110,2.8861,,,,,,,,
9111,3.348,,,,,,,,
9112,3.0424,,,,,,,,
9113,2.8641,,,,,,,,
9114,2.7374,,,,,,,,
9115,2.7256,,,,,,,,
9116,3.0327,,,,,,,,
9117,3.2424,,,,,,,,
9118,2.6838,,,,,,,,
9119,2.6729,,,,,,,,
9120,2.7892,,,,,,,,
9121,2.6588,,,,,,,,
9122,3.2482,,,,,,,,
9123,2.5081,,,,,,,,
9124,2.665,,,,,,,,
9125,2.7689,,,,,,,,
9126,2.731,,,,,,,,
9127,2.7863,,,,,,,,
9128,2.5675,,,,,,,,
9129,2.6509,,,,,,,,
9130,2.6157,,,,,,,,
9131,2.7321,,,,,,,,
9132,2.7103,,,,,,,,
9133,2.6244,,,,,,,,
9134,2.7286,,,,,,,,
9135,2.6382,,,,,,,,
9136,2.6804,,,,,,,,
9137,2.7208,,,,,,,,
9138,2.6717,,,,,,,,
9139,3.1898,,,,,,,,
9140,2.9832,,,,,,,,
9141,2.7209,,,,,,,,
9142,2.7587,,,,,,,,
9143,2.6659,,,,,,,,
9144,2.6788,,,,,,,,
9145,3.2698,,,,,,,,
9146,2.777,,,,,,,,
9147,2.9213,,,,,,,,
9148,2.7977,,,,,,,,
9149,2.7814,,,,,,,,
9150,3.4223,,,,,,,,
9151,3.339,,,,,,,,
9152,2.7882,,,,,,,,
9153,2.6893,,,,,,,,
9154,2.6204,,,,,,,,
9155,2.6783,,,,,,,,
9156,2.9035,,,,,,,,
9157,2.7068,,,,,,,,
9158,2.7488,,,,,,,,
9159,2.7467,,,,,,,,
9160,2.7082,,,,,,,,
9161,2.904,,,,,,,,
9162,2.6487,,,,,,,,
9163,2.6725,,,,,,,,
9164,2.7567,,,,,,,,
9165,2.7355,,,,,,,,
9166,2.7384,,,,,,,,
9167,3.1786,,,,,,,,
9168,2.7632,,,,,,,,
9169,2.7823,,,,,,,,
9170,2.8615,,,,,,,,
9171,2.9617,,,,,,,,
9172,3.3836,,,,,,,,
9173,2.9646,,,,,,,,
9174,2.8215,,,,,,,,
9175,2.8984,,,,,,,,
9176,2.7874,,,,,,,,
9177,3.3051,,,,,,,,
9178,2.8572,,,,,,,,
9179,3.0461,,,,,,,,
9180,2.7986,,,,,,,,
9181,2.8578,,,,,,,,
9182,2.977,,,,,,,,
9183,3.3695,,,,,,,,
9184,2.5985,,,,,,,,
9185,2.6843,,,,,,,,
9186,2.7083,,,,,,,,
9187,2.6079,,,,,,,,
9188,3.8221,,,,,,,,
9189,3.0726,,,,,,,,
9190,2.7846,,,,,,,,
9191,2.7295,,,,,,,,
9192,2.6836,,,,,,,,
9193,2.8428,,,,,,,,
9194,2.699,,,,,,,,
9195,2.6738,,,,,,,,
9196,2.6709,,,,,,,,
9197,2.7363,,,,,,,,
9198,2.7085,,,,,,,,
9199,2.8675,,,,,,,,
9200,2.6002,,,,,,,,
9201,2.6624,,,,,,,,
9202,2.6814,,,,,,,,
9203,2.7704,,,,,,,,
9204,2.6102,,,,,,,,
9205,2.8924,,,,,,,,
9206,2.7397,,,,,,,,
9207,2.6432,,,,,,,,
9208,3.0108,,,,,,,,
9209,2.5789,,,,,,,,
9210,2.9546,,,,,,,,
9211,2.8651,,,,,,,,
9212,2.5683,,,,,,,,
9213,2.632,,,,,,,,
9214,2.5434,,,,,,,,
9215,2.7,,,,,,,,
9216,3.2249,,,,,,,,
9217,2.6933,,,,,,,,
9218,2.8064,,,,,,,,
9219,2.6491,,,,,,,,
9220,2.7892,,,,,,,,
9221,2.8827,,,,,,,,
9222,2.573,,,,,,,,
9223,2.7381,,,,,,,,
9224,2.7541,,,,,,,,
9225,2.765,,,,,,,,
9226,2.7473,,,,,,,,
9227,2.873,,,,,,,,
9228,2.6074,,,,,,,,
9229,2.6649,,,,,,,,
9230,2.72,,,,,,,,
9231,2.7431,,,,,,,,
9232,2.5833,,,,,,,,
9233,2.8277,,,,,,,,
9234,2.8224,,,,,,,,
9235,2.7466,,,,,,,,
9236,2.6948,,,,,,,,
9237,2.7402,,,,,,,,
9238,2.8421,,,,,,,,
9239,3.1394,,,,,,,,
9240,2.7439,,,,,,,,
9241,2.5578,,,,,,,,
9242,2.5341,,,,,,,,
9243,2.5546,,,,,,,,
9244,3.2551,,,,,,,,
9245,2.6543,,,,,,,,
9246,2.6869,,,,,,,,
9247,2.6053,,,,,,,,
9248,2.666,,,,,,,,
9249,2.5858,,,,,,,,
9250,3.5754,,,,,,,,
9251,3.2858,,,,,,,,
9252,2.6515,,,,,,,,
9253,2.6824,,,,,,,,
9254,2.8899,,,,,,,,
9255,3.3538,,,,,,,,
9256,2.6359,,,,,,,,
9257,2.4894,,,,,,,,
9258,2.5254,,,,,,,,
9259,2.5661,,,,,,,,
9260,2.7431,,,,,,,,
9261,3.0369,,,,,,,,
9262,2.5756,,,,,,,,
9263,2.6662,,,,,,,,
9264,2.6338,,,,,,,,
9265,2.778,,,,,,,,
9266,2.7744,,,,,,,,
9267,3.2617,,,,,,,,
9268,2.5909,,,,,,,,
9269,2.59,,,,,,,,
9270,2.6494,,,,,,,,
9271,2.7289,,,,,,,,
9272,3.036,,,,,,,,
9273,2.7903,,,,,,,,
9274,2.695,,,,,,,,
9275,3.0612,,,,,,,,
9276,2.7672,,,,,,,,
9277,3.1071,,,,,,,,
9278,3.4386,,,,,,,,
9279,2.727,,,,,,,,
9280,3.1806,,,,,,,,
9281,2.8968,,,,,,,,
9282,2.8102,,,,,,,,
9283,2.846,,,,,,,,
9284,2.7527,,,,,,,,
9285,2.9831,,,,,,,,
9286,2.8233,,,,,,,,
9287,2.769,,,,,,,,
9288,3.0262,,,,,,,,
9289,2.9337,,,,,,,,
9290,2.6915,,,,,,,,
9291,2.7123,,,,,,,,
9292,2.7257,,,,,,,,
9293,2.7359,,,,,,,,
9294,2.5536,,,,,,,,
9295,2.5066,,,,,,,,
9296,2.6331,,,,,,,,
9297,2.7648,,,,,,,,
9298,2.4804,,,,,,,,
9299,2.5719,,,,,,,,
9300,3.4106,,,,,,,,
9301,2.8069,,,,,,,,
9302,2.682,,,,,,,,
9303,2.527,,,,,,,,
9304,2.6852,,,,,,,,
9305,3.1746,,,,,,,,
9306,3.2302,,,,,,,,
9307,2.8536,,,,,,,,
9308,3.0619,,,,,,,,
9309,2.5286,,,,,,,,
9310,2.856,,,,,,,,
9311,2.7878,,,,,,,,
9312,2.865,,,,,,,,
9313,2.6894,,,,,,,,
9314,2.5475,,,,,,,,
9315,2.7737,,,,,,,,
9316,3.4296,,,,,,,,
9317,3.0185,,,,,,,,
9318,2.7434,,,,,,,,
9319,2.5652,,,,,,,,
9320,2.7641,,,,,,,,
9321,3.2122,,,,,,,,
9322,3.2389,,,,,,,,
9323,2.7005,,,,,,,,
9324,2.6414,,,,,,,,
9325,2.729,,,,,,,,
9326,2.6386,,,,,,,,
9327,2.8299,,,,,,,,
9328,2.6951,,,,,,,,
9329,2.6679,,,,,,,,
9330,2.7673,,,,,,,,
9331,2.8921,,,,,,,,
9332,2.9402,,,,,,,,
9333,3.297,,,,,,,,
9334,2.7078,,,,,,,,
9335,2.7835,,,,,,,,
9336,2.8194,,,,,,,,
9337,2.7023,,,,,,,,
9338,3.4936,,,,,,,,
9339,3.1698,,,,,,,,
9340,2.7015,,,,,,,,
9341,2.8224,,,,,,,,
9342,2.7249,,,,,,,,
9343,3.636,,,,,,,,
9344,2.8609,,,,,,,,
9345,2.9126,,,,,,,,
9346,2.7904,,,,,,,,
9347,3.3549,,,,,,,,
9348,3.2005,,,,,,,,
9349,2.7456,,,,,,,,
9350,2.8713,,,,,,,,
9351,2.7486,,,,,,,,
9352,2.7949,,,,,,,,
9353,2.8077,,,,,,,,
9354,2.7527,,,,,,,,
9355,2.7456,,,,,,,,
9356,2.7394,,,,,,,,
9357,2.8103,,,,,,,,
9358,2.7392,,,,,,,,
9359,3.0288,,,,,,,,
9360,3.0752,,,,,,,,
9361,2.7451,,,,,,,,
9362,2.7273,,,,,,,,
9363,2.7039,,,,,,,,
9364,2.6925,,,,,,,,
9365,2.99,,,,,,,,
9366,2.7752,,,,,,,,
9367,2.9607,,,,,,,,
9368,2.7737,,,,,,,,
9369,2.7785,,,,,,,,
9370,2.937,,,,,,,,
9371,2.8051,,,,,,,,
9372,2.8576,,,,,,,,
9373,2.7819,,,,,,,,
9374,2.7592,,,,,,,,
9375,2.7918,,,,,,,,
9376,3.0565,,,,,,,,
9377,2.8197,,,,,,,,
9378,2.7885,,,,,,,,
9379,2.873,,,,,,,,
9380,2.9461,,,,,,,,
9381,2.9345,,,,,,,,
9382,2.8638,,,,,,,,
9383,2.8407,,,,,,,,
9384,2.7653,,,,,,,,
9385,2.7816,,,,,,,,
9386,2.619,,,,,,,,
9387,3.4551,,,,,,,,
9388,2.9964,,,,,,,,
9389,2.8044,,,,,,,,
9390,2.6911,,,,,,,,
9391,2.7215,,,,,,,,
9392,2.8166,,,,,,,,
9393,2.6855,,,,,,,,
9394,2.7407,,,,,,,,
9395,2.5699,,,,,,,,
9396,2.6921,,,,,,,,
9397,2.6713,,,,,,,,
9398,2.74,,,,,,,,
9399,2.8205,,,,,,,,
9400,2.7051,,,,,,,,
9401,2.7283,,,,,,,,
9402,2.7365,,,,,,,,
9403,2.8817,,,,,,,,
9404,3.2438,,,,,,,,
9405,2.8379,,,,,,,,
9406,2.8444,,,,,,,,
9407,2.8563,,,,,,,,
9408,2.9828,,,,,,,,
9409,2.9542,,,,,,,,
9410,2.7975,,,,,,,,
9411,2.8036,,,,,,,,
9412,2.8553,,,,,,,,
9413,3.0252,,,,,,,,
9414,3.3751,,,,,,,,
9415,2.8079,,,,,,,,
9416,2.6476,,,,,,,,
9417,2.8563,,,,,,,,
9418,2.892,,,,,,,,
9419,2.9203,,,,,,,,
9420,2.789,,,,,,,,
9421,2.7833,,,,,,,,
9422,2.7721,,,,,,,,
9423,2.9132,,,,,,,,
9424,2.7196,,,,,,,,
9425,2.8996,,,,,,,,
9426,2.8425,,,,,,,,
9427,2.7645,,,,,,,,
9428,3.0258,,,,,,,,
9429,2.7565,,,,,,,,
9430,2.9899,,,,,,,,
9431,2.8607,,,,,,,,
9432,2.8046,,,,,,,,
9433,2.8569,,,,,,,,
9434,2.8311,,,,,,,,
9435,3.0053,,,,,,,,
9436,3.4071,,,,,,,,
9437,2.7416,,,,,,,,
9438,2.5934,,,,,,,,
9439,2.6608,,,,,,,,
9440,2.7906,,,,,,,,
9441,3.2501,,,,,,,,
9442,2.788,,,,,,,,
9443,2.9162,,,,,,,,
9444,2.6955,,,,,,,,
9445,2.6841,,,,,,,,
9446,3.526,,,,,,,,
9447,2.9229,,,,,,,,
9448,2.6779,,,,,,,,
9449,2.7181,,,,,,,,
9450,2.712,,,,,,,,
9451,3.0664,,,,,,,,
9452,3.353,,,,,,,,
9453,2.9497,,,,,,,,
9454,2.804,,,,,,,,
9455,2.8685,,,,,,,,
9456,2.7732,,,,,,,,
9457,4.0966,,,,,,,,
9458,3.144,,,,,,,,
9459,2.763,,,,,,,,
9460,2.709,,,,,,,,
9461,2.786,,,,,,,,
9462,2.8565,,,,,,,,
9463,3.0957,,,,,,,,
9464,2.7703,,,,,,,,
9465,2.778,,,,,,,,
9466,2.8619,,,,,,,,
9467,2.9774,,,,,,,,
9468,2.9574,,,,,,,,
9469,2.8214,,,,,,,,
9470,2.9398,,,,,,,,
9471,2.7745,,,,,,,,
9472,3.1013,,,,,,,,
9473,3.0898,,,,,,,,
9474,2.7131,,,,,,,,
9475,2.7667,,,,,,,,
9476,2.7557,,,,,,,,
9477,2.8182,,,,,,,,
9478,3.205,,,,,,,,
9479,2.845,,,,,,,,
9480,3.1039,,,,,,,,
9481,2.6866,,,,,,,,
9482,2.8955,,,,,,,,
9483,3.4753,,,,,,,,
9484,3.0331,,,,,,,,
9485,2.8601,,,,,,,,
9486,2.8877,,,,,,,,
9487,3.0504,,,,,,,,
9488,2.7844,,,,,,,,
9489,3.7384,,,,,,,,
9490,2.9247,,,,,,,,
9491,2.7388,,,,,,,,
9492,2.769,,,,,,,,
9493,2.6872,,,,,,,,
9494,2.8392,,,,,,,,
9495,2.7065,,,,,,,,
9496,2.761,,,,,,,,
9497,2.7607,,,,,,,,
9498,2.764,,,,,,,,
9499,2.7573,,,,,,,,
9500,2.76,,,,,,,,
9501,2.6856,,,,,,,,
9502,2.6997,,,,,,,,
9503,2.8055,,,,,,,,
9504,2.599,,,,,,,,
9505,3.0049,,,,,,,,
9506,2.822,,,,,,,,
9507,2.6833,,,,,,,,
9508,2.6805,,,,,,,,
9509,2.7268,,,,,,,,
9510,2.7417,,,,,,,,
9511,2.8854,,,,,,,,
9512,2.6993,,,,,,,,
9513,2.762,,,,,,,,
9514,2.793,,,,,,,,
9515,2.7836,,,,,,,,
9516,2.981,,,,,,,,
9517,3.3549,,,,,,,,
9518,2.6852,,,,,,,,
9519,2.7115,,,,,,,,
9520,2.6924,,,,,,,,
9521,2.747,,,,,,,,
9522,2.6976,,,,,,,,
9523,2.7056,,,,,,,,
9524,2.7169,,,,,,,,
9525,2.7193,,,,,,,,
9526,2.7016,,,,,,,,
9527,3.4196,,,,,,,,
9528,3.2309,,,,,,,,
9529,2.8729,,,,,,,,
9530,2.7876,,,,,,,,
9531,2.9218,,,,,,,,
9532,2.8778,,,,,,,,
9533,3.2451,,,,,,,,
9534,2.8193,,,,,,,,
9535,2.9017,,,,,,,,
9536,2.903,,,,,,,,
9537,2.7992,,,,,,,,
9538,3.4005,,,,,,,,
9539,2.7928,,,,,,,,
9540,2.6538,,,,,,,,
9541,2.8112,,,,,,,,
9542,2.7321,,,,,,,,
9543,3.1769,,,,,,,,
9544,2.6496,,,,,,,,
9545,2.7103,,,,,,,,
9546,2.7208,,,,,,,,
9547,2.7303,,,,,,,,
9548,2.7908,,,,,,,,
9549,2.8194,,,,,,,,
9550,2.6816,,,,,,,,
9551,3.2403,,,,,,,,
9552,2.9258,,,,,,,,
9553,2.7752,,,,,,,,
9554,2.7697,,,,,,,,
9555,2.7677,,,,,,,,
9556,2.6056,,,,,,,,
9557,2.7036,,,,,,,,
9558,2.7626,,,,,,,,
9559,2.8562,,,,,,,,
9560,3.0292,,,,,,,,
9561,2.6986,,,,,,,,
9562,2.7015,,,,,,,,
9563,2.6458,,,,,,,,
9564,2.6805,,,,,,,,
9565,2.8234,,,,,,,,
9566,2.8501,,,,,,,,
9567,2.6641,,,,,,,,
9568,2.7402,,,,,,,,
9569,2.743,,,,,,,,
9570,2.7325,,,,,,,,
9571,3.4706,,,,,,,,
9572,2.9434,,,,,,,,
9573,2.7174,,,,,,,,
9574,2.9159,,,,,,,,
9575,2.8118,,,,,,,,
9576,2.7698,,,,,,,,
9577,2.7031,,,,,,,,
9578,2.6767,,,,,,,,
9579,2.7412,,,,,,,,
9580,2.745,,,,,,,,
9581,2.6187,,,,,,,,
9582,2.8935,,,,,,,,
9583,3.2709,,,,,,,,
9584,3.2036,,,,,,,,
9585,3.0438,,,,,,,,
9586,2.7883,,,,,,,,
9587,3.2268,,,,,,,,
9588,2.8459,,,,,,,,
9589,2.8044,,,,,,,,
9590,2.746,,,,,,,,
9591,2.7048,,,,,,,,
9592,2.7682,,,,,,,,
9593,2.6575,,,,,,,,
9594,2.8606,,,,,,,,
9595,2.6993,,,,,,,,
9596,2.7091,,,,,,,,
9597,2.7219,,,,,,,,
9598,2.8798,,,,,,,,
9599,2.9077,,,,,,,,
9600,3.0622,,,,,,,,
9601,2.6079,,,,,,,,
9602,2.612,,,,,,,,
9603,2.6683,,,,,,,,
9604,3.5338,,,,,,,,
9605,3.0698,,,,,,,,
9606,2.8121,,,,,,,,
9607,2.7448,,,,,,,,
9608,2.7423,,,,,,,,
9609,3.1349,,,,,,,,
9610,2.8053,,,,,,,,
9611,2.7681,,,,,,,,
9612,2.9276,,,,,,,,
9613,2.7533,,,,,,,,
9614,3.2086,,,,,,,,
9615,2.8261,,,,,,,,
9616,2.8749,,,,,,,,
9617,2.8014,,,,,,,,
9618,2.7064,,,,,,,,
9619,3.3198,,,,,,,,
9620,3.3295,,,,,,,,
9621,2.837,,,,,,,,
9622,2.8737,,,,,,,,
9623,2.7344,,,,,,,,
9624,2.8888,,,,,,,,
9625,2.9407,,,,,,,,
9626,2.8611,,,,,,,,
9627,2.7887,,,,,,,,
9628,2.7694,,,,,,,,
9629,3.0026,,,,,,,,
9630,2.9473,,,,,,,,
9631,2.8686,,,,,,,,
9632,2.9397,,,,,,,,
9633,2.8563,,,,,,,,
9634,2.9036,,,,,,,,
9635,2.9506,,,,,,,,
9636,2.9284,,,,,,,,
9637,3.5612,,,,,,,,
9638,2.8232,,,,,,,,
9639,2.6811,,,,,,,,
9640,2.876,,,,,,,,
9641,2.8656,,,,,,,,
9642,2.7243,,,,,,,,
9643,2.8173,,,,,,,,
9644,3.0526,,,,,,,,
9645,2.8081,,,,,,,,
9646,2.8078,,,,,,,,
9647,2.8962,,,,,,,,
9648,2.7163,,,,,,,,
9649,3.0285,,,,,,,,
9650,2.8067,,,,,,,,
9651,3.1871,,,,,,,,
9652,3.1835,,,,,,,,
9653,2.7482,,,,,,,,
9654,2.7145,,,,,,,,
9655,2.8285,,,,,,,,
9656,3.0575,,,,,,,,
9657,2.8003,,,,,,,,
9658,2.718,,,,,,,,
9659,2.7335,,,,,,,,
9660,2.804,,,,,,,,
9661,2.5624,,,,,,,,
9662,3.4721,,,,,,,,
9663,2.8138,,,,,,,,
9664,2.7443,,,,,,,,
9665,2.7174,,,,,,,,
9666,2.5883,,,,,,,,
9667,3.0667,,,,,,,,
9668,3.0599,,,,,,,,
9669,2.92,,,,,,,,
9670,2.6899,,,,,,,,
9671,2.8156,,,,,,,,
9672,2.9619,,,,,,,,
9673,2.8277,,,,,,,,
9674,3.0647,,,,,,,,
9675,2.8257,,,,,,,,
9676,2.8223,,,,,,,,
9677,2.7469,,,,,,,,
9678,3.7075,,,,,,,,
9679,2.6699,,,,,,,,
9680,2.7471,,,,,,,,
9681,2.7454,,,,,,,,
9682,2.7378,,,,,,,,
9683,2.7767,,,,,,,,
9684,3.224,,,,,,,,
9685,2.9777,,,,,,,,
9686,2.9036,,,,,,,,
9687,2.7972,,,,,,,,
9688,2.7764,,,,,,,,
9689,2.9304,,,,,,,,
9690,2.8638,,,,,,,,
9691,2.7114,,,,,,,,
9692,2.6731,,,,,,,,
9693,2.78,,,,,,,,
9694,3.0426,,,,,,,,
9695,3.066,,,,,,,,
9696,3.388,,,,,,,,
9697,2.6932,,,,,,,,
9698,2.8102,,,,,,,,
9699,2.7732,,,,,,,,
9700,3.5808,,,,,,,,
9701,3.1252,,,,,,,,
9702,2.6739,,,,,,,,
9703,2.7103,,,,,,,,
9704,2.7628,,,,,,,,
9705,3.4461,,,,,,,,
9706,2.8111,,,,,,,,
9707,2.7373,,,,,,,,
9708,2.9081,,,,,,,,
9709,2.9674,,,,,,,,
9710,2.9235,,,,,,,,
9711,2.833,,,,,,,,
9712,2.835,,,,,,,,
9713,2.8283,,,,,,,,
9714,2.8928,,,,,,,,
9715,3.0074,,,,,,,,
9716,3.0034,,,,,,,,
9717,2.8314,,,,,,,,
9718,2.8349,,,,,,,,
9719,2.8062,,,,,,,,
9720,2.8298,,,,,,,,
9721,3.0695,,,,,,,,
9722,2.805,,,,,,,,
9723,2.7542,,,,,,,,
9724,2.9072,,,,,,,,
9725,2.747,,,,,,,,
9726,3.7243,,,,,,,,
9727,3.0378,,,,,,,,
9728,2.6978,,,,,,,,
9729,2.8149,,,,,,,,
9730,2.656,,,,,,,,
9731,2.8976,,,,,,,,
9732,2.6896,,,,,,,,
9733,2.7765,,,,,,,,
9734,2.7123,,,,,,,,
9735,2.8119,,,,,,,,
9736,2.8293,,,,,,,,
9737,3.2687,,,,,,,,
9738,2.8094,,,,,,,,
9739,2.9931,,,,,,,,
9740,2.7831,,,,,,,,
9741,2.8693,,,,,,,,
9742,3.5736,,,,,,,,
9743,2.7046,,,,,,,,
9744,2.7848,,,,,,,,
9745,2.7934,,,,,,,,
9746,2.6796,,,,,,,,
9747,2.862,,,,,,,,
9748,2.6692,,,,,,,,
9749,2.7603,,,,,,,,
9750,2.8667,,,,,,,,
9751,2.7525,,,,,,,,
9752,2.7365,,,,,,,,
9753,3.3803,,,,,,,,
9754,2.7816,,,,,,,,
9755,2.9542,,,,,,,,
9756,2.7299,,,,,,,,
9757,2.7746,,,,,,,,
9758,3.1604,,,,,,,,
9759,3.2958,,,,,,,,
9760,2.7887,,,,,,,,
9761,2.8076,,,,,,,,
9762,2.758,,,,,,,,
9763,3.062,,,,,,,,
9764,3.2965,,,,,,,,
9765,2.714,,,,,,,,
9766,2.831,,,,,,,,
9767,2.7159,,,,,,,,
9768,2.766,,,,,,,,
9769,2.9508,,,,,,,,
9770,2.8627,,,,,,,,
9771,2.8388,,,,,,,,
9772,2.8022,,,,,,,,
9773,2.8309,,,,,,,,
9774,3.0257,,,,,,,,
9775,2.8163,,,,,,,,
9776,2.7921,,,,,,,,
9777,2.7548,,,,,,,,
9778,2.8199,,,,,,,,
9779,2.8289,,,,,,,,
9780,2.876,,,,,,,,
9781,2.7916,,,,,,,,
9782,2.7633,,,,,,,,
9783,2.8045,,,,,,,,
9784,2.7962,,,,,,,,
9785,3.012,,,,,,,,
9786,2.8239,,,,,,,,
9787,2.843,,,,,,,,
9788,2.9376,,,,,,,,
9789,2.8289,,,,,,,,
9790,3.1281,,,,,,,,
9791,3.1579,,,,,,,,
9792,3.2009,,,,,,,,
9793,2.891,,,,,,,,
9794,2.6511,,,,,,,,
9795,2.8396,,,,,,,,
9796,2.8024,,,,,,,,
9797,2.8775,,,,,,,,
9798,2.7847,,,,,,,,
9799,2.6592,,,,,,,,
9800,2.7979,,,,,,,,
9801,2.8267,,,,,,,,
9802,2.7512,,,,,,,,
9803,2.6637,,,,,,,,
9804,2.7777,,,,,,,,
9805,2.809,,,,,,,,
9806,2.9874,,,,,,,,
9807,3.0788,,,,,,,,
9808,2.6658,,,,,,,,
9809,2.7089,,,,,,,,
9810,2.8873,,,,,,,,
9811,2.7726,,,,,,,,
9812,3.4522,,,,,,,,
9813,2.7125,,,,,,,,
9814,2.7218,,,,,,,,
9815,2.6885,,,,,,,,
9816,2.7924,,,,,,,,
9817,2.8697,,,,,,,,
9818,2.7828,,,,,,,,
9819,2.7597,,,,,,,,
9820,2.8431,,,,,,,,
9821,2.8781,,,,,,,,
9822,2.7851,,,,,,,,
9823,3.2399,,,,,,,,
9824,2.7476,,,,,,,,
9825,2.7943,,,,,,,,
9826,2.7776,,,,,,,,
9827,2.7508,,,,,,,,
9828,3.2389,,,,,,,,
9829,3.0639,,,,,,,,
9830,2.8512,,,,,,,,
9831,2.7516,,,,,,,,
9832,2.7092,,,,,,,,
9833,3.0053,,,,,,,,
9834,3.7108,,,,,,,,
9835,2.7699,,,,,,,,
9836,2.7992,,,,,,,,
9837,2.928,,,,,,,,
9838,2.805,,,,,,,,
9839,3.6252,,,,,,,,
9840,3.3545,,,,,,,,
9841,2.7518,,,,,,,,
9842,2.7784,,,,,,,,
9843,2.747,,,,,,,,
9844,3.427,,,,,,,,
9845,2.9365,,,,,,,,
9846,2.9784,,,,,,,,
9847,2.9389,,,,,,,,
9848,3.0001,,,,,,,,
9849,2.8869,,,,,,,,
9850,2.7223,,,,,,,,
9851,2.8359,,,,,,,,
9852,2.796,,,,,,,,
9853,3.0063,,,,,,,,
9854,2.9703,,,,,,,,
9855,2.8767,,,,,,,,
9856,2.8361,,,,,,,,
9857,2.8536,,,,,,,,
9858,2.8966,,,,,,,,
9859,3.1597,,,,,,,,
9860,2.8017,,,,,,,,
9861,2.924,,,,,,,,
9862,2.7188,,,,,,,,
9863,3.0393,,,,,,,,
9864,3.0325,,,,,,,,
9865,2.9703,,,,,,,,
9866,2.8559,,,,,,,,
9867,2.6923,,,,,,,,
9868,3.0883,,,,,,,,
9869,2.9471,,,,,,,,
9870,3.032,,,,,,,,
9871,2.929,,,,,,,,
9872,2.7742,,,,,,,,
9873,3.0466,,,,,,,,
9874,2.8844,,,,,,,,
9875,3.094,,,,,,,,
9876,2.9454,,,,,,,,
9877,2.9269,,,,,,,,
9878,3.0305,,,,,,,,
9879,2.8644,,,,,,,,
9880,3.0501,,,,,,,,
9881,2.9394,,,,,,,,
9882,2.8902,,,,,,,,
9883,2.893,,,,,,,,
9884,2.7987,,,,,,,,
9885,3.279,,,,,,,,
9886,3.2213,,,,,,,,
9887,2.9105,,,,,,,,
9888,3.092,,,,,,,,
9889,2.8182,,,,,,,,
9890,3.2284,,,,,,,,
9891,3.2515,,,,,,,,
9892,2.6989,,,,,,,,
9893,2.6618,,,,,,,,
9894,2.6594,,,,,,,,
9895,2.6392,,,,,,,,
9896,3.1137,,,,,,,,
9897,2.7311,,,,,,,,
9898,2.9144,,,,,,,,
9899,2.6765,,,,,,,,
9900,2.8403,,,,,,,,
9901,3.2855,,,,,,,,
9902,2.7546,,,,,,,,
9903,3.0722,,,,,,,,
9904,2.8314,,,,,,,,
9905,2.9092,,,,,,,,
9906,3.1881,,,,,,,,
9907,2.7638,,,,,,,,
9908,3.0298,,,,,,,,
9909,2.7627,,,,,,,,
9910,2.8085,,,,,,,,
9911,2.7694,,,,,,,,
9912,3.4817,,,,,,,,
9913,2.8463,,,,,,,,
9914,2.6826,,,,,,,,
9915,2.79,,,,,,,,
9916,2.81,,,,,,,,
9917,3.3233,,,,,,,,
9918,2.817,,,,,,,,
9919,2.814,,,,,,,,
9920,2.7483,,,,,,,,
9921,2.764,,,,,,,,
9922,2.7589,,,,,,,,
9923,2.8133,,,,,,,,
9924,2.6541,,,,,,,,
9925,2.7735,,,,,,,,
9926,2.7597,,,,,,,,
9927,2.7406,,,,,,,,
9928,2.8371,,,,,,,,
9929,2.7969,,,,,,,,
9930,2.7123,,,,,,,,
9931,2.7238,,,,,,,,
9932,2.835,,,,,,,,
9933,2.9489,,,,,,,,
9934,3.3132,,,,,,,,
9935,2.8372,,,,,,,,
9936,2.7507,,,,,,,,
9937,2.8694,,,,,,,,
9938,2.8764,,,,,,,,
9939,3.121,,,,,,,,
9940,2.9197,,,,,,,,
9941,3.2371,,,,,,,,
9942,2.6759,,,,,,,,
9943,2.915,,,,,,,,
9944,2.999,,,,,,,,
9945,2.7409,,,,,,,,
9946,2.7016,,,,,,,,
9947,2.7217,,,,,,,,
9948,3.0596,,,,,,,,
9949,2.7107,,,,,,,,
9950,2.8654,,,,,,,,
9951,2.894,,,,,,,,
9952,2.674,,,,,,,,
9953,2.8994,,,,,,,,
9954,2.7984,,,,,,,,
9955,2.9341,,,,,,,,
9956,2.7792,,,,,,,,
9957,2.72,,,,,,,,
9958,2.9264,,,,,,,,
9959,2.7283,,,,,,,,
9960,3.3612,,,,,,,,
9961,2.8153,,,,,,,,
9962,2.6638,,,,,,,,
9963,2.6503,,,,,,,,
9964,2.6267,,,,,,,,
9965,2.676,,,,,,,,
9966,2.8428,,,,,,,,
9967,2.6286,,,,,,,,
9968,2.6593,,,,,,,,
9969,2.5913,,,,,,,,
9970,2.7383,,,,,,,,
9971,2.6207,,,,,,,,
9972,3.3417,,,,,,,,
9973,2.7176,,,,,,,,
9974,2.8985,,,,,,,,
9975,2.8559,,,,,,,,
9976,2.8692,,,,,,,,
9977,2.9089,,,,,,,,
9978,3.2375,,,,,,,,
9979,2.9689,,,,,,,,
9980,2.6801,,,,,,,,
9981,2.637,,,,,,,,
9982,2.6809,,,,,,,,
9983,3.0768,,,,,,,,
9984,2.8066,,,,,,,,
9985,2.7054,,,,,,,,
9986,2.6699,,,,,,,,
9987,2.7761,,,,,,,,
9988,2.6427,,,,,,,,
9989,3.2423,,,,,,,,
9990,3.1567,,,,,,,,
9991,2.6938,,,,,,,,
9992,2.6414,,,,,,,,
9993,2.6702,,,,,,,,
9994,3.4109,,,,,,,,
9995,2.9024,,,,,,,,
9996,2.7161,,,,,,,,
9997,2.6283,,,,,,,,
9998,2.5496,,,,,,,,
9999,3.0383,,,,,,,,
10000,2.9584,,,,,,,,
summary,,2.837285,2.82445,0.7765,15.8743,0.369101,3.0,753.0,10000.0
