iteration,time_ms,avg_ms,median_ms,min_ms,max_ms,std_ms,min_idx,max_idx,n
1,1.0221,,,,,,,,
2,0.7107,,,,,,,,
3,0.6307,,,,,,,,
4,0.6719,,,,,,,,
5,0.6708,,,,,,,,
6,0.6679,,,,,,,,
7,0.6561,,,,,,,,
8,0.6528,,,,,,,,
9,0.7108,,,,,,,,
10,0.7146,,,,,,,,
11,0.7328,,,,,,,,
12,0.6934,,,,,,,,
13,0.6808,,,,,,,,
14,0.69,,,,,,,,
15,0.9135,,,,,,,,
16,0.89,,,,,,,,
17,0.8806,,,,,,,,
18,0.7051,,,,,,,,
19,0.7095,,,,,,,,
20,0.7089,,,,,,,,
21,0.6957,,,,,,,,
22,0.7144,,,,,,,,
23,0.7112,,,,,,,,
24,0.7257,,,,,,,,
25,0.7559,,,,,,,,
26,0.7573,,,,,,,,
27,0.7533,,,,,,,,
28,0.7457,,,,,,,,
29,0.7526,,,,,,,,
30,0.7579,,,,,,,,
31,0.756,,,,,,,,
32,0.7922,,,,,,,,
33,0.7826,,,,,,,,
34,0.7828,,,,,,,,
35,0.7897,,,,,,,,
36,1.0766,,,,,,,,
37,0.7945,,,,,,,,
38,0.8328,,,,,,,,
39,0.7904,,,,,,,,
40,0.799,,,,,,,,
41,0.8062,,,,,,,,
42,0.8223,,,,,,,,
43,0.8343,,,,,,,,
44,0.8231,,,,,,,,
45,0.8477,,,,,,,,
46,0.8521,,,,,,,,
47,0.8534,,,,,,,,
48,0.848,,,,,,,,
49,0.8551,,,,,,,,
50,0.9329,,,,,,,,
51,0.874,,,,,,,,
52,0.8901,,,,,,,,
53,0.9026,,,,,,,,
54,0.9529,,,,,,,,
55,0.8961,,,,,,,,
56,0.9247,,,,,,,,
57,0.9138,,,,,,,,
58,0.9076,,,,,,,,
59,0.9324,,,,,,,,
60,0.9151,,,,,,,,
61,0.9334,,,,,,,,
62,1.0002,,,,,,,,
63,1.0065,,,,,,,,
64,0.9527,,,,,,,,
65,0.966,,,,,,,,
66,0.9743,,,,,,,,
67,0.9976,,,,,,,,
68,0.9843,,,,,,,,
69,0.9837,,,,,,,,
70,1.1885,,,,,,,,
71,1.0655,,,,,,,,
72,1.0267,,,,,,,,
73,1.0136,,,,,,,,
74,1.0765,,,,,,,,
75,1.0145,,,,,,,,
76,1.0598,,,,,,,,
77,1.1398,,,,,,,,
78,1.1163,,,,,,,,
79,1.1367,,,,,,,,
80,1.0654,,,,,,,,
81,1.1288,,,,,,,,
82,1.0704,,,,,,,,
83,1.1117,,,,,,,,
84,1.7683,,,,,,,,
85,1.2982,,,,,,,,
86,1.1864,,,,,,,,
87,1.0969,,,,,,,,
88,1.1237,,,,,,,,
89,1.1269,,,,,,,,
90,1.1618,,,,,,,,
91,1.1357,,,,,,,,
92,1.1439,,,,,,,,
93,1.1458,,,,,,,,
94,1.1943,,,,,,,,
95,1.1531,,,,,,,,
96,1.3117,,,,,,,,
97,1.4985,,,,,,,,
98,1.3794,,,,,,,,
99,1.1661,,,,,,,,
100,1.1846,,,,,,,,
101,1.1676,,,,,,,,
102,1.2081,,,,,,,,
103,1.1871,,,,,,,,
104,1.2188,,,,,,,,
105,1.2652,,,,,,,,
106,1.2109,,,,,,,,
107,1.2497,,,,,,,,
108,1.2256,,,,,,,,
109,1.644,,,,,,,,
110,1.6487,,,,,,,,
111,1.4376,,,,,,,,
112,1.4437,,,,,,,,
113,1.2842,,,,,,,,
114,1.2703,,,,,,,,
115,1.2698,,,,,,,,
116,1.3086,,,,,,,,
117,1.3118,,,,,,,,
118,1.3111,,,,,,,,
119,1.4343,,,,,,,,
120,1.3731,,,,,,,,
121,1.3637,,,,,,,,
122,1.3991,,,,,,,,
123,1.581,,,,,,,,
124,1.3855,,,,,,,,
125,1.3591,,,,,,,,
126,1.3364,,,,,,,,
127,1.3267,,,,,,,,
128,1.3015,,,,,,,,
129,1.3007,,,,,,,,
130,1.4156,,,,,,,,
131,1.429,,,,,,,,
132,1.3968,,,,,,,,
133,1.4956,,,,,,,,
134,1.3765,,,,,,,,
135,1.3751,,,,,,,,
136,1.357,,,,,,,,
137,1.3839,,,,,,,,
138,1.442,,,,,,,,
139,1.3268,,,,,,,,
140,1.3993,,,,,,,,
141,1.4612,,,,,,,,
142,1.413,,,,,,,,
143,1.3633,,,,,,,,
144,1.6334,,,,,,,,
145,1.4184,,,,,,,,
146,1.4205,,,,,,,,
147,1.4073,,,,,,,,
148,1.475,,,,,,,,
149,1.4076,,,,,,,,
150,1.4538,,,,,,,,
151,1.4352,,,,,,,,
152,1.5003,,,,,,,,
153,1.6039,,,,,,,,
154,1.5738,,,,,,,,
155,1.5481,,,,,,,,
156,1.5095,,,,,,,,
157,1.5469,,,,,,,,
158,1.5588,,,,,,,,
159,1.5345,,,,,,,,
160,1.4972,,,,,,,,
161,1.4988,,,,,,,,
162,1.4592,,,,,,,,
163,1.813,,,,,,,,
164,1.5131,,,,,,,,
165,1.5462,,,,,,,,
166,1.5366,,,,,,,,
167,1.5435,,,,,,,,
168,1.5247,,,,,,,,
169,1.575,,,,,,,,
170,1.5807,,,,,,,,
171,1.6065,,,,,,,,
172,2.2007,,,,,,,,
173,1.8627,,,,,,,,
174,1.6209,,,,,,,,
175,1.537,,,,,,,,
176,1.649,,,,,,,,
177,1.5936,,,,,,,,
178,1.5848,,,,,,,,
179,1.5942,,,,,,,,
180,1.583,,,,,,,,
181,1.7647,,,,,,,,
182,2.0418,,,,,,,,
183,2.1293,,,,,,,,
184,1.622,,,,,,,,
185,1.6083,,,,,,,,
186,1.5843,,,,,,,,
187,1.6055,,,,,,,,
188,1.581,,,,,,,,
189,1.5825,,,,,,,,
190,1.6192,,,,,,,,
191,2.6894,,,,,,,,
192,1.7303,,,,,,,,
193,1.7034,,,,,,,,
194,2.2074,,,,,,,,
195,1.8538,,,,,,,,
196,1.8634,,,,,,,,
197,1.681,,,,,,,,
198,1.7012,,,,,,,,
199,1.8152,,,,,,,,
200,1.6796,,,,,,,,
201,1.7259,,,,,,,,
202,1.6498,,,,,,,,
203,1.6859,,,,,,,,
204,1.6644,,,,,,,,
205,1.8842,,,,,,,,
206,1.6892,,,,,,,,
207,1.7586,,,,,,,,
208,1.8475,,,,,,,,
209,2.1546,,,,,,,,
210,1.7744,,,,,,,,
211,1.6928,,,,,,,,
212,1.737,,,,,,,,
213,1.8737,,,,,,,,
214,1.7369,,,,,,,,
215,1.7249,,,,,,,,
216,1.7237,,,,,,,,
217,2.1541,,,,,,,,
218,1.8504,,,,,,,,
219,1.6805,,,,,,,,
220,1.7021,,,,,,,,
221,1.7126,,,,,,,,
222,1.7379,,,,,,,,
223,1.6723,,,,,,,,
224,1.6984,,,,,,,,
225,1.7499,,,,,,,,
226,1.765,,,,,,,,
227,1.7297,,,,,,,,
228,1.6766,,,,,,,,
229,1.6391,,,,,,,,
230,1.7406,,,,,,,,
231,1.7073,,,,,,,,
232,1.7196,,,,,,,,
233,1.7004,,,,,,,,
234,1.7322,,,,,,,,
235,2.4789,,,,,,,,
236,1.8261,,,,,,,,
237,1.8947,,,,,,,,
238,1.7901,,,,,,,,
239,1.7999,,,,,,,,
240,1.7683,,,,,,,,
241,1.879,,,,,,,,
242,2.1749,,,,,,,,
243,2.1201,,,,,,,,
244,1.8259,,,,,,,,
245,2.0408,,,,,,,,
246,1.8287,,,,,,,,
247,1.7924,,,,,,,,
248,1.7512,,,,,,,,
249,1.7604,,,,,,,,
250,1.9883,,,,,,,,
251,1.7983,,,,,,,,
252,1.7822,,,,,,,,
253,2.0469,,,,,,,,
254,1.8369,,,,,,,,
255,1.7897,,,,,,,,
256,1.8798,,,,,,,,
257,1.7435,,,,,,,,
258,1.8315,,,,,,,,
259,2.4604,,,,,,,,
260,2.0741,,,,,,,,
261,1.9254,,,,,,,,
262,1.9089,,,,,,,,
263,1.8351,,,,,,,,
264,1.8671,,,,,,,,
265,1.9426,,,,,,,,
266,1.8895,,,,,,,,
267,2.1449,,,,,,,,
268,2.5835,,,,,,,,
269,2.238,,,,,,,,
270,1.928,,,,,,,,
271,1.8801,,,,,,,,
272,1.8903,,,,,,,,
273,1.9438,,,,,,,,
274,1.8972,,,,,,,,
275,2.0274,,,,,,,,
276,1.9392,,,,,,,,
277,1.9189,,,,,,,,
278,1.9672,,,,,,,,
279,1.9834,,,,,,,,
280,1.8769,,,,,,,,
281,1.8964,,,,,,,,
282,2.1993,,,,,,,,
283,1.9987,,,,,,,,
284,1.8458,,,,,,,,
285,2.0431,,,,,,,,
286,1.8708,,,,,,,,
287,1.902,,,,,,,,
288,1.9941,,,,,,,,
289,1.8574,,,,,,,,
290,2.0571,,,,,,,,
291,1.9859,,,,,,,,
292,1.9704,,,,,,,,
293,1.9291,,,,,,,,
294,1.9409,,,,,,,,
295,2.0854,,,,,,,,
296,1.8628,,,,,,,,
297,2.1148,,,,,,,,
298,2.1621,,,,,,,,
299,1.9648,,,,,,,,
300,1.9076,,,,,,,,
301,2.0152,,,,,,,,
302,2.0102,,,,,,,,
303,1.89,,,,,,,,
304,1.9839,,,,,,,,
305,2.1152,,,,,,,,
306,2.1168,,,,,,,,
307,1.9436,,,,,,,,
308,2.0195,,,,,,,,
309,1.9511,,,,,,,,
310,1.8927,,,,,,,,
311,2.0233,,,,,,,,
312,2.1059,,,,,,,,
313,2.5183,,,,,,,,
314,1.9576,,,,,,,,
315,2.0113,,,,,,,,
316,2.0498,,,,,,,,
317,1.9591,,,,,,,,
318,2.0283,,,,,,,,
319,2.3135,,,,,,,,
320,2.1785,,,,,,,,
321,2.4,,,,,,,,
322,1.9803,,,,,,,,
323,2.1024,,,,,,,,
324,1.9386,,,,,,,,
325,2.0164,,,,,,,,
326,2.2002,,,,,,,,
327,2.2199,,,,,,,,
328,2.091,,,,,,,,
329,2.0923,,,,,,,,
330,2.1022,,,,,,,,
331,2.0409,,,,,,,,
332,2.2696,,,,,,,,
333,2.0139,,,,,,,,
334,2.1282,,,,,,,,
335,2.3463,,,,,,,,
336,1.9903,,,,,,,,
337,1.9904,,,,,,,,
338,2.1495,,,,,,,,
339,2.276,,,,,,,,
340,2.0522,,,,,,,,
341,2.0751,,,,,,,,
342,2.3093,,,,,,,,
343,2.2236,,,,,,,,
344,2.0137,,,,,,,,
345,2.0295,,,,,,,,
346,2.297,,,,,,,,
347,2.1947,,,,,,,,
348,2.0765,,,,,,,,
349,2.5069,,,,,,,,
350,2.0901,,,,,,,,
351,2.2027,,,,,,,,
352,2.3085,,,,,,,,
353,2.1874,,,,,,,,
354,2.1027,,,,,,,,
355,2.159,,,,,,,,
356,2.2718,,,,,,,,
357,2.1568,,,,,,,,
358,2.0535,,,,,,,,
359,2.3946,,,,,,,,
360,2.1552,,,,,,,,
361,2.2626,,,,,,,,
362,2.0545,,,,,,,,
363,2.7339,,,,,,,,
364,2.2321,,,,,,,,
365,2.4317,,,,,,,,
366,2.2406,,,,,,,,
367,2.3178,,,,,,,,
368,2.1594,,,,,,,,
369,2.2556,,,,,,,,
370,2.2925,,,,,,,,
371,2.4189,,,,,,,,
372,2.1413,,,,,,,,
373,2.2455,,,,,,,,
374,2.2509,,,,,,,,
375,2.3642,,,,,,,,
376,2.0388,,,,,,,,
377,2.5173,,,,,,,,
378,2.1736,,,,,,,,
379,2.3027,,,,,,,,
380,2.2137,,,,,,,,
381,2.2496,,,,,,,,
382,2.023,,,,,,,,
383,2.2377,,,,,,,,
384,3.05,,,,,,,,
385,2.7105,,,,,,,,
386,2.2876,,,,,,,,
387,2.242,,,,,,,,
388,2.0844,,,,,,,,
389,2.1252,,,,,,,,
390,2.679,,,,,,,,
391,2.4036,,,,,,,,
392,2.1122,,,,,,,,
393,2.2285,,,,,,,,
394,2.1806,,,,,,,,
395,2.2395,,,,,,,,
396,2.1147,,,,,,,,
397,2.678,,,,,,,,
398,2.658,,,,,,,,
399,2.3911,,,,,,,,
400,2.306,,,,,,,,
401,2.3107,,,,,,,,
402,2.5111,,,,,,,,
403,2.423,,,,,,,,
404,2.5603,,,,,,,,
405,2.5205,,,,,,,,
406,2.246,,,,,,,,
407,2.3937,,,,,,,,
408,2.5286,,,,,,,,
409,2.5254,,,,,,,,
410,2.307,,,,,,,,
411,2.2761,,,,,,,,
412,2.3673,,,,,,,,
413,2.3464,,,,,,,,
414,2.5264,,,,,,,,
415,2.4319,,,,,,,,
416,2.4842,,,,,,,,
417,2.2777,,,,,,,,
418,2.2621,,,,,,,,
419,2.3795,,,,,,,,
420,2.4356,,,,,,,,
421,2.3828,,,,,,,,
422,2.4025,,,,,,,,
423,2.5788,,,,,,,,
424,2.3185,,,,,,,,
425,2.34,,,,,,,,
426,2.5024,,,,,,,,
427,2.4752,,,,,,,,
428,2.3785,,,,,,,,
429,2.5159,,,,,,,,
430,2.2933,,,,,,,,
431,2.4065,,,,,,,,
432,2.4017,,,,,,,,
433,2.4365,,,,,,,,
434,2.4482,,,,,,,,
435,2.5051,,,,,,,,
436,2.2773,,,,,,,,
437,2.5112,,,,,,,,
438,2.3562,,,,,,,,
439,2.3394,,,,,,,,
440,2.309,,,,,,,,
441,2.4644,,,,,,,,
442,2.3677,,,,,,,,
443,2.4208,,,,,,,,
444,2.4303,,,,,,,,
445,2.3839,,,,,,,,
446,2.4023,,,,,,,,
447,2.411,,,,,,,,
448,2.6447,,,,,,,,
449,2.8938,,,,,,,,
450,2.3961,,,,,,,,
451,2.2712,,,,,,,,
452,2.3346,,,,,,,,
453,2.3227,,,,,,,,
454,2.4648,,,,,,,,
455,2.238,,,,,,,,
456,2.4635,,,,,,,,
457,2.2927,,,,,,,,
458,2.2306,,,,,,,,
459,2.4768,,,,,,,,
460,2.2451,,,,,,,,
461,2.7679,,,,,,,,
462,2.6158,,,,,,,,
463,2.2594,,,,,,,,
464,2.3531,,,,,,,,
465,2.3262,,,,,,,,
466,2.3759,,,,,,,,
467,2.6091,,,,,,,,
468,3.2196,,,,,,,,
469,2.396,,,,,,,,
470,2.2402,,,,,,,,
471,2.4261,,,,,,,,
472,2.2405,,,,,,,,
473,2.4156,,,,,,,,
474,2.6181,,,,,,,,
475,2.453,,,,,,,,
476,2.3217,,,,,,,,
477,2.2342,,,,,,,,
478,2.2562,,,,,,,,
479,2.5034,,,,,,,,
480,2.4933,,,,,,,,
481,2.34,,,,,,,,
482,2.3284,,,,,,,,
483,2.3305,,,,,,,,
484,2.267,,,,,,,,
485,2.2908,,,,,,,,
486,2.4999,,,,,,,,
487,2.5801,,,,,,,,
488,2.9874,,,,,,,,
489,2.2422,,,,,,,,
490,2.4546,,,,,,,,
491,2.5038,,,,,,,,
492,2.4169,,,,,,,,
493,2.575,,,,,,,,
494,2.4319,,,,,,,,
495,2.3304,,,,,,,,
496,2.4396,,,,,,,,
497,2.3937,,,,,,,,
498,2.6897,,,,,,,,
499,2.4478,,,,,,,,
500,2.3647,,,,,,,,
501,2.3646,,,,,,,,
502,2.4549,,,,,,,,
503,2.6759,,,,,,,,
504,2.5225,,,,,,,,
505,2.4029,,,,,,,,
506,2.3565,,,,,,,,
507,2.3881,,,,,,,,
508,2.4527,,,,,,,,
509,2.6905,,,,,,,,
510,2.3427,,,,,,,,
511,2.3718,,,,,,,,
512,2.6763,,,,,,,,
513,2.2579,,,,,,,,
514,2.3499,,,,,,,,
515,2.6406,,,,,,,,
516,2.5205,,,,,,,,
517,2.5143,,,,,,,,
518,2.4548,,,,,,,,
519,2.4305,,,,,,,,
520,2.4333,,,,,,,,
521,2.6431,,,,,,,,
522,2.5409,,,,,,,,
523,2.5536,,,,,,,,
524,2.5576,,,,,,,,
525,2.5074,,,,,,,,
526,2.7171,,,,,,,,
527,2.3704,,,,,,,,
528,2.4183,,,,,,,,
529,2.5504,,,,,,,,
530,2.789,,,,,,,,
531,2.6972,,,,,,,,
532,2.707,,,,,,,,
533,2.5134,,,,,,,,
534,2.4704,,,,,,,,
535,2.4269,,,,,,,,
536,2.4903,,,,,,,,
537,2.2654,,,,,,,,
538,2.8099,,,,,,,,
539,2.6296,,,,,,,,
540,2.3967,,,,,,,,
541,2.4536,,,,,,,,
542,2.7044,,,,,,,,
543,2.6072,,,,,,,,
544,2.5255,,,,,,,,
545,2.4627,,,,,,,,
546,2.4279,,,,,,,,
547,2.6683,,,,,,,,
548,2.8712,,,,,,,,
549,2.8663,,,,,,,,
550,2.7276,,,,,,,,
551,2.4665,,,,,,,,
552,2.5188,,,,,,,,
553,2.468,,,,,,,,
554,2.9793,,,,,,,,
555,2.6182,,,,,,,,
556,2.5004,,,,,,,,
557,2.4324,,,,,,,,
558,2.6289,,,,,,,,
559,2.416,,,,,,,,
560,3.2172,,,,,,,,
561,2.6195,,,,,,,,
562,2.4637,,,,,,,,
563,2.6788,,,,,,,,
564,2.5945,,,,,,,,
565,2.8864,,,,,,,,
566,2.4465,,,,,,,,
567,2.5936,,,,,,,,
568,2.694,,,,,,,,
569,2.5785,,,,,,,,
570,2.6515,,,,,,,,
571,3.0684,,,,,,,,
572,3.0165,,,,,,,,
573,2.3315,,,,,,,,
574,2.6046,,,,,,,,
575,2.5058,,,,,,,,
576,2.9579,,,,,,,,
577,3.1029,,,,,,,,
578,3.1626,,,,,,,,
579,2.6065,,,,,,,,
580,2.4433,,,,,,,,
581,2.4398,,,,,,,,
582,2.8147,,,,,,,,
583,2.8694,,,,,,,,
584,2.4643,,,,,,,,
585,2.6886,,,,,,,,
586,2.7871,,,,,,,,
587,2.738,,,,,,,,
588,2.686,,,,,,,,
589,2.5564,,,,,,,,
590,2.5125,,,,,,,,
591,2.6083,,,,,,,,
592,2.7876,,,,,,,,
593,2.6878,,,,,,,,
594,2.681,,,,,,,,
595,2.7105,,,,,,,,
596,2.5292,,,,,,,,
597,2.7563,,,,,,,,
598,2.6533,,,,,,,,
599,2.5768,,,,,,,,
600,3.2234,,,,,,,,
601,2.8344,,,,,,,,
602,2.6779,,,,,,,,
603,2.6751,,,,,,,,
604,2.5421,,,,,,,,
605,2.8141,,,,,,,,
606,2.7721,,,,,,,,
607,2.589,,,,,,,,
608,2.403,,,,,,,,
609,2.5746,,,,,,,,
610,2.4913,,,,,,,,
611,3.0852,,,,,,,,
612,2.7352,,,,,,,,
613,2.9723,,,,,,,,
614,2.8598,,,,,,,,
615,2.4414,,,,,,,,
616,2.6826,,,,,,,,
617,2.6931,,,,,,,,
618,3.0895,,,,,,,,
619,3.0654,,,,,,,,
620,2.6763,,,,,,,,
621,2.4367,,,,,,,,
622,2.7779,,,,,,,,
623,2.7089,,,,,,,,
624,2.9045,,,,,,,,
625,2.5969,,,,,,,,
626,2.5352,,,,,,,,
627,2.4788,,,,,,,,
628,2.6737,,,,,,,,
629,2.9282,,,,,,,,
630,2.557,,,,,,,,
631,2.6246,,,,,,,,
632,2.8049,,,,,,,,
633,2.4626,,,,,,,,
634,3.2881,,,,,,,,
635,2.8585,,,,,,,,
636,2.3356,,,,,,,,
637,2.5683,,,,,,,,
638,2.5234,,,,,,,,
639,2.7172,,,,,,,,
640,2.989,,,,,,,,
641,2.5078,,,,,,,,
642,2.6259,,,,,,,,
643,2.6834,,,,,,,,
644,2.5733,,,,,,,,
645,2.8038,,,,,,,,
646,2.6316,,,,,,,,
647,2.4417,,,,,,,,
648,2.459,,,,,,,,
649,2.4745,,,,,,,,
650,2.4947,,,,,,,,
651,2.8508,,,,,,,,
652,2.7416,,,,,,,,
653,2.6606,,,,,,,,
654,2.5373,,,,,,,,
655,2.5218,,,,,,,,
656,2.8404,,,,,,,,
657,2.6273,,,,,,,,
658,2.6496,,,,,,,,
659,2.8753,,,,,,,,
660,2.6069,,,,,,,,
661,2.6489,,,,,,,,
662,2.7469,,,,,,,,
663,2.6106,,,,,,,,
664,2.6881,,,,,,,,
665,2.5851,,,,,,,,
666,2.6333,,,,,,,,
667,2.6765,,,,,,,,
668,2.6442,,,,,,,,
669,2.6567,,,,,,,,
670,2.5303,,,,,,,,
671,2.5763,,,,,,,,
672,2.7093,,,,,,,,
673,2.6826,,,,,,,,
674,2.6031,,,,,,,,
675,2.7141,,,,,,,,
676,2.6142,,,,,,,,
677,2.6194,,,,,,,,
678,2.6069,,,,,,,,
679,2.6978,,,,,,,,
680,2.649,,,,,,,,
681,3.2165,,,,,,,,
682,2.7339,,,,,,,,
683,2.4946,,,,,,,,
684,2.7387,,,,,,,,
685,2.5855,,,,,,,,
686,2.4699,,,,,,,,
687,2.8327,,,,,,,,
688,2.899,,,,,,,,
689,2.7962,,,,,,,,
690,2.659,,,,,,,,
691,2.4476,,,,,,,,
692,2.73,,,,,,,,
693,3.0065,,,,,,,,
694,3.3064,,,,,,,,
695,2.6088,,,,,,,,
696,2.7245,,,,,,,,
697,2.5174,,,,,,,,
698,3.1754,,,,,,,,
699,2.7297,,,,,,,,
700,2.7861,,,,,,,,
701,2.4102,,,,,,,,
702,2.6031,,,,,,,,
703,2.5577,,,,,,,,
704,3.1516,,,,,,,,
705,2.6514,,,,,,,,
706,2.6523,,,,,,,,
707,2.7903,,,,,,,,
708,2.6081,,,,,,,,
709,2.762,,,,,,,,
710,2.6724,,,,,,,,
711,2.5051,,,,,,,,
712,3.822,,,,,,,,
713,2.6182,,,,,,,,
714,2.5886,,,,,,,,
715,3.602,,,,,,,,
716,2.5318,,,,,,,,
717,2.5994,,,,,,,,
718,2.7952,,,,,,,,
719,2.6401,,,,,,,,
720,3.4762,,,,,,,,
721,2.6696,,,,,,,,
722,2.403,,,,,,,,
723,2.5525,,,,,,,,
724,2.5196,,,,,,,,
725,2.6614,,,,,,,,
726,2.816,,,,,,,,
727,2.5058,,,,,,,,
728,751.2298,,,,,,,,
729,0.6732,,,,,,,,
730,0.6348,,,,,,,,
731,0.6594,,,,,,,,
732,0.637,,,,,,,,
733,0.6439,,,,,,,,
734,0.6358,,,,,,,,
735,0.6459,,,,,,,,
736,0.8023,,,,,,,,
737,0.6813,,,,,,,,
738,0.7987,,,,,,,,
739,0.6959,,,,,,,,
740,0.6976,,,,,,,,
741,0.7008,,,,,,,,
742,0.7015,,,,,,,,
743,0.7199,,,,,,,,
744,0.7088,,,,,,,,
745,0.7245,,,,,,,,
746,0.7718,,,,,,,,
747,0.743,,,,,,,,
748,0.8119,,,,,,,,
749,0.7473,,,,,,,,
750,0.8046,,,,,,,,
751,0.7932,,,,,,,,
752,0.796,,,,,,,,
753,0.7975,,,,,,,,
754,0.7832,,,,,,,,
755,0.7733,,,,,,,,
756,0.9254,,,,,,,,
757,0.8231,,,,,,,,
758,0.9101,,,,,,,,
759,0.888,,,,,,,,
760,0.8544,,,,,,,,
761,0.831,,,,,,,,
762,0.8397,,,,,,,,
763,0.8674,,,,,,,,
764,0.8428,,,,,,,,
765,0.8529,,,,,,,,
766,0.8974,,,,,,,,
767,0.9196,,,,,,,,
768,0.8667,,,,,,,,
769,0.8834,,,,,,,,
770,0.9592,,,,,,,,
771,0.8928,,,,,,,,
772,0.902,,,,,,,,
773,0.9663,,,,,,,,
774,0.9596,,,,,,,,
775,0.9453,,,,,,,,
776,0.9645,,,,,,,,
777,0.9644,,,,,,,,
778,0.9667,,,,,,,,
779,0.9554,,,,,,,,
780,1.0077,,,,,,,,
781,1.0106,,,,,,,,
782,1.0165,,,,,,,,
783,1.007,,,,,,,,
784,1.0232,,,,,,,,
785,1.0469,,,,,,,,
786,1.0343,,,,,,,,
787,1.0289,,,,,,,,
788,1.1377,,,,,,,,
789,1.0991,,,,,,,,
790,1.0584,,,,,,,,
791,1.0721,,,,,,,,
792,1.0839,,,,,,,,
793,1.0997,,,,,,,,
794,1.1171,,,,,,,,
795,1.1096,,,,,,,,
796,1.1092,,,,,,,,
797,1.1314,,,,,,,,
798,1.1693,,,,,,,,
799,1.1558,,,,,,,,
800,1.1454,,,,,,,,
801,1.1615,,,,,,,,
802,1.1711,,,,,,,,
803,1.5087,,,,,,,,
804,1.3474,,,,,,,,
805,1.3989,,,,,,,,
806,1.252,,,,,,,,
807,1.2836,,,,,,,,
808,1.2433,,,,,,,,
809,1.2453,,,,,,,,
810,1.248,,,,,,,,
811,1.2633,,,,,,,,
812,1.255,,,,,,,,
813,1.2679,,,,,,,,
814,1.2647,,,,,,,,
815,1.6285,,,,,,,,
816,1.5507,,,,,,,,
817,1.3843,,,,,,,,
818,1.3098,,,,,,,,
819,1.3308,,,,,,,,
820,1.3368,,,,,,,,
821,1.3341,,,,,,,,
822,1.4114,,,,,,,,
823,1.3845,,,,,,,,
824,1.387,,,,,,,,
825,1.3816,,,,,,,,
826,1.6937,,,,,,,,
827,1.8803,,,,,,,,
828,1.5417,,,,,,,,
829,1.288,,,,,,,,
830,1.242,,,,,,,,
831,1.2632,,,,,,,,
832,1.3203,,,,,,,,
833,1.2483,,,,,,,,
834,1.2821,,,,,,,,
835,1.2759,,,,,,,,
836,1.2708,,,,,,,,
837,1.3619,,,,,,,,
838,1.3712,,,,,,,,
839,1.3418,,,,,,,,
840,1.3042,,,,,,,,
841,1.2811,,,,,,,,
842,1.3208,,,,,,,,
843,1.3429,,,,,,,,
844,1.3265,,,,,,,,
845,1.3166,,,,,,,,
846,1.3151,,,,,,,,
847,1.3424,,,,,,,,
848,1.3499,,,,,,,,
849,1.3638,,,,,,,,
850,1.5425,,,,,,,,
851,1.3917,,,,,,,,
852,1.3755,,,,,,,,
853,1.4464,,,,,,,,
854,1.4225,,,,,,,,
855,1.3815,,,,,,,,
856,1.3982,,,,,,,,
857,1.3966,,,,,,,,
858,1.457,,,,,,,,
859,1.42,,,,,,,,
860,1.4649,,,,,,,,
861,1.5251,,,,,,,,
862,1.5175,,,,,,,,
863,1.4854,,,,,,,,
864,1.4816,,,,,,,,
865,1.4843,,,,,,,,
866,1.4738,,,,,,,,
867,1.4808,,,,,,,,
868,1.5149,,,,,,,,
869,1.5021,,,,,,,,
870,1.5451,,,,,,,,
871,1.5007,,,,,,,,
872,1.7893,,,,,,,,
873,1.5482,,,,,,,,
874,1.5991,,,,,,,,
875,1.5408,,,,,,,,
876,1.6545,,,,,,,,
877,1.5759,,,,,,,,
878,1.6762,,,,,,,,
879,1.5952,,,,,,,,
880,1.5985,,,,,,,,
881,2.053,,,,,,,,
882,1.9504,,,,,,,,
883,1.6559,,,,,,,,
884,1.6112,,,,,,,,
885,1.6009,,,,,,,,
886,1.6417,,,,,,,,
887,1.7038,,,,,,,,
888,1.6615,,,,,,,,
889,1.6566,,,,,,,,
890,1.8357,,,,,,,,
891,1.6389,,,,,,,,
892,1.6469,,,,,,,,
893,1.6206,,,,,,,,
894,1.6119,,,,,,,,
895,1.6093,,,,,,,,
896,1.6579,,,,,,,,
897,1.6024,,,,,,,,
898,1.6681,,,,,,,,
899,1.6866,,,,,,,,
900,2.0217,,,,,,,,
901,1.6739,,,,,,,,
902,1.6572,,,,,,,,
903,1.7004,,,,,,,,
904,1.6835,,,,,,,,
905,1.7486,,,,,,,,
906,1.6781,,,,,,,,
907,1.7232,,,,,,,,
908,1.8647,,,,,,,,
909,1.7067,,,,,,,,
910,1.8329,,,,,,,,
911,1.7563,,,,,,,,
912,1.7393,,,,,,,,
913,1.7477,,,,,,,,
914,1.7036,,,,,,,,
915,1.7184,,,,,,,,
916,1.6717,,,,,,,,
917,1.8944,,,,,,,,
918,1.7399,,,,,,,,
919,1.7655,,,,,,,,
920,1.7139,,,,,,,,
921,1.753,,,,,,,,
922,1.7815,,,,,,,,
923,1.7276,,,,,,,,
924,1.7767,,,,,,,,
925,1.7636,,,,,,,,
926,2.3822,,,,,,,,
927,2.6976,,,,,,,,
928,1.9808,,,,,,,,
929,1.754,,,,,,,,
930,1.7951,,,,,,,,
931,1.7833,,,,,,,,
932,1.7396,,,,,,,,
933,2.0998,,,,,,,,
934,1.8262,,,,,,,,
935,1.7905,,,,,,,,
936,1.862,,,,,,,,
937,1.7625,,,,,,,,
938,1.8809,,,,,,,,
939,1.8275,,,,,,,,
940,1.7534,,,,,,,,
941,1.869,,,,,,,,
942,1.9055,,,,,,,,
943,1.8163,,,,,,,,
944,1.9855,,,,,,,,
945,2.3365,,,,,,,,
946,1.8284,,,,,,,,
947,1.8922,,,,,,,,
948,1.8028,,,,,,,,
949,1.817,,,,,,,,
950,2.0151,,,,,,,,
951,1.8721,,,,,,,,
952,1.8492,,,,,,,,
953,1.9165,,,,,,,,
954,1.8268,,,,,,,,
955,1.8783,,,,,,,,
956,1.8765,,,,,,,,
957,1.8046,,,,,,,,
958,2.1654,,,,,,,,
959,1.8767,,,,,,,,
960,1.8478,,,,,,,,
961,1.9933,,,,,,,,
962,1.8455,,,,,,,,
963,1.8635,,,,,,,,
964,1.9911,,,,,,,,
965,1.8523,,,,,,,,
966,2.2236,,,,,,,,
967,1.9666,,,,,,,,
968,1.866,,,,,,,,
969,1.8617,,,,,,,,
970,1.9744,,,,,,,,
971,1.849,,,,,,,,
972,1.8439,,,,,,,,
973,2.0381,,,,,,,,
974,2.0872,,,,,,,,
975,1.8457,,,,,,,,
976,1.9769,,,,,,,,
977,1.8158,,,,,,,,
978,1.8315,,,,,,,,
979,1.947,,,,,,,,
980,1.7924,,,,,,,,
981,1.8311,,,,,,,,
982,2.0986,,,,,,,,
983,1.8843,,,,,,,,
984,1.9069,,,,,,,,
985,2.0056,,,,,,,,
986,1.8893,,,,,,,,
987,1.8109,,,,,,,,
988,1.9602,,,,,,,,
989,1.9036,,,,,,,,
990,1.8898,,,,,,,,
991,1.9972,,,,,,,,
992,1.8449,,,,,,,,
993,1.8602,,,,,,,,
994,1.9945,,,,,,,,
995,1.8354,,,,,,,,
996,1.923,,,,,,,,
997,1.9786,,,,,,,,
998,1.8314,,,,,,,,
999,1.9851,,,,,,,,
1000,1.952,,,,,,,,
1001,1.8771,,,,,,,,
1002,1.8774,,,,,,,,
1003,1.9394,,,,,,,,
1004,1.9174,,,,,,,,
1005,1.9108,,,,,,,,
1006,2.0561,,,,,,,,
1007,2.548,,,,,,,,
1008,1.9614,,,,,,,,
1009,1.9712,,,,,,,,
1010,2.0033,,,,,,,,
1011,1.924,,,,,,,,
1012,1.9123,,,,,,,,
1013,2.0715,,,,,,,,
1014,2.0392,,,,,,,,
1015,2.6377,,,,,,,,
1016,2.0173,,,,,,,,
1017,2.0955,,,,,,,,
1018,1.9798,,,,,,,,
1019,1.988,,,,,,,,
1020,2.0696,,,,,,,,
1021,2.0946,,,,,,,,
1022,2.2122,,,,,,,,
1023,1.9741,,,,,,,,
1024,2.0869,,,,,,,,
1025,2.0444,,,,,,,,
1026,1.9729,,,,,,,,
1027,2.063,,,,,,,,
1028,2.1098,,,,,,,,
1029,2.1412,,,,,,,,
1030,2.6458,,,,,,,,
1031,2.1597,,,,,,,,
1032,2.025,,,,,,,,
1033,2.1205,,,,,,,,
1034,1.9895,,,,,,,,
1035,2.0374,,,,,,,,
1036,2.1422,,,,,,,,
1037,2.2816,,,,,,,,
1038,2.159,,,,,,,,
1039,1.9783,,,,,,,,
1040,2.1778,,,,,,,,
1041,2.0219,,,,,,,,
1042,2.0231,,,,,,,,
1043,2.0253,,,,,,,,
1044,2.3287,,,,,,,,
1045,2.2206,,,,,,,,
1046,2.0369,,,,,,,,
1047,2.4619,,,,,,,,
1048,2.4313,,,,,,,,
1049,2.2087,,,,,,,,
1050,2.2255,,,,,,,,
1051,2.2363,,,,,,,,
1052,2.1684,,,,,,,,
1053,2.3004,,,,,,,,
1054,2.2984,,,,,,,,
1055,2.0396,,,,,,,,
1056,2.2014,,,,,,,,
1057,2.1859,,,,,,,,
1058,2.4221,,,,,,,,
1059,2.3033,,,,,,,,
1060,2.1578,,,,,,,,
1061,2.3525,,,,,,,,
1062,2.4749,,,,,,,,
1063,2.4921,,,,,,,,
1064,2.4953,,,,,,,,
1065,2.3738,,,,,,,,
1066,2.0098,,,,,,,,
1067,2.168,,,,,,,,
1068,2.2656,,,,,,,,
1069,2.2147,,,,,,,,
1070,2.1684,,,,,,,,
1071,2.1278,,,,,,,,
1072,3.0009,,,,,,,,
1073,2.1918,,,,,,,,
1074,2.3675,,,,,,,,
1075,2.2598,,,,,,,,
1076,2.2211,,,,,,,,
1077,2.2822,,,,,,,,
1078,2.5063,,,,,,,,
1079,2.4847,,,,,,,,
1080,2.3525,,,,,,,,
1081,2.174,,,,,,,,
1082,2.2348,,,,,,,,
1083,2.3517,,,,,,,,
1084,2.3265,,,,,,,,
1085,2.7732,,,,,,,,
1086,2.6561,,,,,,,,
1087,2.102,,,,,,,,
1088,2.1521,,,,,,,,
1089,2.1716,,,,,,,,
1090,2.2911,,,,,,,,
1091,2.4137,,,,,,,,
1092,2.2864,,,,,,,,
1093,2.1432,,,,,,,,
1094,2.2709,,,,,,,,
1095,2.2679,,,,,,,,
1096,2.4014,,,,,,,,
1097,2.1289,,,,,,,,
1098,2.9566,,,,,,,,
1099,2.2722,,,,,,,,
1100,2.2377,,,,,,,,
1101,2.3199,,,,,,,,
1102,2.2808,,,,,,,,
1103,2.1359,,,,,,,,
1104,2.3707,,,,,,,,
1105,2.3897,,,,,,,,
1106,2.8175,,,,,,,,
1107,2.3351,,,,,,,,
1108,2.2487,,,,,,,,
1109,2.1197,,,,,,,,
1110,2.1967,,,,,,,,
1111,2.2015,,,,,,,,
1112,2.4047,,,,,,,,
1113,2.2918,,,,,,,,
1114,2.1324,,,,,,,,
1115,2.3264,,,,,,,,
1116,2.2149,,,,,,,,
1117,2.2402,,,,,,,,
1118,2.3645,,,,,,,,
1119,2.1967,,,,,,,,
1120,2.2225,,,,,,,,
1121,2.3452,,,,,,,,
1122,2.2982,,,,,,,,
1123,2.1635,,,,,,,,
1124,2.4169,,,,,,,,
1125,2.3269,,,,,,,,
1126,2.3558,,,,,,,,
1127,2.3032,,,,,,,,
1128,2.418,,,,,,,,
1129,2.162,,,,,,,,
1130,2.1396,,,,,,,,
1131,2.3313,,,,,,,,
1132,2.4977,,,,,,,,
1133,2.2251,,,,,,,,
1134,2.175,,,,,,,,
1135,2.3852,,,,,,,,
1136,2.235,,,,,,,,
1137,2.3385,,,,,,,,
1138,2.2506,,,,,,,,
1139,2.5656,,,,,,,,
1140,2.3129,,,,,,,,
1141,2.3023,,,,,,,,
1142,2.3451,,,,,,,,
1143,2.2294,,,,,,,,
1144,2.284,,,,,,,,
1145,2.4154,,,,,,,,
1146,2.3868,,,,,,,,
1147,2.2443,,,,,,,,
1148,2.3207,,,,,,,,
1149,2.2519,,,,,,,,
1150,2.3019,,,,,,,,
1151,2.2024,,,,,,,,
1152,2.8321,,,,,,,,
1153,2.3593,,,,,,,,
1154,2.3963,,,,,,,,
1155,2.0979,,,,,,,,
1156,2.462,,,,,,,,
1157,2.1691,,,,,,,,
1158,2.3902,,,,,,,,
1159,2.5771,,,,,,,,
1160,2.4512,,,,,,,,
1161,2.2612,,,,,,,,
1162,2.526,,,,,,,,
1163,2.4961,,,,,,,,
1164,2.4011,,,,,,,,
1165,2.4525,,,,,,,,
1166,2.4034,,,,,,,,
1167,2.2555,,,,,,,,
1168,2.456,,,,,,,,
1169,2.1309,,,,,,,,
1170,2.5312,,,,,,,,
1171,2.4504,,,,,,,,
1172,3.0534,,,,,,,,
1173,2.3256,,,,,,,,
1174,2.4913,,,,,,,,
1175,2.2464,,,,,,,,
1176,2.3227,,,,,,,,
1177,2.4146,,,,,,,,
1178,3.0809,,,,,,,,
1179,2.5643,,,,,,,,
1180,2.5111,,,,,,,,
1181,2.5579,,,,,,,,
1182,2.3862,,,,,,,,
1183,2.319,,,,,,,,
1184,2.8126,,,,,,,,
1185,3.0283,,,,,,,,
1186,2.3254,,,,,,,,
1187,2.6096,,,,,,,,
1188,2.4106,,,,,,,,
1189,2.4966,,,,,,,,
1190,3.0052,,,,,,,,
1191,2.9986,,,,,,,,
1192,2.4429,,,,,,,,
1193,2.426,,,,,,,,
1194,2.4959,,,,,,,,
1195,2.2216,,,,,,,,
1196,2.5514,,,,,,,,
1197,2.4753,,,,,,,,
1198,2.41,,,,,,,,
1199,2.496,,,,,,,,
1200,2.481,,,,,,,,
1201,2.2282,,,,,,,,
1202,2.7592,,,,,,,,
1203,2.2699,,,,,,,,
1204,2.6136,,,,,,,,
1205,2.3158,,,,,,,,
1206,2.5259,,,,,,,,
1207,2.2293,,,,,,,,
1208,2.5466,,,,,,,,
1209,2.5245,,,,,,,,
1210,2.4879,,,,,,,,
1211,2.3341,,,,,,,,
1212,2.6533,,,,,,,,
1213,2.4363,,,,,,,,
1214,2.5023,,,,,,,,
1215,2.4522,,,,,,,,
1216,2.2961,,,,,,,,
1217,2.5276,,,,,,,,
1218,2.3906,,,,,,,,
1219,2.3683,,,,,,,,
1220,2.5683,,,,,,,,
1221,2.7606,,,,,,,,
1222,2.5552,,,,,,,,
1223,2.3645,,,,,,,,
1224,2.2508,,,,,,,,
1225,2.6007,,,,,,,,
1226,2.3503,,,,,,,,
1227,2.5312,,,,,,,,
1228,2.4216,,,,,,,,
1229,2.5243,,,,,,,,
1230,2.3962,,,,,,,,
1231,2.449,,,,,,,,
1232,2.2559,,,,,,,,
1233,2.5042,,,,,,,,
1234,2.4868,,,,,,,,
1235,2.6195,,,,,,,,
1236,2.4503,,,,,,,,
1237,2.4218,,,,,,,,
1238,2.5067,,,,,,,,
1239,2.6381,,,,,,,,
1240,2.4587,,,,,,,,
1241,2.347,,,,,,,,
1242,2.5305,,,,,,,,
1243,2.529,,,,,,,,
1244,2.6576,,,,,,,,
1245,2.4071,,,,,,,,
1246,2.6074,,,,,,,,
1247,2.5668,,,,,,,,
1248,2.4795,,,,,,,,
1249,2.4554,,,,,,,,
1250,2.4967,,,,,,,,
1251,2.4921,,,,,,,,
1252,2.7044,,,,,,,,
1253,2.2554,,,,,,,,
1254,2.8129,,,,,,,,
1255,2.6466,,,,,,,,
1256,2.6798,,,,,,,,
1257,2.5809,,,,,,,,
1258,2.9015,,,,,,,,
1259,2.703,,,,,,,,
1260,2.3866,,,,,,,,
1261,2.6271,,,,,,,,
1262,2.5426,,,,,,,,
1263,2.6535,,,,,,,,
1264,3.7992,,,,,,,,
1265,3.0181,,,,,,,,
1266,2.8644,,,,,,,,
1267,2.6101,,,,,,,,
1268,2.6244,,,,,,,,
1269,2.6734,,,,,,,,
1270,2.7053,,,,,,,,
1271,2.7646,,,,,,,,
1272,2.6271,,,,,,,,
1273,2.7953,,,,,,,,
1274,2.6597,,,,,,,,
1275,3.0102,,,,,,,,
1276,2.9227,,,,,,,,
1277,2.7769,,,,,,,,
1278,2.8762,,,,,,,,
1279,2.6187,,,,,,,,
1280,3.0681,,,,,,,,
1281,2.8519,,,,,,,,
1282,2.8595,,,,,,,,
1283,2.7389,,,,,,,,
1284,2.5777,,,,,,,,
1285,2.5955,,,,,,,,
1286,2.8674,,,,,,,,
1287,2.684,,,,,,,,
1288,2.6515,,,,,,,,
1289,2.8383,,,,,,,,
1290,2.6864,,,,,,,,
1291,2.4754,,,,,,,,
1292,3.2489,,,,,,,,
1293,2.7096,,,,,,,,
1294,2.5998,,,,,,,,
1295,2.6858,,,,,,,,
1296,2.7802,,,,,,,,
1297,3.0246,,,,,,,,
1298,2.9033,,,,,,,,
1299,2.5836,,,,,,,,
1300,2.7324,,,,,,,,
1301,2.6813,,,,,,,,
1302,2.7525,,,,,,,,
1303,2.9311,,,,,,,,
1304,2.8051,,,,,,,,
1305,2.7561,,,,,,,,
1306,2.5144,,,,,,,,
1307,2.7787,,,,,,,,
1308,3.2399,,,,,,,,
1309,2.8332,,,,,,,,
1310,2.5239,,,,,,,,
1311,2.881,,,,,,,,
1312,2.4392,,,,,,,,
1313,2.749,,,,,,,,
1314,2.8646,,,,,,,,
1315,2.524,,,,,,,,
1316,2.5254,,,,,,,,
1317,2.5932,,,,,,,,
1318,2.5823,,,,,,,,
1319,2.5183,,,,,,,,
1320,2.7534,,,,,,,,
1321,2.6734,,,,,,,,
1322,2.7105,,,,,,,,
1323,2.7216,,,,,,,,
1324,2.962,,,,,,,,
1325,3.0213,,,,,,,,
1326,3.1057,,,,,,,,
1327,2.5379,,,,,,,,
1328,2.7428,,,,,,,,
1329,3.3419,,,,,,,,
1330,2.8321,,,,,,,,
1331,3.0432,,,,,,,,
1332,3.1307,,,,,,,,
1333,2.7131,,,,,,,,
1334,2.7031,,,,,,,,
1335,2.7947,,,,,,,,
1336,2.6041,,,,,,,,
1337,3.1836,,,,,,,,
1338,2.6599,,,,,,,,
1339,2.6322,,,,,,,,
1340,2.6819,,,,,,,,
1341,2.3907,,,,,,,,
1342,3.0835,,,,,,,,
1343,3.4046,,,,,,,,
1344,3.0011,,,,,,,,
1345,2.8689,,,,,,,,
1346,2.578,,,,,,,,
1347,3.0312,,,,,,,,
1348,2.7861,,,,,,,,
1349,2.8204,,,,,,,,
1350,2.6396,,,,,,,,
1351,2.3239,,,,,,,,
1352,2.7587,,,,,,,,
1353,3.0142,,,,,,,,
1354,3.4789,,,,,,,,
1355,3.0585,,,,,,,,
1356,2.6042,,,,,,,,
1357,2.6759,,,,,,,,
1358,2.6717,,,,,,,,
1359,2.741,,,,,,,,
1360,2.8087,,,,,,,,
1361,2.4983,,,,,,,,
1362,2.6884,,,,,,,,
1363,2.5126,,,,,,,,
1364,3.0323,,,,,,,,
1365,2.8833,,,,,,,,
1366,2.7855,,,,,,,,
1367,2.5892,,,,,,,,
1368,2.5785,,,,,,,,
1369,2.5142,,,,,,,,
1370,2.8939,,,,,,,,
1371,3.2208,,,,,,,,
1372,2.6305,,,,,,,,
1373,2.7105,,,,,,,,
1374,2.5925,,,,,,,,
1375,2.59,,,,,,,,
1376,2.7386,,,,,,,,
1377,2.6097,,,,,,,,
1378,2.6562,,,,,,,,
1379,2.8338,,,,,,,,
1380,2.7654,,,,,,,,
1381,2.8978,,,,,,,,
1382,3.7234,,,,,,,,
1383,2.8167,,,,,,,,
1384,2.8818,,,,,,,,
1385,2.6745,,,,,,,,
1386,2.8759,,,,,,,,
1387,2.6569,,,,,,,,
1388,2.7059,,,,,,,,
1389,2.7163,,,,,,,,
1390,2.7789,,,,,,,,
1391,2.7095,,,,,,,,
1392,2.4362,,,,,,,,
1393,2.6858,,,,,,,,
1394,2.6009,,,,,,,,
1395,2.4637,,,,,,,,
1396,2.8073,,,,,,,,
1397,2.5456,,,,,,,,
1398,3.199,,,,,,,,
1399,2.8227,,,,,,,,
1400,2.6844,,,,,,,,
1401,2.5589,,,,,,,,
1402,2.6317,,,,,,,,
1403,2.6833,,,,,,,,
1404,2.9693,,,,,,,,
1405,2.6823,,,,,,,,
1406,2.6383,,,,,,,,
1407,2.7793,,,,,,,,
1408,2.6168,,,,,,,,
1409,2.6997,,,,,,,,
1410,2.803,,,,,,,,
1411,2.6173,,,,,,,,
1412,2.8062,,,,,,,,
1413,2.4066,,,,,,,,
1414,2.88,,,,,,,,
1415,2.6987,,,,,,,,
1416,2.7068,,,,,,,,
1417,2.4811,,,,,,,,
1418,2.604,,,,,,,,
1419,2.6552,,,,,,,,
1420,2.6886,,,,,,,,
1421,2.7782,,,,,,,,
1422,3.6947,,,,,,,,
1423,2.9264,,,,,,,,
1424,2.5233,,,,,,,,
1425,2.559,,,,,,,,
1426,2.6094,,,,,,,,
1427,2.736,,,,,,,,
1428,2.9015,,,,,,,,
1429,2.3583,,,,,,,,
1430,2.5935,,,,,,,,
1431,2.6706,,,,,,,,
1432,3.1909,,,,,,,,
1433,3.2175,,,,,,,,
1434,2.3539,,,,,,,,
1435,2.4617,,,,,,,,
1436,2.5853,,,,,,,,
1437,2.5383,,,,,,,,
1438,2.6713,,,,,,,,
1439,2.7611,,,,,,,,
1440,2.7153,,,,,,,,
1441,2.582,,,,,,,,
1442,2.68,,,,,,,,
1443,2.5994,,,,,,,,
1444,2.5733,,,,,,,,
1445,2.7048,,,,,,,,
1446,2.5984,,,,,,,,
1447,2.6942,,,,,,,,
1448,2.5888,,,,,,,,
1449,2.7055,,,,,,,,
1450,2.7777,,,,,,,,
1451,2.8251,,,,,,,,
1452,2.4733,,,,,,,,
1453,2.5792,,,,,,,,
1454,2.5559,,,,,,,,
1455,2.7784,,,,,,,,
1456,2.9658,,,,,,,,
1457,2.915,,,,,,,,
1458,2.6284,,,,,,,,
1459,2.5762,,,,,,,,
1460,2.7246,,,,,,,,
1461,2.3938,,,,,,,,
1462,2.5453,,,,,,,,
1463,3.775,,,,,,,,
1464,3.0558,,,,,,,,
1465,2.6805,,,,,,,,
1466,2.4863,,,,,,,,
1467,2.802,,,,,,,,
1468,2.833,,,,,,,,
1469,2.7976,,,,,,,,
1470,2.7184,,,,,,,,
1471,2.5816,,,,,,,,
1472,2.8,,,,,,,,
1473,2.3945,,,,,,,,
1474,3.5988,,,,,,,,
1475,2.9864,,,,,,,,
1476,2.6019,,,,,,,,
1477,2.7701,,,,,,,,
1478,2.6436,,,,,,,,
1479,3.0803,,,,,,,,
1480,2.7121,,,,,,,,
1481,2.7351,,,,,,,,
1482,2.658,,,,,,,,
1483,2.5518,,,,,,,,
1484,2.7145,,,,,,,,
1485,3.2672,,,,,,,,
1486,2.9944,,,,,,,,
1487,2.7863,,,,,,,,
1488,2.6341,,,,,,,,
1489,2.8004,,,,,,,,
1490,2.8956,,,,,,,,
1491,2.9747,,,,,,,,
1492,2.5984,,,,,,,,
1493,2.8793,,,,,,,,
1494,2.7209,,,,,,,,
1495,2.9014,,,,,,,,
1496,2.996,,,,,,,,
1497,2.7291,,,,,,,,
1498,2.6569,,,,,,,,
1499,2.8633,,,,,,,,
1500,2.7415,,,,,,,,
1501,2.6785,,,,,,,,
1502,3.1412,,,,,,,,
1503,2.8398,,,,,,,,
1504,2.7145,,,,,,,,
1505,2.7078,,,,,,,,
1506,2.7128,,,,,,,,
1507,2.7384,,,,,,,,
1508,2.7702,,,,,,,,
1509,2.7309,,,,,,,,
1510,3.147,,,,,,,,
1511,2.7351,,,,,,,,
1512,2.9142,,,,,,,,
1513,2.7745,,,,,,,,
1514,2.8068,,,,,,,,
1515,2.8397,,,,,,,,
1516,2.7676,,,,,,,,
1517,2.6074,,,,,,,,
1518,2.9588,,,,,,,,
1519,2.7028,,,,,,,,
1520,2.8446,,,,,,,,
1521,2.8937,,,,,,,,
1522,2.563,,,,,,,,
1523,3.2718,,,,,,,,
1524,2.9506,,,,,,,,
1525,2.8351,,,,,,,,
1526,2.6303,,,,,,,,
1527,2.5968,,,,,,,,
1528,2.724,,,,,,,,
1529,2.8586,,,,,,,,
1530,2.6512,,,,,,,,
1531,2.7055,,,,,,,,
1532,2.7277,,,,,,,,
1533,2.6643,,,,,,,,
1534,2.5938,,,,,,,,
1535,3.3573,,,,,,,,
1536,2.9289,,,,,,,,
1537,2.8517,,,,,,,,
1538,2.8299,,,,,,,,
1539,2.6426,,,,,,,,
1540,2.6804,,,,,,,,
1541,2.7864,,,,,,,,
1542,2.7581,,,,,,,,
1543,2.8075,,,,,,,,
1544,2.6523,,,,,,,,
1545,2.733,,,,,,,,
1546,3.3672,,,,,,,,
1547,2.7124,,,,,,,,
1548,2.7069,,,,,,,,
1549,2.8535,,,,,,,,
1550,2.7533,,,,,,,,
1551,2.6808,,,,,,,,
1552,2.7404,,,,,,,,
1553,2.8083,,,,,,,,
1554,2.8124,,,,,,,,
1555,2.7727,,,,,,,,
1556,2.5691,,,,,,,,
1557,2.8977,,,,,,,,
1558,2.7262,,,,,,,,
1559,2.7043,,,,,,,,
1560,2.6389,,,,,,,,
1561,2.6939,,,,,,,,
1562,2.7614,,,,,,,,
1563,2.9289,,,,,,,,
1564,2.8005,,,,,,,,
1565,2.7855,,,,,,,,
1566,2.5226,,,,,,,,
1567,2.8825,,,,,,,,
1568,2.7573,,,,,,,,
1569,2.9722,,,,,,,,
1570,2.5229,,,,,,,,
1571,2.7511,,,,,,,,
1572,2.6941,,,,,,,,
1573,2.7334,,,,,,,,
1574,2.7083,,,,,,,,
1575,2.922,,,,,,,,
1576,2.6358,,,,,,,,
1577,2.7358,,,,,,,,
1578,2.69,,,,,,,,
1579,2.8242,,,,,,,,
1580,2.8149,,,,,,,,
1581,2.6765,,,,,,,,
1582,2.7651,,,,,,,,
1583,2.7123,,,,,,,,
1584,2.7453,,,,,,,,
1585,2.5748,,,,,,,,
1586,2.8028,,,,,,,,
1587,2.8466,,,,,,,,
1588,2.7433,,,,,,,,
1589,2.6263,,,,,,,,
1590,2.7205,,,,,,,,
1591,2.7142,,,,,,,,
1592,2.9086,,,,,,,,
1593,2.7143,,,,,,,,
1594,2.6875,,,,,,,,
1595,2.8996,,,,,,,,
1596,2.6783,,,,,,,,
1597,3.1321,,,,,,,,
1598,2.9769,,,,,,,,
1599,2.6766,,,,,,,,
1600,2.6857,,,,,,,,
1601,2.7131,,,,,,,,
1602,3.0535,,,,,,,,
1603,2.9797,,,,,,,,
1604,2.7891,,,,,,,,
1605,2.7878,,,,,,,,
1606,2.7905,,,,,,,,
1607,2.7029,,,,,,,,
1608,2.7247,,,,,,,,
1609,3.307,,,,,,,,
1610,2.6839,,,,,,,,
1611,2.5536,,,,,,,,
1612,2.8801,,,,,,,,
1613,2.6441,,,,,,,,
1614,2.9973,,,,,,,,
1615,2.6229,,,,,,,,
1616,2.7686,,,,,,,,
1617,2.7368,,,,,,,,
1618,2.7383,,,,,,,,
1619,2.6846,,,,,,,,
1620,3.2871,,,,,,,,
1621,2.7622,,,,,,,,
1622,2.7542,,,,,,,,
1623,2.7966,,,,,,,,
1624,2.7591,,,,,,,,
1625,2.8622,,,,,,,,
1626,2.7883,,,,,,,,
1627,2.8669,,,,,,,,
1628,2.6958,,,,,,,,
1629,2.8267,,,,,,,,
1630,2.4277,,,,,,,,
1631,3.5736,,,,,,,,
1632,2.8656,,,,,,,,
1633,2.7157,,,,,,,,
1634,2.6186,,,,,,,,
1635,2.5164,,,,,,,,
1636,2.788,,,,,,,,
1637,2.871,,,,,,,,
1638,3.0235,,,,,,,,
1639,2.6773,,,,,,,,
1640,2.6568,,,,,,,,
1641,2.7294,,,,,,,,
1642,3.0983,,,,,,,,
1643,3.1436,,,,,,,,
1644,2.8227,,,,,,,,
1645,2.7299,,,,,,,,
1646,2.5709,,,,,,,,
1647,2.8902,,,,,,,,
1648,3.7201,,,,,,,,
1649,2.8727,,,,,,,,
1650,2.6731,,,,,,,,
1651,2.532,,,,,,,,
1652,2.7602,,,,,,,,
1653,3.0503,,,,,,,,
1654,2.7364,,,,,,,,
1655,2.7742,,,,,,,,
1656,2.7219,,,,,,,,
1657,2.887,,,,,,,,
1658,2.9551,,,,,,,,
1659,3.1987,,,,,,,,
1660,2.6508,,,,,,,,
1661,2.6547,,,,,,,,
1662,2.542,,,,,,,,
1663,2.9036,,,,,,,,
1664,3.1486,,,,,,,,
1665,2.7713,,,,,,,,
1666,2.7309,,,,,,,,
1667,2.7522,,,,,,,,
1668,3.0131,,,,,,,,
1669,2.684,,,,,,,,
1670,2.9256,,,,,,,,
1671,2.7685,,,,,,,,
1672,2.7159,,,,,,,,
1673,2.8936,,,,,,,,
1674,2.7963,,,,,,,,
1675,2.8534,,,,,,,,
1676,2.7952,,,,,,,,
1677,2.6582,,,,,,,,
1678,2.7166,,,,,,,,
1679,2.7366,,,,,,,,
1680,2.8145,,,,,,,,
1681,3.0104,,,,,,,,
1682,2.8344,,,,,,,,
1683,2.7318,,,,,,,,
1684,2.8484,,,,,,,,
1685,2.8956,,,,,,,,
1686,2.9654,,,,,,,,
1687,2.9925,,,,,,,,
1688,2.8676,,,,,,,,
1689,3.0497,,,,,,,,
1690,2.5464,,,,,,,,
1691,2.9196,,,,,,,,
1692,3.3688,,,,,,,,
1693,3.054,,,,,,,,
1694,3.0244,,,,,,,,
1695,2.7833,,,,,,,,
1696,3.0111,,,,,,,,
1697,2.9715,,,,,,,,
1698,3.1381,,,,,,,,
1699,2.882,,,,,,,,
1700,2.7196,,,,,,,,
1701,2.9719,,,,,,,,
1702,2.7253,,,,,,,,
1703,3.8098,,,,,,,,
1704,3.1927,,,,,,,,
1705,3.0637,,,,,,,,
1706,2.883,,,,,,,,
1707,3.2978,,,,,,,,
1708,3.1844,,,,,,,,
1709,3.0059,,,,,,,,
1710,2.8747,,,,,,,,
1711,2.8874,,,,,,,,
1712,2.8564,,,,,,,,
1713,3.6898,,,,,,,,
1714,2.8146,,,,,,,,
1715,2.9126,,,,,,,,
1716,2.9796,,,,,,,,
1717,2.7624,,,,,,,,
1718,3.5649,,,,,,,,
1719,2.9407,,,,,,,,
1720,2.6744,,,,,,,,
1721,2.8648,,,,,,,,
1722,2.671,,,,,,,,
1723,3.1895,,,,,,,,
1724,2.6852,,,,,,,,
1725,2.9306,,,,,,,,
1726,2.9707,,,,,,,,
1727,2.9044,,,,,,,,
1728,2.9598,,,,,,,,
1729,2.8324,,,,,,,,
1730,2.7614,,,,,,,,
1731,2.8845,,,,,,,,
1732,2.7712,,,,,,,,
1733,3.1417,,,,,,,,
1734,3.0423,,,,,,,,
1735,2.6248,,,,,,,,
1736,2.998,,,,,,,,
1737,2.7173,,,,,,,,
1738,3.066,,,,,,,,
1739,2.9528,,,,,,,,
1740,2.8997,,,,,,,,
1741,2.7283,,,,,,,,
1742,2.7774,,,,,,,,
1743,2.8811,,,,,,,,
1744,2.7147,,,,,,,,
1745,3.0017,,,,,,,,
1746,2.7571,,,,,,,,
1747,2.8345,,,,,,,,
1748,2.8102,,,,,,,,
1749,2.7418,,,,,,,,
1750,3.0293,,,,,,,,
1751,2.8848,,,,,,,,
1752,2.9363,,,,,,,,
1753,2.8595,,,,,,,,
1754,2.7168,,,,,,,,
1755,2.9589,,,,,,,,
1756,3.0633,,,,,,,,
1757,2.793,,,,,,,,
1758,2.9149,,,,,,,,
1759,2.7875,,,,,,,,
1760,2.8253,,,,,,,,
1761,3.1583,,,,,,,,
1762,2.8562,,,,,,,,
1763,2.9044,,,,,,,,
1764,2.9245,,,,,,,,
1765,3.2961,,,,,,,,
1766,3.453,,,,,,,,
1767,2.9913,,,,,,,,
1768,2.6766,,,,,,,,
1769,2.778,,,,,,,,
1770,2.902,,,,,,,,
1771,2.9684,,,,,,,,
1772,3.5532,,,,,,,,
1773,2.6805,,,,,,,,
1774,2.7052,,,,,,,,
1775,2.8036,,,,,,,,
1776,2.8841,,,,,,,,
1777,2.9578,,,,,,,,
1778,2.8366,,,,,,,,
1779,2.8615,,,,,,,,
1780,2.7826,,,,,,,,
1781,2.8255,,,,,,,,
1782,3.0787,,,,,,,,
1783,2.8226,,,,,,,,
1784,2.8612,,,,,,,,
1785,2.8492,,,,,,,,
1786,2.8028,,,,,,,,
1787,2.7937,,,,,,,,
1788,2.8515,,,,,,,,
1789,2.8431,,,,,,,,
1790,2.9648,,,,,,,,
1791,2.8215,,,,,,,,
1792,2.8845,,,,,,,,
1793,2.6344,,,,,,,,
1794,3.6987,,,,,,,,
1795,2.8015,,,,,,,,
1796,2.7624,,,,,,,,
1797,2.8265,,,,,,,,
1798,2.7513,,,,,,,,
1799,2.9792,,,,,,,,
1800,2.7331,,,,,,,,
1801,2.7579,,,,,,,,
1802,2.8754,,,,,,,,
1803,2.7242,,,,,,,,
1804,3.29,,,,,,,,
1805,2.8528,,,,,,,,
1806,2.8765,,,,,,,,
1807,2.8166,,,,,,,,
1808,2.7398,,,,,,,,
1809,3.1831,,,,,,,,
1810,2.9283,,,,,,,,
1811,2.8139,,,,,,,,
1812,2.752,,,,,,,,
1813,2.7397,,,,,,,,
1814,2.7456,,,,,,,,
1815,3.0459,,,,,,,,
1816,3.1552,,,,,,,,
1817,2.7467,,,,,,,,
1818,2.7291,,,,,,,,
1819,2.8423,,,,,,,,
1820,2.9959,,,,,,,,
1821,2.7395,,,,,,,,
1822,2.7688,,,,,,,,
1823,2.716,,,,,,,,
1824,2.809,,,,,,,,
1825,2.8388,,,,,,,,
1826,3.1825,,,,,,,,
1827,2.8862,,,,,,,,
1828,2.8367,,,,,,,,
1829,2.7853,,,,,,,,
1830,2.8936,,,,,,,,
1831,2.9626,,,,,,,,
1832,2.8076,,,,,,,,
1833,2.8599,,,,,,,,
1834,2.7535,,,,,,,,
1835,2.7998,,,,,,,,
1836,2.7663,,,,,,,,
1837,3.1652,,,,,,,,
1838,2.8702,,,,,,,,
1839,2.7464,,,,,,,,
1840,2.7995,,,,,,,,
1841,2.761,,,,,,,,
1842,3.12,,,,,,,,
1843,2.8825,,,,,,,,
1844,2.8341,,,,,,,,
1845,2.734,,,,,,,,
1846,2.8015,,,,,,,,
1847,2.7586,,,,,,,,
1848,2.7293,,,,,,,,
1849,2.7999,,,,,,,,
1850,2.7283,,,,,,,,
1851,2.9221,,,,,,,,
1852,2.8254,,,,,,,,
1853,2.8007,,,,,,,,
1854,2.6949,,,,,,,,
1855,2.8077,,,,,,,,
1856,2.8953,,,,,,,,
1857,2.8237,,,,,,,,
1858,2.677,,,,,,,,
1859,2.8962,,,,,,,,
1860,2.8025,,,,,,,,
1861,2.782,,,,,,,,
1862,3.0169,,,,,,,,
1863,2.8763,,,,,,,,
1864,3.6093,,,,,,,,
1865,3.0254,,,,,,,,
1866,2.6238,,,,,,,,
1867,2.8383,,,,,,,,
1868,2.7205,,,,,,,,
1869,2.91,,,,,,,,
1870,3.4727,,,,,,,,
1871,2.7733,,,,,,,,
1872,2.8597,,,,,,,,
1873,2.8842,,,,,,,,
1874,2.7952,,,,,,,,
1875,2.8991,,,,,,,,
1876,2.7371,,,,,,,,
1877,2.6601,,,,,,,,
1878,2.8261,,,,,,,,
1879,2.8623,,,,,,,,
1880,3.1134,,,,,,,,
1881,3.0211,,,,,,,,
1882,2.8424,,,,,,,,
1883,2.789,,,,,,,,
1884,2.7871,,,,,,,,
1885,2.8078,,,,,,,,
1886,3.9367,,,,,,,,
1887,3.0091,,,,,,,,
1888,2.8561,,,,,,,,
1889,2.6438,,,,,,,,
1890,2.802,,,,,,,,
1891,2.8733,,,,,,,,
1892,2.7492,,,,,,,,
1893,2.7622,,,,,,,,
1894,2.7064,,,,,,,,
1895,2.789,,,,,,,,
1896,2.8528,,,,,,,,
1897,2.9317,,,,,,,,
1898,2.852,,,,,,,,
1899,2.8782,,,,,,,,
1900,2.9262,,,,,,,,
1901,2.8888,,,,,,,,
1902,3.4376,,,,,,,,
1903,3.1777,,,,,,,,
1904,2.5266,,,,,,,,
1905,3.4764,,,,,,,,
1906,2.968,,,,,,,,
1907,2.9683,,,,,,,,
1908,2.9033,,,,,,,,
1909,3.1061,,,,,,,,
1910,3.0162,,,,,,,,
1911,3.0394,,,,,,,,
1912,3.0923,,,,,,,,
1913,2.9601,,,,,,,,
1914,2.8553,,,,,,,,
1915,2.8125,,,,,,,,
1916,2.7924,,,,,,,,
1917,2.8931,,,,,,,,
1918,3.0231,,,,,,,,
1919,2.8532,,,,,,,,
1920,2.9287,,,,,,,,
1921,2.785,,,,,,,,
1922,2.8217,,,,,,,,
1923,2.8526,,,,,,,,
1924,3.0731,,,,,,,,
1925,2.7269,,,,,,,,
1926,2.7715,,,,,,,,
1927,2.791,,,,,,,,
1928,2.8543,,,,,,,,
1929,3.1326,,,,,,,,
1930,2.8138,,,,,,,,
1931,3.559,,,,,,,,
1932,2.8882,,,,,,,,
1933,2.585,,,,,,,,
1934,2.8437,,,,,,,,
1935,2.7961,,,,,,,,
1936,2.7471,,,,,,,,
1937,2.6287,,,,,,,,
1938,3.3453,,,,,,,,
1939,2.8188,,,,,,,,
1940,3.1112,,,,,,,,
1941,2.7926,,,,,,,,
1942,2.75,,,,,,,,
1943,2.6765,,,,,,,,
1944,2.9223,,,,,,,,
1945,2.9336,,,,,,,,
1946,2.9228,,,,,,,,
1947,2.7522,,,,,,,,
1948,2.579,,,,,,,,
1949,2.934,,,,,,,,
1950,2.7135,,,,,,,,
1951,2.9396,,,,,,,,
1952,2.6729,,,,,,,,
1953,2.8555,,,,,,,,
1954,2.7458,,,,,,,,
1955,2.7737,,,,,,,,
1956,2.7663,,,,,,,,
1957,2.9101,,,,,,,,
1958,2.7166,,,,,,,,
1959,2.7146,,,,,,,,
1960,2.7451,,,,,,,,
1961,2.764,,,,,,,,
1962,2.6425,,,,,,,,
1963,3.0099,,,,,,,,
1964,2.7723,,,,,,,,
1965,2.886,,,,,,,,
1966,2.8738,,,,,,,,
1967,2.5628,,,,,,,,
1968,3.5032,,,,,,,,
1969,2.9371,,,,,,,,
1970,2.7993,,,,,,,,
1971,2.7633,,,,,,,,
1972,2.7983,,,,,,,,
1973,2.8269,,,,,,,,
1974,2.8395,,,,,,,,
1975,2.7105,,,,,,,,
1976,2.7388,,,,,,,,
1977,2.8837,,,,,,,,
1978,2.9542,,,,,,,,
1979,3.4089,,,,,,,,
1980,2.7333,,,,,,,,
1981,2.8014,,,,,,,,
1982,2.602,,,,,,,,
1983,2.7511,,,,,,,,
1984,3.0394,,,,,,,,
1985,2.734,,,,,,,,
1986,2.9053,,,,,,,,
1987,2.4554,,,,,,,,
1988,2.6568,,,,,,,,
1989,2.6467,,,,,,,,
1990,2.9655,,,,,,,,
1991,2.8603,,,,,,,,
1992,2.7665,,,,,,,,
1993,2.8248,,,,,,,,
1994,2.6253,,,,,,,,
1995,2.7147,,,,,,,,
1996,3.6104,,,,,,,,
1997,2.7209,,,,,,,,
1998,2.766,,,,,,,,
1999,2.6539,,,,,,,,
2000,2.7506,,,,,,,,
2001,2.9327,,,,,,,,
2002,2.7259,,,,,,,,
2003,2.8371,,,,,,,,
2004,2.6869,,,,,,,,
2005,2.7814,,,,,,,,
2006,2.9207,,,,,,,,
2007,2.9275,,,,,,,,
2008,2.912,,,,,,,,
2009,2.6319,,,,,,,,
2010,2.7046,,,,,,,,
2011,2.8394,,,,,,,,
2012,2.8178,,,,,,,,
2013,2.8355,,,,,,,,
2014,2.6813,,,,,,,,
2015,2.7493,,,,,,,,
2016,2.8868,,,,,,,,
2017,2.8359,,,,,,,,
2018,2.9662,,,,,,,,
2019,2.7249,,,,,,,,
2020,2.7521,,,,,,,,
2021,2.8181,,,,,,,,
2022,2.6768,,,,,,,,
2023,2.8342,,,,,,,,
2024,2.8472,,,,,,,,
2025,2.8213,,,,,,,,
2026,2.6893,,,,,,,,
2027,2.751,,,,,,,,
2028,2.409,,,,,,,,
2029,2.8083,,,,,,,,
2030,2.7488,,,,,,,,
2031,2.7536,,,,,,,,
2032,2.7853,,,,,,,,
2033,2.7564,,,,,,,,
2034,2.8364,,,,,,,,
2035,3.4091,,,,,,,,
2036,2.8436,,,,,,,,
2037,2.9181,,,,,,,,
2038,2.6274,,,,,,,,
2039,2.8149,,,,,,,,
2040,3.1922,,,,,,,,
2041,3.9603,,,,,,,,
2042,2.7678,,,,,,,,
2043,2.8471,,,,,,,,
2044,2.9452,,,,,,,,
2045,3.0592,,,,,,,,
2046,2.8372,,,,,,,,
2047,2.9012,,,,,,,,
2048,2.8224,,,,,,,,
2049,3.214,,,,,,,,
2050,2.8789,,,,,,,,
2051,3.0333,,,,,,,,
2052,3.0516,,,,,,,,
2053,2.8581,,,,,,,,
2054,2.6837,,,,,,,,
2055,2.8659,,,,,,,,
2056,3.1418,,,,,,,,
2057,2.8804,,,,,,,,
2058,2.903,,,,,,,,
2059,2.6594,,,,,,,,
2060,2.8911,,,,,,,,
2061,2.9629,,,,,,,,
2062,2.7894,,,,,,,,
2063,2.9419,,,,,,,,
2064,2.6975,,,,,,,,
2065,3.0909,,,,,,,,
2066,2.9944,,,,,,,,
2067,2.8813,,,,,,,,
2068,2.8447,,,,,,,,
2069,2.7467,,,,,,,,
2070,2.9547,,,,,,,,
2071,2.9112,,,,,,,,
2072,3.3226,,,,,,,,
2073,3.1831,,,,,,,,
2074,2.9318,,,,,,,,
2075,2.8851,,,,,,,,
2076,3.0082,,,,,,,,
2077,3.0162,,,,,,,,
2078,3.0145,,,,,,,,
2079,2.8199,,,,,,,,
2080,2.7172,,,,,,,,
2081,3.5179,,,,,,,,
2082,2.9762,,,,,,,,
2083,2.8761,,,,,,,,
2084,2.6856,,,,,,,,
2085,2.9126,,,,,,,,
2086,3.1774,,,,,,,,
2087,2.9797,,,,,,,,
2088,2.9247,,,,,,,,
2089,2.8013,,,,,,,,
2090,2.7556,,,,,,,,
2091,2.8933,,,,,,,,
2092,3.0566,,,,,,,,
2093,2.7482,,,,,,,,
2094,2.7645,,,,,,,,
2095,2.9041,,,,,,,,
2096,2.871,,,,,,,,
2097,2.8182,,,,,,,,
2098,3.1084,,,,,,,,
2099,2.687,,,,,,,,
2100,2.8886,,,,,,,,
2101,2.8381,,,,,,,,
2102,2.7391,,,,,,,,
2103,2.8075,,,,,,,,
2104,3.3913,,,,,,,,
2105,3.2144,,,,,,,,
2106,2.8321,,,,,,,,
2107,2.8675,,,,,,,,
2108,2.8596,,,,,,,,
2109,3.5216,,,,,,,,
2110,2.8415,,,,,,,,
2111,2.9283,,,,,,,,
2112,2.7442,,,,,,,,
2113,3.0927,,,,,,,,
2114,3.1538,,,,,,,,
2115,3.018,,,,,,,,
2116,2.9991,,,,,,,,
2117,2.7788,,,,,,,,
2118,2.9259,,,,,,,,
2119,3.2309,,,,,,,,
2120,3.4429,,,,,,,,
2121,3.1323,,,,,,,,
2122,2.9314,,,,,,,,
2123,2.9377,,,,,,,,
2124,2.8766,,,,,,,,
2125,2.9263,,,,,,,,
2126,2.8819,,,,,,,,
2127,2.8743,,,,,,,,
2128,2.9001,,,,,,,,
2129,3.0172,,,,,,,,
2130,2.8459,,,,,,,,
2131,2.837,,,,,,,,
2132,3.0442,,,,,,,,
2133,2.8074,,,,,,,,
2134,2.9406,,,,,,,,
2135,2.9615,,,,,,,,
2136,3.0458,,,,,,,,
2137,2.9477,,,,,,,,
2138,2.8615,,,,,,,,
2139,2.8814,,,,,,,,
2140,2.7664,,,,,,,,
2141,3.0645,,,,,,,,
2142,2.8868,,,,,,,,
2143,2.8063,,,,,,,,
2144,2.9976,,,,,,,,
2145,2.7901,,,,,,,,
2146,2.9889,,,,,,,,
2147,2.86,,,,,,,,
2148,2.7924,,,,,,,,
2149,2.8589,,,,,,,,
2150,2.8738,,,,,,,,
2151,2.9341,,,,,,,,
2152,3.9954,,,,,,,,
2153,3.0557,,,,,,,,
2154,2.8292,,,,,,,,
2155,2.8987,,,,,,,,
2156,2.8477,,,,,,,,
2157,3.066,,,,,,,,
2158,2.9213,,,,,,,,
2159,3.5135,,,,,,,,
2160,3.2695,,,,,,,,
2161,2.813,,,,,,,,
2162,3.0016,,,,,,,,
2163,2.855,,,,,,,,
2164,2.9019,,,,,,,,
2165,2.805,,,,,,,,
2166,2.9601,,,,,,,,
2167,3.5661,,,,,,,,
2168,2.992,,,,,,,,
2169,2.8136,,,,,,,,
2170,2.9104,,,,,,,,
2171,2.8588,,,,,,,,
2172,2.9527,,,,,,,,
2173,3.7662,,,,,,,,
2174,2.8767,,,,,,,,
2175,2.855,,,,,,,,
2176,2.9474,,,,,,,,
2177,2.9965,,,,,,,,
2178,2.8809,,,,,,,,
2179,2.7969,,,,,,,,
2180,2.654,,,,,,,,
2181,2.9329,,,,,,,,
2182,3.1264,,,,,,,,
2183,3.15,,,,,,,,
2184,2.842,,,,,,,,
2185,2.9041,,,,,,,,
2186,2.8731,,,,,,,,
2187,3.08,,,,,,,,
2188,2.8167,,,,,,,,
2189,2.9954,,,,,,,,
2190,2.9316,,,,,,,,
2191,2.8721,,,,,,,,
2192,2.8297,,,,,,,,
2193,3.3632,,,,,,,,
2194,3.384,,,,,,,,
2195,3.1211,,,,,,,,
2196,2.6235,,,,,,,,
2197,2.9362,,,,,,,,
2198,2.8923,,,,,,,,
2199,2.9004,,,,,,,,
2200,2.945,,,,,,,,
2201,2.8949,,,,,,,,
2202,3.0152,,,,,,,,
2203,2.7877,,,,,,,,
2204,3.3816,,,,,,,,
2205,3.0894,,,,,,,,
2206,2.8221,,,,,,,,
2207,2.8354,,,,,,,,
2208,2.7624,,,,,,,,
2209,3.3204,,,,,,,,
2210,3.2385,,,,,,,,
2211,2.8856,,,,,,,,
2212,2.8399,,,,,,,,
2213,2.9907,,,,,,,,
2214,3.0071,,,,,,,,
2215,3.7672,,,,,,,,
2216,3.0381,,,,,,,,
2217,2.891,,,,,,,,
2218,2.968,,,,,,,,
2219,3.1035,,,,,,,,
2220,2.9354,,,,,,,,
2221,2.9066,,,,,,,,
2222,2.8491,,,,,,,,
2223,2.8002,,,,,,,,
2224,2.9684,,,,,,,,
2225,3.3042,,,,,,,,
2226,2.7541,,,,,,,,
2227,2.7839,,,,,,,,
2228,2.846,,,,,,,,
2229,3.123,,,,,,,,
2230,3.0349,,,,,,,,
2231,2.5633,,,,,,,,
2232,2.9017,,,,,,,,
2233,2.8742,,,,,,,,
2234,2.9104,,,,,,,,
2235,3.0088,,,,,,,,
2236,2.5789,,,,,,,,
2237,2.7553,,,,,,,,
2238,2.6946,,,,,,,,
2239,2.8748,,,,,,,,
2240,2.8746,,,,,,,,
2241,2.932,,,,,,,,
2242,2.7578,,,,,,,,
2243,2.8295,,,,,,,,
2244,2.9119,,,,,,,,
2245,2.9192,,,,,,,,
2246,2.669,,,,,,,,
2247,3.1362,,,,,,,,
2248,2.8014,,,,,,,,
2249,2.7027,,,,,,,,
2250,2.8105,,,,,,,,
2251,2.7437,,,,,,,,
2252,2.9919,,,,,,,,
2253,2.7588,,,,,,,,
2254,2.8273,,,,,,,,
2255,2.7694,,,,,,,,
2256,2.7882,,,,,,,,
2257,2.772,,,,,,,,
2258,3.1641,,,,,,,,
2259,2.8256,,,,,,,,
2260,2.8303,,,,,,,,
2261,2.7211,,,,,,,,
2262,2.7,,,,,,,,
2263,3.5607,,,,,,,,
2264,3.006,,,,,,,,
2265,2.8559,,,,,,,,
2266,2.6747,,,,,,,,
2267,2.6637,,,,,,,,
2268,2.8612,,,,,,,,
2269,2.9377,,,,,,,,
2270,2.7,,,,,,,,
2271,2.7538,,,,,,,,
2272,2.6053,,,,,,,,
2273,2.7276,,,,,,,,
2274,2.9925,,,,,,,,
2275,2.7719,,,,,,,,
2276,2.756,,,,,,,,
2277,2.6342,,,,,,,,
2278,2.8,,,,,,,,
2279,2.7327,,,,,,,,
2280,2.8512,,,,,,,,
2281,2.6445,,,,,,,,
2282,2.7281,,,,,,,,
2283,2.7889,,,,,,,,
2284,2.7865,,,,,,,,
2285,2.8005,,,,,,,,
2286,2.845,,,,,,,,
2287,2.6528,,,,,,,,
2288,2.7956,,,,,,,,
2289,2.9833,,,,,,,,
2290,2.7472,,,,,,,,
2291,2.8169,,,,,,,,
2292,2.5537,,,,,,,,
2293,2.7662,,,,,,,,
2294,2.8604,,,,,,,,
2295,2.7795,,,,,,,,
2296,2.8078,,,,,,,,
2297,2.7349,,,,,,,,
2298,2.7333,,,,,,,,
2299,2.6859,,,,,,,,
2300,2.7516,,,,,,,,
2301,2.8787,,,,,,,,
2302,2.7071,,,,,,,,
2303,3.0102,,,,,,,,
2304,2.7653,,,,,,,,
2305,2.7355,,,,,,,,
2306,2.7743,,,,,,,,
2307,2.772,,,,,,,,
2308,2.7886,,,,,,,,
2309,2.6541,,,,,,,,
2310,2.6154,,,,,,,,
2311,2.5473,,,,,,,,
2312,2.6411,,,,,,,,
2313,2.8894,,,,,,,,
2314,2.7242,,,,,,,,
2315,2.6501,,,,,,,,
2316,2.6854,,,,,,,,
2317,2.646,,,,,,,,
2318,2.5566,,,,,,,,
2319,3.004,,,,,,,,
2320,2.6314,,,,,,,,
2321,2.8213,,,,,,,,
2322,2.7809,,,,,,,,
2323,2.9155,,,,,,,,
2324,2.7892,,,,,,,,
2325,2.8994,,,,,,,,
2326,2.7247,,,,,,,,
2327,2.6255,,,,,,,,
2328,2.7247,,,,,,,,
2329,2.8374,,,,,,,,
2330,2.6077,,,,,,,,
2331,4.6643,,,,,,,,
2332,3.7382,,,,,,,,
2333,2.7455,,,,,,,,
2334,2.5895,,,,,,,,
2335,2.9654,,,,,,,,
2336,3.1607,,,,,,,,
2337,2.7693,,,,,,,,
2338,2.8055,,,,,,,,
2339,2.6844,,,,,,,,
2340,2.754,,,,,,,,
2341,3.0122,,,,,,,,
2342,2.6957,,,,,,,,
2343,2.7884,,,,,,,,
2344,2.8365,,,,,,,,
2345,2.8001,,,,,,,,
2346,2.8093,,,,,,,,
2347,2.7708,,,,,,,,
2348,2.6242,,,,,,,,
2349,2.8746,,,,,,,,
2350,2.8353,,,,,,,,
2351,2.7804,,,,,,,,
2352,2.8441,,,,,,,,
2353,2.7731,,,,,,,,
2354,2.7738,,,,,,,,
2355,2.84,,,,,,,,
2356,2.8196,,,,,,,,
2357,2.8158,,,,,,,,
2358,2.6699,,,,,,,,
2359,2.6912,,,,,,,,
2360,2.8093,,,,,,,,
2361,2.8373,,,,,,,,
2362,2.7927,,,,,,,,
2363,2.6452,,,,,,,,
2364,2.6971,,,,,,,,
2365,2.7899,,,,,,,,
2366,2.7692,,,,,,,,
2367,2.7741,,,,,,,,
2368,2.7841,,,,,,,,
2369,2.6954,,,,,,,,
2370,2.7874,,,,,,,,
2371,2.7183,,,,,,,,
2372,2.7616,,,,,,,,
2373,2.6521,,,,,,,,
2374,2.8118,,,,,,,,
2375,3.3841,,,,,,,,
2376,2.8034,,,,,,,,
2377,2.8008,,,,,,,,
2378,2.6447,,,,,,,,
2379,2.6085,,,,,,,,
2380,2.875,,,,,,,,
2381,3.1707,,,,,,,,
2382,2.709,,,,,,,,
2383,2.7274,,,,,,,,
2384,2.7839,,,,,,,,
2385,2.7592,,,,,,,,
2386,2.9039,,,,,,,,
2387,2.7143,,,,,,,,
2388,2.7365,,,,,,,,
2389,2.6882,,,,,,,,
2390,2.6784,,,,,,,,
2391,2.7078,,,,,,,,
2392,3.7854,,,,,,,,
2393,2.8001,,,,,,,,
2394,2.7439,,,,,,,,
2395,2.688,,,,,,,,
2396,2.8353,,,,,,,,
2397,2.8857,,,,,,,,
2398,2.8099,,,,,,,,
2399,2.5784,,,,,,,,
2400,2.6803,,,,,,,,
2401,2.8338,,,,,,,,
2402,2.9185,,,,,,,,
2403,3.3382,,,,,,,,
2404,2.9744,,,,,,,,
2405,2.8545,,,,,,,,
2406,2.7875,,,,,,,,
2407,2.5995,,,,,,,,
2408,2.8346,,,,,,,,
2409,2.6465,,,,,,,,
2410,2.9588,,,,,,,,
2411,3.1007,,,,,,,,
2412,3.0605,,,,,,,,
2413,2.8032,,,,,,,,
2414,2.7077,,,,,,,,
2415,2.8864,,,,,,,,
2416,2.8023,,,,,,,,
2417,2.736,,,,,,,,
2418,2.8166,,,,,,,,
2419,2.4712,,,,,,,,
2420,3.262,,,,,,,,
2421,2.8512,,,,,,,,
2422,2.737,,,,,,,,
2423,2.719,,,,,,,,
2424,2.716,,,,,,,,
2425,3.0197,,,,,,,,
2426,2.751,,,,,,,,
2427,2.7077,,,,,,,,
2428,2.787,,,,,,,,
2429,2.7624,,,,,,,,
2430,2.9542,,,,,,,,
2431,3.8506,,,,,,,,
2432,4.0816,,,,,,,,
2433,4.6097,,,,,,,,
2434,4.2915,,,,,,,,
2435,2.5618,,,,,,,,
2436,2.7436,,,,,,,,
2437,2.8417,,,,,,,,
2438,2.9193,,,,,,,,
2439,2.7092,,,,,,,,
2440,2.6673,,,,,,,,
2441,2.6315,,,,,,,,
2442,2.7162,,,,,,,,
2443,2.7918,,,,,,,,
2444,2.8762,,,,,,,,
2445,2.9791,,,,,,,,
2446,2.7114,,,,,,,,
2447,2.6924,,,,,,,,
2448,2.6344,,,,,,,,
2449,2.7858,,,,,,,,
2450,2.8732,,,,,,,,
2451,3.2102,,,,,,,,
2452,2.6771,,,,,,,,
2453,2.6665,,,,,,,,
2454,2.832,,,,,,,,
2455,2.8682,,,,,,,,
2456,2.86,,,,,,,,
2457,2.7671,,,,,,,,
2458,2.4602,,,,,,,,
2459,2.6615,,,,,,,,
2460,2.7144,,,,,,,,
2461,2.7193,,,,,,,,
2462,2.941,,,,,,,,
2463,2.7405,,,,,,,,
2464,2.768,,,,,,,,
2465,2.6153,,,,,,,,
2466,2.7375,,,,,,,,
2467,2.7228,,,,,,,,
2468,3.0882,,,,,,,,
2469,2.7472,,,,,,,,
2470,2.7237,,,,,,,,
2471,2.6017,,,,,,,,
2472,2.5686,,,,,,,,
2473,2.8605,,,,,,,,
2474,3.5628,,,,,,,,
2475,2.9209,,,,,,,,
2476,2.7044,,,,,,,,
2477,2.6644,,,,,,,,
2478,2.7061,,,,,,,,
2479,3.4245,,,,,,,,
2480,2.5633,,,,,,,,
2481,2.6756,,,,,,,,
2482,2.5933,,,,,,,,
2483,2.7655,,,,,,,,
2484,2.8044,,,,,,,,
2485,2.8362,,,,,,,,
2486,2.8013,,,,,,,,
2487,2.5654,,,,,,,,
2488,2.7082,,,,,,,,
2489,2.7075,,,,,,,,
2490,3.2519,,,,,,,,
2491,2.7629,,,,,,,,
2492,2.5986,,,,,,,,
2493,2.725,,,,,,,,
2494,2.5744,,,,,,,,
2495,2.7732,,,,,,,,
2496,2.9261,,,,,,,,
2497,2.7401,,,,,,,,
2498,2.7058,,,,,,,,
2499,2.7233,,,,,,,,
2500,2.6552,,,,,,,,
2501,2.9929,,,,,,,,
2502,3.0689,,,,,,,,
2503,2.6239,,,,,,,,
2504,2.7219,,,,,,,,
2505,2.8504,,,,,,,,
2506,2.5185,,,,,,,,
2507,3.2585,,,,,,,,
2508,2.6552,,,,,,,,
2509,2.7235,,,,,,,,
2510,2.6615,,,,,,,,
2511,2.6588,,,,,,,,
2512,3.2507,,,,,,,,
2513,3.1917,,,,,,,,
2514,2.7389,,,,,,,,
2515,2.8034,,,,,,,,
2516,2.5651,,,,,,,,
2517,2.7961,,,,,,,,
2518,2.7671,,,,,,,,
2519,2.6819,,,,,,,,
2520,2.7035,,,,,,,,
2521,2.7075,,,,,,,,
2522,2.7031,,,,,,,,
2523,2.8359,,,,,,,,
2524,2.7544,,,,,,,,
2525,2.64,,,,,,,,
2526,2.6419,,,,,,,,
2527,2.7449,,,,,,,,
2528,2.7556,,,,,,,,
2529,2.9325,,,,,,,,
2530,2.6702,,,,,,,,
2531,2.8109,,,,,,,,
2532,2.6944,,,,,,,,
2533,2.9131,,,,,,,,
2534,2.7865,,,,,,,,
2535,3.8103,,,,,,,,
2536,2.8165,,,,,,,,
2537,2.9036,,,,,,,,
2538,2.6669,,,,,,,,
2539,2.7208,,,,,,,,
2540,3.1217,,,,,,,,
2541,3.4103,,,,,,,,
2542,2.6526,,,,,,,,
2543,2.7393,,,,,,,,
2544,2.6989,,,,,,,,
2545,2.5862,,,,,,,,
2546,2.8977,,,,,,,,
2547,2.8046,,,,,,,,
2548,2.7546,,,,,,,,
2549,2.7629,,,,,,,,
2550,2.5992,,,,,,,,
2551,3.1438,,,,,,,,
2552,3.1661,,,,,,,,
2553,2.849,,,,,,,,
2554,2.7429,,,,,,,,
2555,2.5679,,,,,,,,
2556,2.8211,,,,,,,,
2557,3.0232,,,,,,,,
2558,2.8278,,,,,,,,
2559,2.841,,,,,,,,
2560,2.4783,,,,,,,,
2561,2.7914,,,,,,,,
2562,3.0064,,,,,,,,
2563,2.8695,,,,,,,,
2564,2.8465,,,,,,,,
2565,2.6087,,,,,,,,
2566,2.8032,,,,,,,,
2567,2.7014,,,,,,,,
2568,2.9893,,,,,,,,
2569,2.8257,,,,,,,,
2570,2.5155,,,,,,,,
2571,2.7955,,,,,,,,
2572,2.8935,,,,,,,,
2573,3.1314,,,,,,,,
2574,2.9266,,,,,,,,
2575,2.5333,,,,,,,,
2576,2.7342,,,,,,,,
2577,2.8101,,,,,,,,
2578,2.7944,,,,,,,,
2579,3.5317,,,,,,,,
2580,2.7865,,,,,,,,
2581,2.6568,,,,,,,,
2582,2.8515,,,,,,,,
2583,2.8155,,,,,,,,
2584,2.9758,,,,,,,,
2585,2.7515,,,,,,,,
2586,2.8538,,,,,,,,
2587,2.6309,,,,,,,,
2588,2.8107,,,,,,,,
2589,2.9053,,,,,,,,
2590,3.3803,,,,,,,,
2591,2.7525,,,,,,,,
2592,2.628,,,,,,,,
2593,2.839,,,,,,,,
2594,2.7827,,,,,,,,
2595,2.8871,,,,,,,,
2596,2.7668,,,,,,,,
2597,2.843,,,,,,,,
2598,2.8766,,,,,,,,
2599,2.8402,,,,,,,,
2600,2.8775,,,,,,,,
2601,2.8867,,,,,,,,
2602,2.7388,,,,,,,,
2603,2.8076,,,,,,,,
2604,2.8444,,,,,,,,
2605,2.8469,,,,,,,,
2606,2.9401,,,,,,,,
2607,2.6488,,,,,,,,
2608,2.9472,,,,,,,,
2609,2.9748,,,,,,,,
2610,2.974,,,,,,,,
2611,2.6869,,,,,,,,
2612,3.6181,,,,,,,,
2613,3.1935,,,,,,,,
2614,2.9951,,,,,,,,
2615,2.6459,,,,,,,,
2616,2.6059,,,,,,,,
2617,3.4247,,,,,,,,
2618,3.1517,,,,,,,,
2619,2.7722,,,,,,,,
2620,2.6205,,,,,,,,
2621,2.6068,,,,,,,,
2622,2.9592,,,,,,,,
2623,3.0585,,,,,,,,
2624,2.9023,,,,,,,,
2625,2.6879,,,,,,,,
2626,2.596,,,,,,,,
2627,2.8407,,,,,,,,
2628,3.0626,,,,,,,,
2629,2.8555,,,,,,,,
2630,2.7138,,,,,,,,
2631,2.6327,,,,,,,,
2632,2.7372,,,,,,,,
2633,3.2899,,,,,,,,
2634,3.0224,,,,,,,,
2635,2.6959,,,,,,,,
2636,2.8831,,,,,,,,
2637,3.0218,,,,,,,,
2638,3.0834,,,,,,,,
2639,2.9284,,,,,,,,
2640,2.6617,,,,,,,,
2641,2.9476,,,,,,,,
2642,3.2347,,,,,,,,
2643,2.7331,,,,,,,,
2644,2.8279,,,,,,,,
2645,2.4827,,,,,,,,
2646,2.568,,,,,,,,
2647,2.6516,,,,,,,,
2648,2.8539,,,,,,,,
2649,2.7123,,,,,,,,
2650,2.9796,,,,,,,,
2651,2.8067,,,,,,,,
2652,2.5748,,,,,,,,
2653,2.8587,,,,,,,,
2654,2.84,,,,,,,,
2655,2.9578,,,,,,,,
2656,2.9422,,,,,,,,
2657,2.6829,,,,,,,,
2658,2.6472,,,,,,,,
2659,2.8331,,,,,,,,
2660,2.7646,,,,,,,,
2661,3.0508,,,,,,,,
2662,3.1673,,,,,,,,
2663,2.7963,,,,,,,,
2664,2.8536,,,,,,,,
2665,2.7862,,,,,,,,
2666,3.2782,,,,,,,,
2667,3.2944,,,,,,,,
2668,2.8127,,,,,,,,
2669,2.8013,,,,,,,,
2670,2.5292,,,,,,,,
2671,2.8229,,,,,,,,
2672,3.5058,,,,,,,,
2673,3.4311,,,,,,,,
2674,2.8519,,,,,,,,
2675,2.6116,,,,,,,,
2676,2.8626,,,,,,,,
2677,3.1156,,,,,,,,
2678,2.7997,,,,,,,,
2679,2.8529,,,,,,,,
2680,2.7212,,,,,,,,
2681,2.8139,,,,,,,,
2682,3.4384,,,,,,,,
2683,3.1173,,,,,,,,
2684,2.7973,,,,,,,,
2685,2.6801,,,,,,,,
2686,2.7651,,,,,,,,
2687,2.8935,,,,,,,,
2688,3.3861,,,,,,,,
2689,2.7862,,,,,,,,
2690,2.8608,,,,,,,,
2691,2.6888,,,,,,,,
2692,2.8794,,,,,,,,
2693,3.0811,,,,,,,,
2694,3.2114,,,,,,,,
2695,2.8971,,,,,,,,
2696,2.792,,,,,,,,
2697,2.9284,,,,,,,,
2698,3.0009,,,,,,,,
2699,2.8444,,,,,,,,
2700,2.8616,,,,,,,,
2701,2.7458,,,,,,,,
2702,2.8441,,,,,,,,
2703,2.768,,,,,,,,
2704,3.4228,,,,,,,,
2705,2.8778,,,,,,,,
2706,2.9445,,,,,,,,
2707,3.0399,,,,,,,,
2708,3.0531,,,,,,,,
2709,2.953,,,,,,,,
2710,2.8422,,,,,,,,
2711,2.8334,,,,,,,,
2712,3.0017,,,,,,,,
2713,2.9137,,,,,,,,
2714,2.8083,,,,,,,,
2715,2.8291,,,,,,,,
2716,3.0761,,,,,,,,
2717,3.0261,,,,,,,,
2718,3.0233,,,,,,,,
2719,2.7465,,,,,,,,
2720,2.9244,,,,,,,,
2721,3.1165,,,,,,,,
2722,3.4558,,,,,,,,
2723,3.0531,,,,,,,,
2724,2.7583,,,,,,,,
2725,2.9595,,,,,,,,
2726,2.8556,,,,,,,,
2727,3.0151,,,,,,,,
2728,2.9495,,,,,,,,
2729,2.8243,,,,,,,,
2730,2.9748,,,,,,,,
2731,2.8874,,,,,,,,
2732,3.0866,,,,,,,,
2733,2.9078,,,,,,,,
2734,2.9744,,,,,,,,
2735,2.8488,,,,,,,,
2736,3.0298,,,,,,,,
2737,3.1771,,,,,,,,
2738,2.9425,,,,,,,,
2739,2.926,,,,,,,,
2740,3.556,,,,,,,,
2741,3.5066,,,,,,,,
2742,3.3601,,,,,,,,
2743,3.1008,,,,,,,,
2744,2.863,,,,,,,,
2745,3.2082,,,,,,,,
2746,3.0321,,,,,,,,
2747,2.8549,,,,,,,,
2748,2.8855,,,,,,,,
2749,2.8207,,,,,,,,
2750,3.6191,,,,,,,,
2751,2.9651,,,,,,,,
2752,3.1923,,,,,,,,
2753,3.1173,,,,,,,,
2754,2.8032,,,,,,,,
2755,3.123,,,,,,,,
2756,2.8953,,,,,,,,
2757,3.0132,,,,,,,,
2758,2.8737,,,,,,,,
2759,2.9484,,,,,,,,
2760,3.2107,,,,,,,,
2761,3.1279,,,,,,,,
2762,2.99,,,,,,,,
2763,2.8156,,,,,,,,
2764,3.0411,,,,,,,,
2765,3.1429,,,,,,,,
2766,2.8587,,,,,,,,
2767,2.9431,,,,,,,,
2768,2.7933,,,,,,,,
2769,3.0625,,,,,,,,
2770,3.0157,,,,,,,,
2771,2.9564,,,,,,,,
2772,2.9681,,,,,,,,
2773,2.9822,,,,,,,,
2774,2.9585,,,,,,,,
2775,2.8881,,,,,,,,
2776,3.1117,,,,,,,,
2777,2.9256,,,,,,,,
2778,2.8328,,,,,,,,
2779,2.9367,,,,,,,,
2780,3.0096,,,,,,,,
2781,3.2637,,,,,,,,
2782,2.7908,,,,,,,,
2783,2.9305,,,,,,,,
2784,3.0331,,,,,,,,
2785,3.0706,,,,,,,,
2786,3.1163,,,,,,,,
2787,2.9267,,,,,,,,
2788,2.9555,,,,,,,,
2789,3.0398,,,,,,,,
2790,2.8752,,,,,,,,
2791,3.0384,,,,,,,,
2792,3.0495,,,,,,,,
2793,3.0948,,,,,,,,
2794,2.9429,,,,,,,,
2795,2.903,,,,,,,,
2796,3.119,,,,,,,,
2797,2.9886,,,,,,,,
2798,2.7884,,,,,,,,
2799,2.8408,,,,,,,,
2800,2.9349,,,,,,,,
2801,2.9345,,,,,,,,
2802,3.2055,,,,,,,,
2803,2.899,,,,,,,,
2804,3.0118,,,,,,,,
2805,2.9134,,,,,,,,
2806,2.9315,,,,,,,,
2807,3.0503,,,,,,,,
2808,2.9344,,,,,,,,
2809,2.9294,,,,,,,,
2810,2.9676,,,,,,,,
2811,2.7896,,,,,,,,
2812,2.9526,,,,,,,,
2813,3.0036,,,,,,,,
2814,2.9514,,,,,,,,
2815,3.0075,,,,,,,,
2816,2.8989,,,,,,,,
2817,2.8,,,,,,,,
2818,3.1639,,,,,,,,
2819,3.0186,,,,,,,,
2820,2.8995,,,,,,,,
2821,2.8226,,,,,,,,
2822,2.7749,,,,,,,,
2823,3.0839,,,,,,,,
2824,2.8671,,,,,,,,
2825,2.8044,,,,,,,,
2826,2.6952,,,,,,,,
2827,2.8724,,,,,,,,
2828,3.0937,,,,,,,,
2829,2.9503,,,,,,,,
2830,2.9688,,,,,,,,
2831,2.8779,,,,,,,,
2832,2.8153,,,,,,,,
2833,3.0051,,,,,,,,
2834,3.1006,,,,,,,,
2835,3.1162,,,,,,,,
2836,2.9372,,,,,,,,
2837,2.7992,,,,,,,,
2838,3.0012,,,,,,,,
2839,3.1116,,,,,,,,
2840,2.8919,,,,,,,,
2841,2.882,,,,,,,,
2842,2.8437,,,,,,,,
2843,2.8963,,,,,,,,
2844,3.1402,,,,,,,,
2845,2.6731,,,,,,,,
2846,2.8768,,,,,,,,
2847,2.917,,,,,,,,
2848,2.7646,,,,,,,,
2849,2.8017,,,,,,,,
2850,2.8014,,,,,,,,
2851,2.6988,,,,,,,,
2852,2.712,,,,,,,,
2853,2.8342,,,,,,,,
2854,2.8661,,,,,,,,
2855,3.1225,,,,,,,,
2856,3.2296,,,,,,,,
2857,2.7625,,,,,,,,
2858,2.9025,,,,,,,,
2859,2.9375,,,,,,,,
2860,2.838,,,,,,,,
2861,3.0408,,,,,,,,
2862,2.7552,,,,,,,,
2863,2.7543,,,,,,,,
2864,2.8766,,,,,,,,
2865,2.727,,,,,,,,
2866,3.1671,,,,,,,,
2867,3.1024,,,,,,,,
2868,2.9038,,,,,,,,
2869,2.9579,,,,,,,,
2870,2.8432,,,,,,,,
2871,3.0121,,,,,,,,
2872,3.0419,,,,,,,,
2873,2.8004,,,,,,,,
2874,2.8944,,,,,,,,
2875,2.5491,,,,,,,,
2876,2.7234,,,,,,,,
2877,2.805,,,,,,,,
2878,2.8964,,,,,,,,
2879,3.0223,,,,,,,,
2880,2.7441,,,,,,,,
2881,2.7832,,,,,,,,
2882,3.1274,,,,,,,,
2883,3.3022,,,,,,,,
2884,2.9878,,,,,,,,
2885,2.818,,,,,,,,
2886,2.838,,,,,,,,
2887,3.0407,,,,,,,,
2888,2.8436,,,,,,,,
2889,2.9288,,,,,,,,
2890,2.7433,,,,,,,,
2891,2.8618,,,,,,,,
2892,3.0123,,,,,,,,
2893,3.2181,,,,,,,,
2894,2.9586,,,,,,,,
2895,3.0007,,,,,,,,
2896,2.835,,,,,,,,
2897,2.9102,,,,,,,,
2898,2.7266,,,,,,,,
2899,3.0155,,,,,,,,
2900,2.9423,,,,,,,,
2901,2.814,,,,,,,,
2902,2.8403,,,,,,,,
2903,2.6735,,,,,,,,
2904,3.0572,,,,,,,,
2905,2.9843,,,,,,,,
2906,2.795,,,,,,,,
2907,2.8191,,,,,,,,
2908,2.7467,,,,,,,,
2909,2.7955,,,,,,,,
2910,2.985,,,,,,,,
2911,2.8663,,,,,,,,
2912,2.9056,,,,,,,,
2913,2.7034,,,,,,,,
2914,2.923,,,,,,,,
2915,2.8792,,,,,,,,
2916,2.796,,,,,,,,
2917,2.8257,,,,,,,,
2918,2.698,,,,,,,,
2919,2.6086,,,,,,,,
2920,2.9834,,,,,,,,
2921,3.0788,,,,,,,,
2922,2.8977,,,,,,,,
2923,2.756,,,,,,,,
2924,2.734,,,,,,,,
2925,2.8239,,,,,,,,
2926,3.1353,,,,,,,,
2927,2.8858,,,,,,,,
2928,2.6393,,,,,,,,
2929,2.7172,,,,,,,,
2930,2.9198,,,,,,,,
2931,3.0184,,,,,,,,
2932,3.3606,,,,,,,,
2933,2.8316,,,,,,,,
2934,2.7116,,,,,,,,
2935,2.9089,,,,,,,,
2936,3.0656,,,,,,,,
2937,3.0927,,,,,,,,
2938,2.8975,,,,,,,,
2939,3.0629,,,,,,,,
2940,2.7599,,,,,,,,
2941,3.0498,,,,,,,,
2942,2.8732,,,,,,,,
2943,2.877,,,,,,,,
2944,2.8661,,,,,,,,
2945,2.8341,,,,,,,,
2946,2.7135,,,,,,,,
2947,3.772,,,,,,,,
2948,3.0327,,,,,,,,
2949,3.3873,,,,,,,,
2950,3.5753,,,,,,,,
2951,3.2273,,,,,,,,
2952,3.0775,,,,,,,,
2953,2.8299,,,,,,,,
2954,2.8264,,,,,,,,
2955,2.7903,,,,,,,,
2956,2.8059,,,,,,,,
2957,2.8039,,,,,,,,
2958,2.9038,,,,,,,,
2959,2.958,,,,,,,,
2960,2.7412,,,,,,,,
2961,2.91,,,,,,,,
2962,2.9223,,,,,,,,
2963,2.8041,,,,,,,,
2964,2.9673,,,,,,,,
2965,2.7663,,,,,,,,
2966,2.7463,,,,,,,,
2967,2.8094,,,,,,,,
2968,2.9959,,,,,,,,
2969,2.8235,,,,,,,,
2970,2.9202,,,,,,,,
2971,2.7208,,,,,,,,
2972,2.7175,,,,,,,,
2973,2.969,,,,,,,,
2974,2.9335,,,,,,,,
2975,2.7447,,,,,,,,
2976,2.7765,,,,,,,,
2977,2.898,,,,,,,,
2978,2.9685,,,,,,,,
2979,2.9435,,,,,,,,
2980,2.7648,,,,,,,,
2981,2.8149,,,,,,,,
2982,2.7709,,,,,,,,
2983,3.0567,,,,,,,,
2984,3.1056,,,,,,,,
2985,2.7764,,,,,,,,
2986,2.7395,,,,,,,,
2987,2.8172,,,,,,,,
2988,2.8714,,,,,,,,
2989,2.94,,,,,,,,
2990,2.7849,,,,,,,,
2991,2.7507,,,,,,,,
2992,2.8276,,,,,,,,
2993,2.9603,,,,,,,,
2994,2.8746,,,,,,,,
2995,2.9579,,,,,,,,
2996,2.8738,,,,,,,,
2997,2.8077,,,,,,,,
2998,2.846,,,,,,,,
2999,2.8757,,,,,,,,
3000,3.2117,,,,,,,,
3001,2.6553,,,,,,,,
3002,2.7073,,,,,,,,
3003,2.862,,,,,,,,
3004,2.9467,,,,,,,,
3005,2.9419,,,,,,,,
3006,2.871,,,,,,,,
3007,2.9111,,,,,,,,
3008,2.9127,,,,,,,,
3009,2.8277,,,,,,,,
3010,2.9506,,,,,,,,
3011,2.8425,,,,,,,,
3012,2.8543,,,,,,,,
3013,2.8307,,,,,,,,
3014,2.9273,,,,,,,,
3015,2.8788,,,,,,,,
3016,2.9483,,,,,,,,
3017,2.8256,,,,,,,,
3018,2.9512,,,,,,,,
3019,2.8799,,,,,,,,
3020,2.7348,,,,,,,,
3021,3.8377,,,,,,,,
3022,3.0571,,,,,,,,
3023,2.8329,,,,,,,,
3024,2.9608,,,,,,,,
3025,2.8505,,,,,,,,
3026,2.8585,,,,,,,,
3027,2.8327,,,,,,,,
3028,2.7576,,,,,,,,
3029,2.7955,,,,,,,,
3030,3.0112,,,,,,,,
3031,3.2153,,,,,,,,
3032,3.0025,,,,,,,,
3033,2.9537,,,,,,,,
3034,2.9714,,,,,,,,
3035,2.8689,,,,,,,,
3036,2.8241,,,,,,,,
3037,3.1141,,,,,,,,
3038,2.8887,,,,,,,,
3039,2.9711,,,,,,,,
3040,2.8946,,,,,,,,
3041,2.8721,,,,,,,,
3042,3.1624,,,,,,,,
3043,2.8906,,,,,,,,
3044,3.2175,,,,,,,,
3045,3.1772,,,,,,,,
3046,2.9202,,,,,,,,
3047,2.7069,,,,,,,,
3048,2.8294,,,,,,,,
3049,2.9594,,,,,,,,
3050,2.7387,,,,,,,,
3051,2.6207,,,,,,,,
3052,2.7015,,,,,,,,
3053,2.8474,,,,,,,,
3054,2.7003,,,,,,,,
3055,2.7866,,,,,,,,
3056,2.7086,,,,,,,,
3057,2.8364,,,,,,,,
3058,3.1862,,,,,,,,
3059,2.7382,,,,,,,,
3060,2.7923,,,,,,,,
3061,2.7996,,,,,,,,
3062,2.7801,,,,,,,,
3063,2.887,,,,,,,,
3064,2.9695,,,,,,,,
3065,2.8277,,,,,,,,
3066,2.6586,,,,,,,,
3067,2.7555,,,,,,,,
3068,2.7779,,,,,,,,
3069,2.9022,,,,,,,,
3070,2.7812,,,,,,,,
3071,2.6517,,,,,,,,
3072,2.7041,,,,,,,,
3073,2.8524,,,,,,,,
3074,2.8147,,,,,,,,
3075,3.5704,,,,,,,,
3076,2.581,,,,,,,,
3077,2.6917,,,,,,,,
3078,2.6229,,,,,,,,
3079,2.8721,,,,,,,,
3080,2.7822,,,,,,,,
3081,2.7874,,,,,,,,
3082,2.8067,,,,,,,,
3083,2.6981,,,,,,,,
3084,2.7892,,,,,,,,
3085,2.9138,,,,,,,,
3086,2.8429,,,,,,,,
3087,2.7887,,,,,,,,
3088,2.6159,,,,,,,,
3089,2.846,,,,,,,,
3090,3.8863,,,,,,,,
3091,3.1059,,,,,,,,
3092,2.7624,,,,,,,,
3093,2.6763,,,,,,,,
3094,2.8697,,,,,,,,
3095,2.9387,,,,,,,,
3096,2.6159,,,,,,,,
3097,2.6472,,,,,,,,
3098,2.9522,,,,,,,,
3099,3.5357,,,,,,,,
3100,2.9678,,,,,,,,
3101,2.5343,,,,,,,,
3102,2.8781,,,,,,,,
3103,2.863,,,,,,,,
3104,2.841,,,,,,,,
3105,2.9365,,,,,,,,
3106,2.5152,,,,,,,,
3107,2.8986,,,,,,,,
3108,2.8783,,,,,,,,
3109,2.8038,,,,,,,,
3110,2.7778,,,,,,,,
3111,2.6286,,,,,,,,
3112,2.7095,,,,,,,,
3113,2.7857,,,,,,,,
3114,2.9096,,,,,,,,
3115,2.9975,,,,,,,,
3116,2.6966,,,,,,,,
3117,2.8102,,,,,,,,
3118,2.7097,,,,,,,,
3119,3.0329,,,,,,,,
3120,2.8325,,,,,,,,
3121,2.6687,,,,,,,,
3122,2.5449,,,,,,,,
3123,2.7279,,,,,,,,
3124,2.9999,,,,,,,,
3125,2.8867,,,,,,,,
3126,2.6928,,,,,,,,
3127,2.5867,,,,,,,,
3128,2.6415,,,,,,,,
3129,2.8035,,,,,,,,
3130,3.4178,,,,,,,,
3131,3.1764,,,,,,,,
3132,2.5166,,,,,,,,
3133,2.8364,,,,,,,,
3134,2.7332,,,,,,,,
3135,3.4337,,,,,,,,
3136,3.5276,,,,,,,,
3137,2.6589,,,,,,,,
3138,2.7508,,,,,,,,
3139,2.8892,,,,,,,,
3140,3.2948,,,,,,,,
3141,2.9841,,,,,,,,
3142,2.8104,,,,,,,,
3143,2.7932,,,,,,,,
3144,3.0542,,,,,,,,
3145,3.2388,,,,,,,,
3146,2.7068,,,,,,,,
3147,2.8427,,,,,,,,
3148,2.7862,,,,,,,,
3149,2.7688,,,,,,,,
3150,2.9251,,,,,,,,
3151,3.155,,,,,,,,
3152,2.8172,,,,,,,,
3153,2.8773,,,,,,,,
3154,2.8675,,,,,,,,
3155,2.7531,,,,,,,,
3156,2.9613,,,,,,,,
3157,2.9458,,,,,,,,
3158,2.8881,,,,,,,,
3159,2.8499,,,,,,,,
3160,2.8225,,,,,,,,
3161,2.9602,,,,,,,,
3162,2.9433,,,,,,,,
3163,2.9337,,,,,,,,
3164,2.8221,,,,,,,,
3165,2.9156,,,,,,,,
3166,2.8575,,,,,,,,
3167,3.0286,,,,,,,,
3168,2.8963,,,,,,,,
3169,2.7614,,,,,,,,
3170,2.9746,,,,,,,,
3171,2.9528,,,,,,,,
3172,3.7258,,,,,,,,
3173,2.8764,,,,,,,,
3174,2.8081,,,,,,,,
3175,2.9208,,,,,,,,
3176,2.8773,,,,,,,,
3177,2.7824,,,,,,,,
3178,2.7888,,,,,,,,
3179,2.8411,,,,,,,,
3180,2.9736,,,,,,,,
3181,2.9581,,,,,,,,
3182,2.9906,,,,,,,,
3183,2.898,,,,,,,,
3184,2.8454,,,,,,,,
3185,2.8469,,,,,,,,
3186,2.9667,,,,,,,,
3187,2.6056,,,,,,,,
3188,2.8675,,,,,,,,
3189,2.8769,,,,,,,,
3190,2.7985,,,,,,,,
3191,2.9153,,,,,,,,
3192,2.692,,,,,,,,
3193,3.0154,,,,,,,,
3194,2.8897,,,,,,,,
3195,2.8844,,,,,,,,
3196,2.8851,,,,,,,,
3197,2.7678,,,,,,,,
3198,2.9732,,,,,,,,
3199,2.9362,,,,,,,,
3200,2.8074,,,,,,,,
3201,2.886,,,,,,,,
3202,2.7037,,,,,,,,
3203,2.768,,,,,,,,
3204,3.1942,,,,,,,,
3205,3.5932,,,,,,,,
3206,2.9826,,,,,,,,
3207,2.8266,,,,,,,,
3208,2.8827,,,,,,,,
3209,3.046,,,,,,,,
3210,2.6668,,,,,,,,
3211,2.8191,,,,,,,,
3212,2.82,,,,,,,,
3213,2.705,,,,,,,,
3214,2.792,,,,,,,,
3215,2.6843,,,,,,,,
3216,2.7581,,,,,,,,
3217,2.7252,,,,,,,,
3218,2.643,,,,,,,,
3219,2.8297,,,,,,,,
3220,2.8465,,,,,,,,
3221,2.9422,,,,,,,,
3222,2.737,,,,,,,,
3223,2.6966,,,,,,,,
3224,2.9936,,,,,,,,
3225,2.8742,,,,,,,,
3226,2.9162,,,,,,,,
3227,2.6048,,,,,,,,
3228,2.7721,,,,,,,,
3229,2.8592,,,,,,,,
3230,2.7325,,,,,,,,
3231,2.6313,,,,,,,,
3232,2.9605,,,,,,,,
3233,2.8883,,,,,,,,
3234,2.8782,,,,,,,,
3235,2.8215,,,,,,,,
3236,2.7816,,,,,,,,
3237,2.7388,,,,,,,,
3238,3.1886,,,,,,,,
3239,2.8118,,,,,,,,
3240,2.8632,,,,,,,,
3241,2.7924,,,,,,,,
3242,2.7336,,,,,,,,
3243,2.8467,,,,,,,,
3244,2.7705,,,,,,,,
3245,2.8822,,,,,,,,
3246,2.8103,,,,,,,,
3247,2.8013,,,,,,,,
3248,2.827,,,,,,,,
3249,2.9429,,,,,,,,
3250,2.8139,,,,,,,,
3251,2.7985,,,,,,,,
3252,2.8872,,,,,,,,
3253,2.7198,,,,,,,,
3254,2.8465,,,,,,,,
3255,2.9077,,,,,,,,
3256,2.8315,,,,,,,,
3257,2.8056,,,,,,,,
3258,2.8811,,,,,,,,
3259,2.8171,,,,,,,,
3260,2.9472,,,,,,,,
3261,2.9303,,,,,,,,
3262,2.7851,,,,,,,,
3263,2.9423,,,,,,,,
3264,2.8338,,,,,,,,
3265,3.2563,,,,,,,,
3266,3.0807,,,,,,,,
3267,2.7474,,,,,,,,
3268,2.7203,,,,,,,,
3269,2.8123,,,,,,,,
3270,2.9172,,,,,,,,
3271,2.9373,,,,,,,,
3272,2.8222,,,,,,,,
3273,2.7176,,,,,,,,
3274,2.7828,,,,,,,,
3275,2.7992,,,,,,,,
3276,3.483,,,,,,,,
3277,2.8759,,,,,,,,
3278,3.2552,,,,,,,,
3279,2.8914,,,,,,,,
3280,2.7366,,,,,,,,
3281,3.0239,,,,,,,,
3282,2.6343,,,,,,,,
3283,2.9223,,,,,,,,
3284,2.9789,,,,,,,,
3285,2.8043,,,,,,,,
3286,2.8126,,,,,,,,
3287,3.5773,,,,,,,,
3288,3.5983,,,,,,,,
3289,2.9332,,,,,,,,
3290,2.6324,,,,,,,,
3291,2.9562,,,,,,,,
3292,3.037,,,,,,,,
3293,2.6622,,,,,,,,
3294,2.8556,,,,,,,,
3295,2.7365,,,,,,,,
3296,3.0262,,,,,,,,
3297,2.9766,,,,,,,,
3298,2.7155,,,,,,,,
3299,2.8458,,,,,,,,
3300,2.9254,,,,,,,,
3301,3.254,,,,,,,,
3302,3.023,,,,,,,,
3303,2.653,,,,,,,,
3304,2.8339,,,,,,,,
3305,3.0379,,,,,,,,
3306,2.9035,,,,,,,,
3307,2.8152,,,,,,,,
3308,2.8147,,,,,,,,
3309,2.8268,,,,,,,,
3310,2.9509,,,,,,,,
3311,2.8537,,,,,,,,
3312,2.8434,,,,,,,,
3313,3.1647,,,,,,,,
3314,2.9049,,,,,,,,
3315,2.7728,,,,,,,,
3316,3.006,,,,,,,,
3317,2.7467,,,,,,,,
3318,2.8224,,,,,,,,
3319,2.9969,,,,,,,,
3320,2.812,,,,,,,,
3321,2.9774,,,,,,,,
3322,2.7945,,,,,,,,
3323,2.7119,,,,,,,,
3324,2.9273,,,,,,,,
3325,2.9329,,,,,,,,
3326,2.9238,,,,,,,,
3327,2.8107,,,,,,,,
3328,2.7233,,,,,,,,
3329,3.0426,,,,,,,,
3330,3.0086,,,,,,,,
3331,2.84,,,,,,,,
3332,2.8052,,,,,,,,
3333,2.7008,,,,,,,,
3334,2.7416,,,,,,,,
3335,3.5087,,,,,,,,
3336,2.8892,,,,,,,,
3337,2.773,,,,,,,,
3338,2.8186,,,,,,,,
3339,2.8627,,,,,,,,
3340,3.0614,,,,,,,,
3341,2.7208,,,,,,,,
3342,2.7903,,,,,,,,
3343,2.8591,,,,,,,,
3344,2.7937,,,,,,,,
3345,3.1469,,,,,,,,
3346,2.7648,,,,,,,,
3347,2.8059,,,,,,,,
3348,2.9583,,,,,,,,
3349,3.0947,,,,,,,,
3350,2.9407,,,,,,,,
3351,2.9736,,,,,,,,
3352,2.9246,,,,,,,,
3353,2.8585,,,,,,,,
3354,2.9725,,,,,,,,
3355,2.8592,,,,,,,,
3356,2.7527,,,,,,,,
3357,2.9139,,,,,,,,
3358,2.9238,,,,,,,,
3359,2.8038,,,,,,,,
3360,2.7994,,,,,,,,
3361,2.8775,,,,,,,,
3362,2.9294,,,,,,,,
3363,3.0121,,,,,,,,
3364,2.9198,,,,,,,,
3365,2.8766,,,,,,,,
3366,2.9484,,,,,,,,
3367,2.8565,,,,,,,,
3368,2.9085,,,,,,,,
3369,2.7098,,,,,,,,
3370,2.7163,,,,,,,,
3371,2.7952,,,,,,,,
3372,2.9045,,,,,,,,
3373,2.8052,,,,,,,,
3374,2.7162,,,,,,,,
3375,2.6994,,,,,,,,
3376,2.6493,,,,,,,,
3377,2.9642,,,,,,,,
3378,2.7904,,,,,,,,
3379,2.7613,,,,,,,,
3380,2.8126,,,,,,,,
3381,2.6659,,,,,,,,
3382,2.7888,,,,,,,,
3383,2.7926,,,,,,,,
3384,2.7985,,,,,,,,
3385,2.7588,,,,,,,,
3386,2.7266,,,,,,,,
3387,2.7611,,,,,,,,
3388,3.1965,,,,,,,,
3389,2.7865,,,,,,,,
3390,2.7098,,,,,,,,
3391,2.7394,,,,,,,,
3392,2.7303,,,,,,,,
3393,2.8205,,,,,,,,
3394,2.7861,,,,,,,,
3395,2.736,,,,,,,,
3396,2.8271,,,,,,,,
3397,2.7906,,,,,,,,
3398,2.7854,,,,,,,,
3399,2.9142,,,,,,,,
3400,2.8761,,,,,,,,
3401,2.7581,,,,,,,,
3402,2.7987,,,,,,,,
3403,2.8681,,,,,,,,
3404,2.7323,,,,,,,,
3405,2.7963,,,,,,,,
3406,2.7006,,,,,,,,
3407,2.7424,,,,,,,,
3408,2.799,,,,,,,,
3409,2.8591,,,,,,,,
3410,2.6738,,,,,,,,
3411,2.976,,,,,,,,
3412,2.6168,,,,,,,,
3413,2.8424,,,,,,,,
3414,2.8816,,,,,,,,
3415,3.2443,,,,,,,,
3416,3.3773,,,,,,,,
3417,2.9966,,,,,,,,
3418,2.8184,,,,,,,,
3419,2.7767,,,,,,,,
3420,2.5568,,,,,,,,
3421,3.2972,,,,,,,,
3422,2.8549,,,,,,,,
3423,2.7711,,,,,,,,
3424,2.7119,,,,,,,,
3425,2.6938,,,,,,,,
3426,2.9145,,,,,,,,
3427,2.8355,,,,,,,,
3428,2.8177,,,,,,,,
3429,2.7566,,,,,,,,
3430,2.627,,,,,,,,
3431,2.7889,,,,,,,,
3432,3.091,,,,,,,,
3433,2.6926,,,,,,,,
3434,2.791,,,,,,,,
3435,2.7383,,,,,,,,
3436,2.7886,,,,,,,,
3437,2.7127,,,,,,,,
3438,3.543,,,,,,,,
3439,2.8356,,,,,,,,
3440,2.6199,,,,,,,,
3441,2.7969,,,,,,,,
3442,3.2057,,,,,,,,
3443,2.9406,,,,,,,,
3444,2.7605,,,,,,,,
3445,2.7089,,,,,,,,
3446,2.8659,,,,,,,,
3447,2.7475,,,,,,,,
3448,2.7634,,,,,,,,
3449,3.1065,,,,,,,,
3450,2.842,,,,,,,,
3451,2.762,,,,,,,,
3452,2.9904,,,,,,,,
3453,2.9256,,,,,,,,
3454,3.4112,,,,,,,,
3455,2.6497,,,,,,,,
3456,2.7716,,,,,,,,
3457,2.7474,,,,,,,,
3458,2.8228,,,,,,,,
3459,2.7269,,,,,,,,
3460,2.803,,,,,,,,
3461,2.7203,,,,,,,,
3462,2.819,,,,,,,,
3463,2.8209,,,,,,,,
3464,2.7544,,,,,,,,
3465,2.8074,,,,,,,,
3466,2.7503,,,,,,,,
3467,2.7019,,,,,,,,
3468,2.8246,,,,,,,,
3469,2.7886,,,,,,,,
3470,2.6584,,,,,,,,
3471,3.2427,,,,,,,,
3472,2.6936,,,,,,,,
3473,2.8328,,,,,,,,
3474,2.7574,,,,,,,,
3475,2.6436,,,,,,,,
3476,2.7653,,,,,,,,
3477,3.6677,,,,,,,,
3478,2.8802,,,,,,,,
3479,2.8624,,,,,,,,
3480,2.635,,,,,,,,
3481,2.6029,,,,,,,,
3482,2.5673,,,,,,,,
3483,2.7366,,,,,,,,
3484,2.5951,,,,,,,,
3485,2.6198,,,,,,,,
3486,2.7528,,,,,,,,
3487,2.7778,,,,,,,,
3488,2.7715,,,,,,,,
3489,2.7052,,,,,,,,
3490,2.8296,,,,,,,,
3491,2.6509,,,,,,,,
3492,2.7322,,,,,,,,
3493,2.7004,,,,,,,,
3494,3.0769,,,,,,,,
3495,2.9298,,,,,,,,
3496,2.4869,,,,,,,,
3497,2.7131,,,,,,,,
3498,2.6841,,,,,,,,
3499,3.263,,,,,,,,
3500,2.9766,,,,,,,,
3501,2.5465,,,,,,,,
3502,2.6633,,,,,,,,
3503,2.6878,,,,,,,,
3504,2.8206,,,,,,,,
3505,3.4316,,,,,,,,
3506,2.5983,,,,,,,,
3507,2.8599,,,,,,,,
3508,2.9023,,,,,,,,
3509,2.8418,,,,,,,,
3510,3.0819,,,,,,,,
3511,2.5393,,,,,,,,
3512,2.7961,,,,,,,,
3513,2.722,,,,,,,,
3514,2.814,,,,,,,,
3515,3.3121,,,,,,,,
3516,3.6927,,,,,,,,
3517,2.6312,,,,,,,,
3518,2.9073,,,,,,,,
3519,2.8776,,,,,,,,
3520,2.8777,,,,,,,,
3521,2.7984,,,,,,,,
3522,2.6318,,,,,,,,
3523,2.79,,,,,,,,
3524,2.8886,,,,,,,,
3525,2.7496,,,,,,,,
3526,2.7357,,,,,,,,
3527,2.7377,,,,,,,,
3528,2.8098,,,,,,,,
3529,2.9026,,,,,,,,
3530,2.7842,,,,,,,,
3531,2.7696,,,,,,,,
3532,2.7724,,,,,,,,
3533,2.56,,,,,,,,
3534,2.8572,,,,,,,,
3535,2.7691,,,,,,,,
3536,2.6213,,,,,,,,
3537,2.8642,,,,,,,,
3538,2.8095,,,,,,,,
3539,2.7588,,,,,,,,
3540,2.6912,,,,,,,,
3541,2.7196,,,,,,,,
3542,2.8008,,,,,,,,
3543,3.0508,,,,,,,,
3544,2.7931,,,,,,,,
3545,2.7538,,,,,,,,
3546,2.7632,,,,,,,,
3547,2.7811,,,,,,,,
3548,2.9897,,,,,,,,
3549,2.9034,,,,,,,,
3550,2.7015,,,,,,,,
3551,2.7336,,,,,,,,
3552,2.815,,,,,,,,
3553,2.8864,,,,,,,,
3554,2.9231,,,,,,,,
3555,2.7887,,,,,,,,
3556,2.7638,,,,,,,,
3557,2.7673,,,,,,,,
3558,2.8559,,,,,,,,
3559,3.0175,,,,,,,,
3560,2.6397,,,,,,,,
3561,2.7744,,,,,,,,
3562,2.7124,,,,,,,,
3563,2.8348,,,,,,,,
3564,2.958,,,,,,,,
3565,2.7069,,,,,,,,
3566,2.9005,,,,,,,,
3567,2.6644,,,,,,,,
3568,2.7231,,,,,,,,
3569,2.9235,,,,,,,,
3570,2.9498,,,,,,,,
3571,2.9423,,,,,,,,
3572,2.7533,,,,,,,,
3573,2.6899,,,,,,,,
3574,2.798,,,,,,,,
3575,3.0845,,,,,,,,
3576,2.8872,,,,,,,,
3577,2.6534,,,,,,,,
3578,2.8342,,,,,,,,
3579,2.8559,,,,,,,,
3580,2.9833,,,,,,,,
3581,3.1414,,,,,,,,
3582,2.824,,,,,,,,
3583,2.8635,,,,,,,,
3584,2.9856,,,,,,,,
3585,2.8454,,,,,,,,
3586,3.0512,,,,,,,,
3587,2.8519,,,,,,,,
3588,2.7942,,,,,,,,
3589,2.9423,,,,,,,,
3590,2.8712,,,,,,,,
3591,3.1235,,,,,,,,
3592,2.8101,,,,,,,,
3593,2.8297,,,,,,,,
3594,2.9143,,,,,,,,
3595,2.8884,,,,,,,,
3596,3.0872,,,,,,,,
3597,2.9223,,,,,,,,
3598,2.8435,,,,,,,,
3599,2.9101,,,,,,,,
3600,2.8409,,,,,,,,
3601,2.9852,,,,,,,,
3602,3.0124,,,,,,,,
3603,2.8444,,,,,,,,
3604,2.8729,,,,,,,,
3605,2.8791,,,,,,,,
3606,3.0524,,,,,,,,
3607,2.9045,,,,,,,,
3608,2.7705,,,,,,,,
3609,2.832,,,,,,,,
3610,2.8568,,,,,,,,
3611,2.9709,,,,,,,,
3612,2.9354,,,,,,,,
3613,3.0199,,,,,,,,
3614,2.8852,,,,,,,,
3615,2.7444,,,,,,,,
3616,3.0069,,,,,,,,
3617,2.9769,,,,,,,,
3618,2.7965,,,,,,,,
3619,2.832,,,,,,,,
3620,2.9287,,,,,,,,
3621,2.9707,,,,,,,,
3622,2.8773,,,,,,,,
3623,2.6407,,,,,,,,
3624,3.016,,,,,,,,
3625,3.6029,,,,,,,,
3626,3.0622,,,,,,,,
3627,2.6663,,,,,,,,
3628,2.8596,,,,,,,,
3629,3.1048,,,,,,,,
3630,2.9035,,,,,,,,
3631,2.685,,,,,,,,
3632,2.6745,,,,,,,,
3633,2.7972,,,,,,,,
3634,3.0841,,,,,,,,
3635,2.7979,,,,,,,,
3636,2.7971,,,,,,,,
3637,2.8341,,,,,,,,
3638,3.0089,,,,,,,,
3639,2.9107,,,,,,,,
3640,2.9521,,,,,,,,
3641,2.7208,,,,,,,,
3642,2.8455,,,,,,,,
3643,2.8249,,,,,,,,
3644,2.9242,,,,,,,,
3645,3.0338,,,,,,,,
3646,2.8292,,,,,,,,
3647,2.8583,,,,,,,,
3648,2.8909,,,,,,,,
3649,2.9269,,,,,,,,
3650,2.8489,,,,,,,,
3651,3.2973,,,,,,,,
3652,2.9865,,,,,,,,
3653,2.8429,,,,,,,,
3654,2.8032,,,,,,,,
3655,2.8732,,,,,,,,
3656,3.4066,,,,,,,,
3657,2.8123,,,,,,,,
3658,2.8598,,,,,,,,
3659,2.7536,,,,,,,,
3660,2.898,,,,,,,,
3661,2.8591,,,,,,,,
3662,2.9987,,,,,,,,
3663,2.8251,,,,,,,,
3664,2.7847,,,,,,,,
3665,2.7869,,,,,,,,
3666,2.8226,,,,,,,,
3667,3.0349,,,,,,,,
3668,2.873,,,,,,,,
3669,2.7589,,,,,,,,
3670,3.1433,,,,,,,,
3671,2.9099,,,,,,,,
3672,2.8288,,,,,,,,
3673,2.7409,,,,,,,,
3674,2.7364,,,,,,,,
3675,2.7702,,,,,,,,
3676,2.8474,,,,,,,,
3677,2.7871,,,,,,,,
3678,2.8428,,,,,,,,
3679,2.7817,,,,,,,,
3680,2.9067,,,,,,,,
3681,2.8969,,,,,,,,
3682,2.784,,,,,,,,
3683,3.0926,,,,,,,,
3684,3.0313,,,,,,,,
3685,2.6885,,,,,,,,
3686,2.8466,,,,,,,,
3687,2.7225,,,,,,,,
3688,2.7941,,,,,,,,
3689,3.2843,,,,,,,,
3690,2.8444,,,,,,,,
3691,2.8517,,,,,,,,
3692,2.8459,,,,,,,,
3693,2.7352,,,,,,,,
3694,2.8686,,,,,,,,
3695,2.751,,,,,,,,
3696,2.7355,,,,,,,,
3697,2.9632,,,,,,,,
3698,2.7856,,,,,,,,
3699,2.5976,,,,,,,,
3700,2.9018,,,,,,,,
3701,2.7384,,,,,,,,
3702,2.8182,,,,,,,,
3703,2.857,,,,,,,,
3704,2.6804,,,,,,,,
3705,3.0212,,,,,,,,
3706,3.3035,,,,,,,,
3707,3.1373,,,,,,,,
3708,2.8011,,,,,,,,
3709,2.5849,,,,,,,,
3710,2.8066,,,,,,,,
3711,3.0141,,,,,,,,
3712,2.8832,,,,,,,,
3713,2.8318,,,,,,,,
3714,2.6004,,,,,,,,
3715,2.8069,,,,,,,,
3716,2.797,,,,,,,,
3717,2.8196,,,,,,,,
3718,2.8436,,,,,,,,
3719,2.6625,,,,,,,,
3720,2.5743,,,,,,,,
3721,2.7473,,,,,,,,
3722,3.5189,,,,,,,,
3723,2.982,,,,,,,,
3724,2.722,,,,,,,,
3725,2.6769,,,,,,,,
3726,2.746,,,,,,,,
3727,3.2693,,,,,,,,
3728,2.8941,,,,,,,,
3729,2.6345,,,,,,,,
3730,2.7833,,,,,,,,
3731,2.6898,,,,,,,,
3732,3.0247,,,,,,,,
3733,2.8586,,,,,,,,
3734,2.8085,,,,,,,,
3735,2.781,,,,,,,,
3736,2.5275,,,,,,,,
3737,2.7684,,,,,,,,
3738,3.3125,,,,,,,,
3739,2.6468,,,,,,,,
3740,2.6925,,,,,,,,
3741,2.6048,,,,,,,,
3742,2.7655,,,,,,,,
3743,3.8776,,,,,,,,
3744,3.3449,,,,,,,,
3745,2.7794,,,,,,,,
3746,2.9013,,,,,,,,
3747,2.8066,,,,,,,,
3748,2.7564,,,,,,,,
3749,3.4996,,,,,,,,
3750,2.6873,,,,,,,,
3751,2.8605,,,,,,,,
3752,2.7071,,,,,,,,
3753,2.7801,,,,,,,,
3754,2.8731,,,,,,,,
3755,2.7829,,,,,,,,
3756,2.8542,,,,,,,,
3757,2.8153,,,,,,,,
3758,2.7895,,,,,,,,
3759,2.7178,,,,,,,,
3760,3.0248,,,,,,,,
3761,2.9234,,,,,,,,
3762,2.8552,,,,,,,,
3763,2.7414,,,,,,,,
3764,2.7552,,,,,,,,
3765,3.007,,,,,,,,
3766,3.0277,,,,,,,,
3767,2.7994,,,,,,,,
3768,3.1501,,,,,,,,
3769,2.6717,,,,,,,,
3770,2.8268,,,,,,,,
3771,3.5386,,,,,,,,
3772,3.0363,,,,,,,,
3773,2.7903,,,,,,,,
3774,2.839,,,,,,,,
3775,2.7312,,,,,,,,
3776,3.0126,,,,,,,,
3777,2.9489,,,,,,,,
3778,2.8769,,,,,,,,
3779,2.7158,,,,,,,,
3780,2.7176,,,,,,,,
3781,2.7065,,,,,,,,
3782,2.8503,,,,,,,,
3783,2.881,,,,,,,,
3784,2.6928,,,,,,,,
3785,2.7252,,,,,,,,
3786,2.7487,,,,,,,,
3787,3.2573,,,,,,,,
3788,2.8187,,,,,,,,
3789,2.7152,,,,,,,,
3790,2.7167,,,,,,,,
3791,2.7897,,,,,,,,
3792,3.1472,,,,,,,,
3793,3.0119,,,,,,,,
3794,2.7065,,,,,,,,
3795,2.7322,,,,,,,,
3796,2.7742,,,,,,,,
3797,2.9224,,,,,,,,
3798,3.0302,,,,,,,,
3799,2.8094,,,,,,,,
3800,2.7911,,,,,,,,
3801,2.8018,,,,,,,,
3802,2.847,,,,,,,,
3803,3.1905,,,,,,,,
3804,2.902,,,,,,,,
3805,2.838,,,,,,,,
3806,2.8879,,,,,,,,
3807,2.7757,,,,,,,,
3808,2.9251,,,,,,,,
3809,3.7206,,,,,,,,
3810,2.8346,,,,,,,,
3811,2.8096,,,,,,,,
3812,2.927,,,,,,,,
3813,2.7786,,,,,,,,
3814,3.5924,,,,,,,,
3815,2.8675,,,,,,,,
3816,2.838,,,,,,,,
3817,2.7433,,,,,,,,
3818,2.8814,,,,,,,,
3819,3.8047,,,,,,,,
3820,3.2168,,,,,,,,
3821,2.7934,,,,,,,,
3822,2.8466,,,,,,,,
3823,2.7743,,,,,,,,
3824,2.985,,,,,,,,
3825,2.712,,,,,,,,
3826,2.8995,,,,,,,,
3827,2.9442,,,,,,,,
3828,2.685,,,,,,,,
3829,2.7949,,,,,,,,
3830,2.8534,,,,,,,,
3831,2.8316,,,,,,,,
3832,2.8815,,,,,,,,
3833,2.7018,,,,,,,,
3834,2.7805,,,,,,,,
3835,3.5294,,,,,,,,
3836,3.0003,,,,,,,,
3837,2.7016,,,,,,,,
3838,2.786,,,,,,,,
3839,2.7899,,,,,,,,
3840,3.247,,,,,,,,
3841,3.1098,,,,,,,,
3842,2.7121,,,,,,,,
3843,2.7987,,,,,,,,
3844,2.7279,,,,,,,,
3845,2.8722,,,,,,,,
3846,3.0507,,,,,,,,
3847,2.7251,,,,,,,,
3848,2.8199,,,,,,,,
3849,2.8172,,,,,,,,
3850,2.8198,,,,,,,,
3851,3.1726,,,,,,,,
3852,3.2496,,,,,,,,
3853,2.891,,,,,,,,
3854,2.8044,,,,,,,,
3855,2.7453,,,,,,,,
3856,2.7682,,,,,,,,
3857,3.0292,,,,,,,,
3858,2.8078,,,,,,,,
3859,2.7963,,,,,,,,
3860,2.7607,,,,,,,,
3861,2.9065,,,,,,,,
3862,3.0735,,,,,,,,
3863,2.9321,,,,,,,,
3864,2.8506,,,,,,,,
3865,2.909,,,,,,,,
3866,2.8763,,,,,,,,
3867,3.4346,,,,,,,,
3868,2.815,,,,,,,,
3869,2.8031,,,,,,,,
3870,2.761,,,,,,,,
3871,2.8514,,,,,,,,
3872,2.7517,,,,,,,,
3873,3.7177,,,,,,,,
3874,2.7894,,,,,,,,
3875,2.6941,,,,,,,,
3876,2.9499,,,,,,,,
3877,2.8371,,,,,,,,
3878,3.4287,,,,,,,,
3879,2.7499,,,,,,,,
3880,2.8578,,,,,,,,
3881,2.8356,,,,,,,,
3882,2.8968,,,,,,,,
3883,3.3089,,,,,,,,
3884,2.8789,,,,,,,,
3885,2.6989,,,,,,,,
3886,2.8181,,,,,,,,
3887,2.8125,,,,,,,,
3888,3.2195,,,,,,,,
3889,3.0027,,,,,,,,
3890,2.8545,,,,,,,,
3891,2.8088,,,,,,,,
3892,2.8859,,,,,,,,
3893,2.8958,,,,,,,,
3894,2.9277,,,,,,,,
3895,2.834,,,,,,,,
3896,2.8422,,,,,,,,
3897,2.8918,,,,,,,,
3898,3.02,,,,,,,,
3899,3.687,,,,,,,,
3900,3.1039,,,,,,,,
3901,2.9315,,,,,,,,
3902,2.9354,,,,,,,,
3903,2.903,,,,,,,,
3904,3.0894,,,,,,,,
3905,3.0571,,,,,,,,
3906,2.7949,,,,,,,,
3907,2.9278,,,,,,,,
3908,2.7474,,,,,,,,
3909,2.8588,,,,,,,,
3910,2.9856,,,,,,,,
3911,2.9878,,,,,,,,
3912,2.9669,,,,,,,,
3913,2.7328,,,,,,,,
3914,2.8006,,,,,,,,
3915,3.1384,,,,,,,,
3916,2.8543,,,,,,,,
3917,2.9465,,,,,,,,
3918,2.727,,,,,,,,
3919,2.7525,,,,,,,,
3920,2.8791,,,,,,,,
3921,2.9526,,,,,,,,
3922,2.9188,,,,,,,,
3923,2.7693,,,,,,,,
3924,2.7608,,,,,,,,
3925,3.0732,,,,,,,,
3926,2.8386,,,,,,,,
3927,2.9288,,,,,,,,
3928,2.631,,,,,,,,
3929,2.7486,,,,,,,,
3930,2.9283,,,,,,,,
3931,3.3401,,,,,,,,
3932,2.9608,,,,,,,,
3933,2.7477,,,,,,,,
3934,2.8586,,,,,,,,
3935,2.8639,,,,,,,,
3936,2.6931,,,,,,,,
3937,2.8549,,,,,,,,
3938,2.612,,,,,,,,
3939,2.6796,,,,,,,,
3940,2.7861,,,,,,,,
3941,2.882,,,,,,,,
3942,3.4235,,,,,,,,
3943,2.7279,,,,,,,,
3944,2.8053,,,,,,,,
3945,2.8636,,,,,,,,
3946,2.9912,,,,,,,,
3947,3.2049,,,,,,,,
3948,3.0658,,,,,,,,
3949,2.8335,,,,,,,,
3950,2.8271,,,,,,,,
3951,2.8375,,,,,,,,
3952,3.2173,,,,,,,,
3953,3.1292,,,,,,,,
3954,2.7617,,,,,,,,
3955,2.8264,,,,,,,,
3956,2.8855,,,,,,,,
3957,2.85,,,,,,,,
3958,2.9222,,,,,,,,
3959,2.8134,,,,,,,,
3960,2.8074,,,,,,,,
3961,2.8527,,,,,,,,
3962,2.7847,,,,,,,,
3963,3.2009,,,,,,,,
3964,2.9039,,,,,,,,
3965,2.8485,,,,,,,,
3966,3.0287,,,,,,,,
3967,2.9932,,,,,,,,
3968,3.5523,,,,,,,,
3969,3.5168,,,,,,,,
3970,2.9892,,,,,,,,
3971,2.8567,,,,,,,,
3972,2.9103,,,,,,,,
3973,2.9447,,,,,,,,
3974,2.8297,,,,,,,,
3975,2.8096,,,,,,,,
3976,2.7984,,,,,,,,
3977,2.8777,,,,,,,,
3978,2.8983,,,,,,,,
3979,2.8905,,,,,,,,
3980,2.7832,,,,,,,,
3981,2.8896,,,,,,,,
3982,2.867,,,,,,,,
3983,2.8462,,,,,,,,
3984,2.7865,,,,,,,,
3985,3.5506,,,,,,,,
3986,3.2287,,,,,,,,
3987,2.7839,,,,,,,,
3988,2.8229,,,,,,,,
3989,2.7318,,,,,,,,
3990,3.0653,,,,,,,,
3991,2.9197,,,,,,,,
3992,2.7669,,,,,,,,
3993,2.7184,,,,,,,,
3994,2.7147,,,,,,,,
3995,2.9728,,,,,,,,
3996,2.8456,,,,,,,,
3997,2.7939,,,,,,,,
3998,3.0342,,,,,,,,
3999,2.7797,,,,,,,,
4000,3.186,,,,,,,,
4001,3.3479,,,,,,,,
4002,2.8479,,,,,,,,
4003,2.8434,,,,,,,,
4004,2.9474,,,,,,,,
4005,3.222,,,,,,,,
4006,3.1651,,,,,,,,
4007,2.8006,,,,,,,,
4008,2.723,,,,,,,,
4009,2.8968,,,,,,,,
4010,3.0504,,,,,,,,
4011,2.7699,,,,,,,,
4012,2.9106,,,,,,,,
4013,2.8323,,,,,,,,
4014,2.9069,,,,,,,,
4015,2.8534,,,,,,,,
4016,2.9205,,,,,,,,
4017,2.8641,,,,,,,,
4018,2.6581,,,,,,,,
4019,2.9847,,,,,,,,
4020,2.9734,,,,,,,,
4021,2.9038,,,,,,,,
4022,2.7886,,,,,,,,
4023,2.7852,,,,,,,,
4024,2.9421,,,,,,,,
4025,3.2391,,,,,,,,
4026,2.6328,,,,,,,,
4027,3.5517,,,,,,,,
4028,3.0902,,,,,,,,
4029,2.8971,,,,,,,,
4030,2.9042,,,,,,,,
4031,2.7783,,,,,,,,
4032,3.0949,,,,,,,,
4033,2.8128,,,,,,,,
4034,2.8827,,,,,,,,
4035,2.8807,,,,,,,,
4036,2.9233,,,,,,,,
4037,3.23,,,,,,,,
4038,3.0208,,,,,,,,
4039,2.8639,,,,,,,,
4040,2.9123,,,,,,,,
4041,2.7478,,,,,,,,
4042,2.8755,,,,,,,,
4043,2.8432,,,,,,,,
4044,2.8366,,,,,,,,
4045,2.9489,,,,,,,,
4046,2.77,,,,,,,,
4047,2.8283,,,,,,,,
4048,2.9369,,,,,,,,
4049,2.9928,,,,,,,,
4050,3.0441,,,,,,,,
4051,2.8487,,,,,,,,
4052,2.7126,,,,,,,,
4053,2.9246,,,,,,,,
4054,2.8748,,,,,,,,
4055,2.7998,,,,,,,,
4056,2.7763,,,,,,,,
4057,2.7936,,,,,,,,
4058,2.8606,,,,,,,,
4059,2.8808,,,,,,,,
4060,2.8554,,,,,,,,
4061,2.8303,,,,,,,,
4062,2.8372,,,,,,,,
4063,2.881,,,,,,,,
4064,3.413,,,,,,,,
4065,2.9368,,,,,,,,
4066,2.9058,,,,,,,,
4067,2.8406,,,,,,,,
4068,2.8345,,,,,,,,
4069,3.4267,,,,,,,,
4070,3.5305,,,,,,,,
4071,3.0133,,,,,,,,
4072,2.8026,,,,,,,,
4073,2.8383,,,,,,,,
4074,2.987,,,,,,,,
4075,2.8535,,,,,,,,
4076,2.8281,,,,,,,,
4077,2.7287,,,,,,,,
4078,2.7779,,,,,,,,
4079,2.848,,,,,,,,
4080,2.8725,,,,,,,,
4081,2.8534,,,,,,,,
4082,2.7805,,,,,,,,
4083,2.7989,,,,,,,,
4084,2.888,,,,,,,,
4085,2.6782,,,,,,,,
4086,2.9786,,,,,,,,
4087,2.7926,,,,,,,,
4088,2.7881,,,,,,,,
4089,2.8701,,,,,,,,
4090,2.7472,,,,,,,,
4091,3.3041,,,,,,,,
4092,3.2639,,,,,,,,
4093,2.7915,,,,,,,,
4094,2.8734,,,,,,,,
4095,2.7457,,,,,,,,
4096,2.995,,,,,,,,
4097,3.0103,,,,,,,,
4098,2.7984,,,,,,,,
4099,2.7477,,,,,,,,
4100,2.759,,,,,,,,
4101,2.7011,,,,,,,,
4102,3.3027,,,,,,,,
4103,2.7577,,,,,,,,
4104,2.9044,,,,,,,,
4105,2.7447,,,,,,,,
4106,2.8629,,,,,,,,
4107,2.9494,,,,,,,,
4108,3.1668,,,,,,,,
4109,2.7771,,,,,,,,
4110,2.7446,,,,,,,,
4111,2.7478,,,,,,,,
4112,2.9035,,,,,,,,
4113,2.9628,,,,,,,,
4114,2.8256,,,,,,,,
4115,2.7395,,,,,,,,
4116,2.7003,,,,,,,,
4117,2.7869,,,,,,,,
4118,3.0278,,,,,,,,
4119,2.9162,,,,,,,,
4120,2.83,,,,,,,,
4121,2.7312,,,,,,,,
4122,2.8484,,,,,,,,
4123,2.8256,,,,,,,,
4124,3.6721,,,,,,,,
4125,2.7574,,,,,,,,
4126,2.7491,,,,,,,,
4127,2.7795,,,,,,,,
4128,2.9226,,,,,,,,
4129,2.9633,,,,,,,,
4130,3.6205,,,,,,,,
4131,2.9292,,,,,,,,
4132,2.6406,,,,,,,,
4133,2.9333,,,,,,,,
4134,2.7156,,,,,,,,
4135,3.1562,,,,,,,,
4136,2.7112,,,,,,,,
4137,2.8984,,,,,,,,
4138,2.9048,,,,,,,,
4139,2.6683,,,,,,,,
4140,2.905,,,,,,,,
4141,2.7706,,,,,,,,
4142,2.9589,,,,,,,,
4143,2.9924,,,,,,,,
4144,2.7484,,,,,,,,
4145,2.7667,,,,,,,,
4146,2.8848,,,,,,,,
4147,2.8612,,,,,,,,
4148,2.8555,,,,,,,,
4149,2.7997,,,,,,,,
4150,2.8004,,,,,,,,
4151,2.9108,,,,,,,,
4152,2.8561,,,,,,,,
4153,2.8277,,,,,,,,
4154,2.9202,,,,,,,,
4155,2.8831,,,,,,,,
4156,2.847,,,,,,,,
4157,3.5881,,,,,,,,
4158,3.0328,,,,,,,,
4159,2.7264,,,,,,,,
4160,2.7111,,,,,,,,
4161,2.7099,,,,,,,,
4162,2.9372,,,,,,,,
4163,2.7243,,,,,,,,
4164,2.8051,,,,,,,,
4165,2.8261,,,,,,,,
4166,2.6847,,,,,,,,
4167,3.1717,,,,,,,,
4168,2.9877,,,,,,,,
4169,2.9514,,,,,,,,
4170,2.9409,,,,,,,,
4171,2.9381,,,,,,,,
4172,3.0495,,,,,,,,
4173,3.0896,,,,,,,,
4174,2.7638,,,,,,,,
4175,2.9351,,,,,,,,
4176,2.9405,,,,,,,,
4177,2.9348,,,,,,,,
4178,3.0276,,,,,,,,
4179,2.7997,,,,,,,,
4180,2.9409,,,,,,,,
4181,2.8586,,,,,,,,
4182,2.705,,,,,,,,
4183,3.187,,,,,,,,
4184,3.1508,,,,,,,,
4185,2.8604,,,,,,,,
4186,2.9825,,,,,,,,
4187,2.8582,,,,,,,,
4188,3.2285,,,,,,,,
4189,3.0982,,,,,,,,
4190,2.7813,,,,,,,,
4191,2.7817,,,,,,,,
4192,2.9057,,,,,,,,
4193,3.0212,,,,,,,,
4194,4.0035,,,,,,,,
4195,3.0276,,,,,,,,
4196,2.8507,,,,,,,,
4197,2.8625,,,,,,,,
4198,2.8901,,,,,,,,
4199,3.0754,,,,,,,,
4200,2.9215,,,,,,,,
4201,2.8625,,,,,,,,
4202,2.8322,,,,,,,,
4203,2.6741,,,,,,,,
4204,2.8597,,,,,,,,
4205,2.9463,,,,,,,,
4206,2.7876,,,,,,,,
4207,2.8496,,,,,,,,
4208,2.7623,,,,,,,,
4209,2.8656,,,,,,,,
4210,2.8584,,,,,,,,
4211,2.8969,,,,,,,,
4212,2.7963,,,,,,,,
4213,2.4871,,,,,,,,
4214,2.7325,,,,,,,,
4215,2.93,,,,,,,,
4216,2.8132,,,,,,,,
4217,2.7252,,,,,,,,
4218,2.6074,,,,,,,,
4219,2.7727,,,,,,,,
4220,2.7419,,,,,,,,
4221,2.7589,,,,,,,,
4222,2.7559,,,,,,,,
4223,2.7937,,,,,,,,
4224,2.8682,,,,,,,,
4225,2.7367,,,,,,,,
4226,2.8094,,,,,,,,
4227,2.7324,,,,,,,,
4228,2.7531,,,,,,,,
4229,2.7224,,,,,,,,
4230,2.6858,,,,,,,,
4231,2.7586,,,,,,,,
4232,2.8653,,,,,,,,
4233,2.7242,,,,,,,,
4234,2.7069,,,,,,,,
4235,2.8186,,,,,,,,
4236,2.8062,,,,,,,,
4237,3.1197,,,,,,,,
4238,3.1415,,,,,,,,
4239,2.7482,,,,,,,,
4240,2.7627,,,,,,,,
4241,2.8791,,,,,,,,
4242,2.8146,,,,,,,,
4243,2.8829,,,,,,,,
4244,2.6761,,,,,,,,
4245,2.7542,,,,,,,,
4246,2.7766,,,,,,,,
4247,2.7326,,,,,,,,
4248,3.0351,,,,,,,,
4249,3.2331,,,,,,,,
4250,2.9308,,,,,,,,
4251,2.6742,,,,,,,,
4252,2.6128,,,,,,,,
4253,2.9649,,,,,,,,
4254,3.1911,,,,,,,,
4255,2.7,,,,,,,,
4256,2.7412,,,,,,,,
4257,2.7192,,,,,,,,
4258,2.8252,,,,,,,,
4259,3.1665,,,,,,,,
4260,2.8302,,,,,,,,
4261,2.9212,,,,,,,,
4262,2.7117,,,,,,,,
4263,2.7124,,,,,,,,
4264,3.3135,,,,,,,,
4265,3.0493,,,,,,,,
4266,2.7905,,,,,,,,
4267,2.6634,,,,,,,,
4268,2.8174,,,,,,,,
4269,3.3708,,,,,,,,
4270,3.0842,,,,,,,,
4271,2.9078,,,,,,,,
4272,2.9059,,,,,,,,
4273,2.8426,,,,,,,,
4274,2.9935,,,,,,,,
4275,2.7823,,,,,,,,
4276,2.6279,,,,,,,,
4277,2.7923,,,,,,,,
4278,2.7385,,,,,,,,
4279,2.837,,,,,,,,
4280,3.1031,,,,,,,,
4281,3.2935,,,,,,,,
4282,2.9142,,,,,,,,
4283,2.7623,,,,,,,,
4284,2.8516,,,,,,,,
4285,2.5976,,,,,,,,
4286,3.3723,,,,,,,,
4287,2.8003,,,,,,,,
4288,2.7458,,,,,,,,
4289,2.8532,,,,,,,,
4290,2.5972,,,,,,,,
4291,2.9443,,,,,,,,
4292,2.9907,,,,,,,,
4293,2.8113,,,,,,,,
4294,2.7479,,,,,,,,
4295,2.7063,,,,,,,,
4296,2.6553,,,,,,,,
4297,2.7733,,,,,,,,
4298,2.7013,,,,,,,,
4299,2.7396,,,,,,,,
4300,2.7254,,,,,,,,
4301,2.6135,,,,,,,,
4302,2.7514,,,,,,,,
4303,3.0147,,,,,,,,
4304,2.7403,,,,,,,,
4305,2.5701,,,,,,,,
4306,2.7711,,,,,,,,
4307,2.74,,,,,,,,
4308,3.2425,,,,,,,,
4309,3.0788,,,,,,,,
4310,2.74,,,,,,,,
4311,2.7798,,,,,,,,
4312,2.7484,,,,,,,,
4313,2.7709,,,,,,,,
4314,3.4163,,,,,,,,
4315,2.7737,,,,,,,,
4316,2.8287,,,,,,,,
4317,2.6327,,,,,,,,
4318,2.8269,,,,,,,,
4319,2.7337,,,,,,,,
4320,2.6694,,,,,,,,
4321,2.4924,,,,,,,,
4322,2.7461,,,,,,,,
4323,2.7639,,,,,,,,
4324,2.758,,,,,,,,
4325,3.2054,,,,,,,,
4326,2.9424,,,,,,,,
4327,2.8004,,,,,,,,
4328,2.654,,,,,,,,
4329,2.7692,,,,,,,,
4330,2.9225,,,,,,,,
4331,3.0653,,,,,,,,
4332,2.7383,,,,,,,,
4333,2.8304,,,,,,,,
4334,2.7204,,,,,,,,
4335,2.551,,,,,,,,
4336,3.1627,,,,,,,,
4337,2.7878,,,,,,,,
4338,2.9452,,,,,,,,
4339,2.7574,,,,,,,,
4340,2.5287,,,,,,,,
4341,2.9111,,,,,,,,
4342,2.9381,,,,,,,,
4343,2.8192,,,,,,,,
4344,2.749,,,,,,,,
4345,2.6607,,,,,,,,
4346,2.6431,,,,,,,,
4347,2.8551,,,,,,,,
4348,2.7324,,,,,,,,
4349,2.7185,,,,,,,,
4350,2.7044,,,,,,,,
4351,2.7257,,,,,,,,
4352,2.7418,,,,,,,,
4353,2.8817,,,,,,,,
4354,2.7508,,,,,,,,
4355,2.6314,,,,,,,,
4356,2.6844,,,,,,,,
4357,2.6806,,,,,,,,
4358,2.9662,,,,,,,,
4359,2.9282,,,,,,,,
4360,2.5565,,,,,,,,
4361,2.6658,,,,,,,,
4362,2.6589,,,,,,,,
4363,2.7394,,,,,,,,
4364,2.9505,,,,,,,,
4365,2.8207,,,,,,,,
4366,2.785,,,,,,,,
4367,2.5535,,,,,,,,
4368,2.8429,,,,,,,,
4369,2.8066,,,,,,,,
4370,3.3393,,,,,,,,
4371,2.6713,,,,,,,,
4372,2.8035,,,,,,,,
4373,2.9878,,,,,,,,
4374,3.1222,,,,,,,,
4375,3.701,,,,,,,,
4376,2.8555,,,,,,,,
4377,2.8478,,,,,,,,
4378,2.8854,,,,,,,,
4379,2.8367,,,,,,,,
4380,3.1579,,,,,,,,
4381,2.8443,,,,,,,,
4382,2.8596,,,,,,,,
4383,2.8356,,,,,,,,
4384,2.8996,,,,,,,,
4385,2.6197,,,,,,,,
4386,3.6651,,,,,,,,
4387,2.9062,,,,,,,,
4388,2.7916,,,,,,,,
4389,2.7858,,,,,,,,
4390,2.6912,,,,,,,,
4391,3.5875,,,,,,,,
4392,2.9609,,,,,,,,
4393,2.8582,,,,,,,,
4394,2.8035,,,,,,,,
4395,2.7495,,,,,,,,
4396,2.8322,,,,,,,,
4397,2.7579,,,,,,,,
4398,2.8161,,,,,,,,
4399,2.7203,,,,,,,,
4400,2.6245,,,,,,,,
4401,2.7525,,,,,,,,
4402,3.3243,,,,,,,,
4403,2.876,,,,,,,,
4404,2.7057,,,,,,,,
4405,2.8008,,,,,,,,
4406,2.6353,,,,,,,,
4407,3.1059,,,,,,,,
4408,3.1278,,,,,,,,
4409,2.7716,,,,,,,,
4410,2.6231,,,,,,,,
4411,2.8066,,,,,,,,
4412,2.7588,,,,,,,,
4413,3.2216,,,,,,,,
4414,2.7052,,,,,,,,
4415,2.6889,,,,,,,,
4416,2.7909,,,,,,,,
4417,2.8044,,,,,,,,
4418,2.8666,,,,,,,,
4419,2.9863,,,,,,,,
4420,2.7874,,,,,,,,
4421,2.8237,,,,,,,,
4422,2.7701,,,,,,,,
4423,2.6669,,,,,,,,
4424,3.2607,,,,,,,,
4425,2.7337,,,,,,,,
4426,2.7761,,,,,,,,
4427,2.8033,,,,,,,,
4428,2.7865,,,,,,,,
4429,2.7971,,,,,,,,
4430,2.8396,,,,,,,,
4431,3.1585,,,,,,,,
4432,3.04,,,,,,,,
4433,2.7516,,,,,,,,
4434,2.8511,,,,,,,,
4435,2.8942,,,,,,,,
4436,2.7033,,,,,,,,
4437,2.8427,,,,,,,,
4438,2.7727,,,,,,,,
4439,2.803,,,,,,,,
4440,2.5529,,,,,,,,
4441,2.8783,,,,,,,,
4442,2.5965,,,,,,,,
4443,2.7712,,,,,,,,
4444,2.7029,,,,,,,,
4445,2.6397,,,,,,,,
4446,2.5601,,,,,,,,
4447,2.7106,,,,,,,,
4448,2.6669,,,,,,,,
4449,2.6652,,,,,,,,
4450,2.7553,,,,,,,,
4451,2.5981,,,,,,,,
4452,2.6822,,,,,,,,
4453,2.6602,,,,,,,,
4454,2.6734,,,,,,,,
4455,2.7566,,,,,,,,
4456,2.7481,,,,,,,,
4457,2.5738,,,,,,,,
4458,3.1889,,,,,,,,
4459,3.2297,,,,,,,,
4460,2.8135,,,,,,,,
4461,2.7458,,,,,,,,
4462,2.7268,,,,,,,,
4463,3.1369,,,,,,,,
4464,3.0977,,,,,,,,
4465,3.4375,,,,,,,,
4466,3.0848,,,,,,,,
4467,2.6545,,,,,,,,
4468,2.9366,,,,,,,,
4469,2.8091,,,,,,,,
4470,2.9417,,,,,,,,
4471,2.9488,,,,,,,,
4472,2.6536,,,,,,,,
4473,2.7518,,,,,,,,
4474,2.9481,,,,,,,,
4475,2.9147,,,,,,,,
4476,2.8593,,,,,,,,
4477,2.7771,,,,,,,,
4478,2.7657,,,,,,,,
4479,3.3475,,,,,,,,
4480,3.6564,,,,,,,,
4481,3.314,,,,,,,,
4482,2.9654,,,,,,,,
4483,2.8705,,,,,,,,
4484,3.3234,,,,,,,,
4485,3.1223,,,,,,,,
4486,3.113,,,,,,,,
4487,2.7046,,,,,,,,
4488,2.7274,,,,,,,,
4489,3.0527,,,,,,,,
4490,3.177,,,,,,,,
4491,2.9549,,,,,,,,
4492,2.7189,,,,,,,,
4493,2.8334,,,,,,,,
4494,2.8989,,,,,,,,
4495,2.9402,,,,,,,,
4496,2.7177,,,,,,,,
4497,2.6941,,,,,,,,
4498,2.8287,,,,,,,,
4499,2.9104,,,,,,,,
4500,3.3446,,,,,,,,
4501,2.97,,,,,,,,
4502,2.7925,,,,,,,,
4503,2.8627,,,,,,,,
4504,2.8539,,,,,,,,
4505,3.0061,,,,,,,,
4506,2.9071,,,,,,,,
4507,2.8418,,,,,,,,
4508,2.6954,,,,,,,,
4509,2.6673,,,,,,,,
4510,2.8124,,,,,,,,
4511,2.6536,,,,,,,,
4512,2.7203,,,,,,,,
4513,2.6359,,,,,,,,
4514,2.788,,,,,,,,
4515,2.6902,,,,,,,,
4516,2.7617,,,,,,,,
4517,2.672,,,,,,,,
4518,2.5733,,,,,,,,
4519,2.7004,,,,,,,,
4520,2.6119,,,,,,,,
4521,2.7394,,,,,,,,
4522,2.764,,,,,,,,
4523,2.6708,,,,,,,,
4524,2.6895,,,,,,,,
4525,2.5882,,,,,,,,
4526,2.7254,,,,,,,,
4527,2.602,,,,,,,,
4528,2.6551,,,,,,,,
4529,2.5512,,,,,,,,
4530,2.6734,,,,,,,,
4531,2.8277,,,,,,,,
4532,2.7012,,,,,,,,
4533,2.7976,,,,,,,,
4534,2.6688,,,,,,,,
4535,2.8261,,,,,,,,
4536,2.7746,,,,,,,,
4537,2.7805,,,,,,,,
4538,2.6894,,,,,,,,
4539,3.0992,,,,,,,,
4540,2.8657,,,,,,,,
4541,2.7351,,,,,,,,
4542,2.7927,,,,,,,,
4543,2.716,,,,,,,,
4544,2.9024,,,,,,,,
4545,2.8038,,,,,,,,
4546,2.6683,,,,,,,,
4547,2.7661,,,,,,,,
4548,2.7768,,,,,,,,
4549,2.9262,,,,,,,,
4550,2.9362,,,,,,,,
4551,2.8131,,,,,,,,
4552,2.7537,,,,,,,,
4553,2.5411,,,,,,,,
4554,2.804,,,,,,,,
4555,2.8028,,,,,,,,
4556,2.8169,,,,,,,,
4557,2.899,,,,,,,,
4558,2.6117,,,,,,,,
4559,2.7335,,,,,,,,
4560,2.7216,,,,,,,,
4561,2.9065,,,,,,,,
4562,2.9251,,,,,,,,
4563,2.7794,,,,,,,,
4564,2.7882,,,,,,,,
4565,2.683,,,,,,,,
4566,2.8831,,,,,,,,
4567,3.0129,,,,,,,,
4568,3.4303,,,,,,,,
4569,2.6408,,,,,,,,
4570,2.805,,,,,,,,
4571,2.8842,,,,,,,,
4572,3.2938,,,,,,,,
4573,2.7303,,,,,,,,
4574,2.6991,,,,,,,,
4575,2.8205,,,,,,,,
4576,2.8366,,,,,,,,
4577,3.0286,,,,,,,,
4578,3.157,,,,,,,,
4579,2.7362,,,,,,,,
4580,2.9076,,,,,,,,
4581,2.8573,,,,,,,,
4582,2.8853,,,,,,,,
4583,3.8859,,,,,,,,
4584,3.9993,,,,,,,,
4585,4.0627,,,,,,,,
4586,3.8153,,,,,,,,
4587,3.1355,,,,,,,,
4588,2.7442,,,,,,,,
4589,2.7871,,,,,,,,
4590,2.8724,,,,,,,,
4591,2.8198,,,,,,,,
4592,3.0749,,,,,,,,
4593,3.1458,,,,,,,,
4594,2.7593,,,,,,,,
4595,2.8422,,,,,,,,
4596,2.6121,,,,,,,,
4597,2.9868,,,,,,,,
4598,3.1053,,,,,,,,
4599,2.8331,,,,,,,,
4600,2.8348,,,,,,,,
4601,2.7478,,,,,,,,
4602,2.7452,,,,,,,,
4603,2.8523,,,,,,,,
4604,2.8108,,,,,,,,
4605,2.7669,,,,,,,,
4606,2.7199,,,,,,,,
4607,2.7922,,,,,,,,
4608,2.7776,,,,,,,,
4609,2.9636,,,,,,,,
4610,2.8584,,,,,,,,
4611,2.6581,,,,,,,,
4612,2.7987,,,,,,,,
4613,2.8245,,,,,,,,
4614,2.9094,,,,,,,,
4615,2.5408,,,,,,,,
4616,2.7441,,,,,,,,
4617,2.8236,,,,,,,,
4618,2.8212,,,,,,,,
4619,2.7375,,,,,,,,
4620,3.0656,,,,,,,,
4621,2.8673,,,,,,,,
4622,2.6062,,,,,,,,
4623,2.7643,,,,,,,,
4624,2.8069,,,,,,,,
4625,2.9966,,,,,,,,
4626,3.153,,,,,,,,
4627,2.6685,,,,,,,,
4628,2.7618,,,,,,,,
4629,2.7628,,,,,,,,
4630,2.7045,,,,,,,,
4631,2.8217,,,,,,,,
4632,2.6402,,,,,,,,
4633,2.6711,,,,,,,,
4634,2.8506,,,,,,,,
4635,2.7657,,,,,,,,
4636,3.2595,,,,,,,,
4637,2.905,,,,,,,,
4638,2.8461,,,,,,,,
4639,2.744,,,,,,,,
4640,2.7914,,,,,,,,
4641,3.0132,,,,,,,,
4642,2.5724,,,,,,,,
4643,2.6925,,,,,,,,
4644,2.7016,,,,,,,,
4645,2.6996,,,,,,,,
4646,2.7369,,,,,,,,
4647,3.1073,,,,,,,,
4648,2.7609,,,,,,,,
4649,2.7244,,,,,,,,
4650,2.7741,,,,,,,,
4651,2.7905,,,,,,,,
4652,2.8065,,,,,,,,
4653,3.3448,,,,,,,,
4654,2.6726,,,,,,,,
4655,2.7993,,,,,,,,
4656,2.9065,,,,,,,,
4657,2.7614,,,,,,,,
4658,2.9717,,,,,,,,
4659,2.669,,,,,,,,
4660,2.676,,,,,,,,
4661,2.7496,,,,,,,,
4662,2.7023,,,,,,,,
4663,2.8119,,,,,,,,
4664,3.3727,,,,,,,,
4665,2.6553,,,,,,,,
4666,2.7832,,,,,,,,
4667,2.7798,,,,,,,,
4668,2.7991,,,,,,,,
4669,2.9506,,,,,,,,
4670,2.6989,,,,,,,,
4671,3.2007,,,,,,,,
4672,3.0042,,,,,,,,
4673,2.7865,,,,,,,,
4674,2.7962,,,,,,,,
4675,2.9731,,,,,,,,
4676,2.727,,,,,,,,
4677,2.6912,,,,,,,,
4678,2.8351,,,,,,,,
4679,2.7316,,,,,,,,
4680,2.8337,,,,,,,,
4681,2.6919,,,,,,,,
4682,2.8098,,,,,,,,
4683,2.7578,,,,,,,,
4684,2.6913,,,,,,,,
4685,2.7338,,,,,,,,
4686,3.3196,,,,,,,,
4687,2.9679,,,,,,,,
4688,2.8068,,,,,,,,
4689,2.8284,,,,,,,,
4690,2.7792,,,,,,,,
4691,2.9329,,,,,,,,
4692,2.8656,,,,,,,,
4693,2.9041,,,,,,,,
4694,2.7957,,,,,,,,
4695,2.7729,,,,,,,,
4696,2.7935,,,,,,,,
4697,2.9386,,,,,,,,
4698,2.8744,,,,,,,,
4699,2.6711,,,,,,,,
4700,2.822,,,,,,,,
4701,2.7469,,,,,,,,
4702,2.7889,,,,,,,,
4703,2.804,,,,,,,,
4704,2.67,,,,,,,,
4705,2.8275,,,,,,,,
4706,2.6939,,,,,,,,
4707,2.7756,,,,,,,,
4708,2.6281,,,,,,,,
4709,2.7518,,,,,,,,
4710,2.8363,,,,,,,,
4711,2.7325,,,,,,,,
4712,2.9258,,,,,,,,
4713,2.6982,,,,,,,,
4714,2.8968,,,,,,,,
4715,2.76,,,,,,,,
4716,2.6561,,,,,,,,
4717,2.7848,,,,,,,,
4718,2.7243,,,,,,,,
4719,2.866,,,,,,,,
4720,2.818,,,,,,,,
4721,2.6906,,,,,,,,
4722,2.8128,,,,,,,,
4723,2.7551,,,,,,,,
4724,2.9047,,,,,,,,
4725,3.0568,,,,,,,,
4726,2.6086,,,,,,,,
4727,2.7166,,,,,,,,
4728,2.8355,,,,,,,,
4729,2.849,,,,,,,,
4730,2.7785,,,,,,,,
4731,3.0337,,,,,,,,
4732,2.5505,,,,,,,,
4733,2.8787,,,,,,,,
4734,2.9303,,,,,,,,
4735,2.7799,,,,,,,,
4736,2.9815,,,,,,,,
4737,2.5662,,,,,,,,
4738,2.7113,,,,,,,,
4739,2.8472,,,,,,,,
4740,2.7713,,,,,,,,
4741,2.7877,,,,,,,,
4742,2.695,,,,,,,,
4743,2.7719,,,,,,,,
4744,2.7914,,,,,,,,
4745,2.7427,,,,,,,,
4746,2.8244,,,,,,,,
4747,3.2357,,,,,,,,
4748,3.0958,,,,,,,,
4749,2.8676,,,,,,,,
4750,2.9192,,,,,,,,
4751,2.8547,,,,,,,,
4752,2.5122,,,,,,,,
4753,2.9377,,,,,,,,
4754,2.7913,,,,,,,,
4755,2.8001,,,,,,,,
4756,2.9237,,,,,,,,
4757,2.5269,,,,,,,,
4758,3.3324,,,,,,,,
4759,3.0331,,,,,,,,
4760,2.7745,,,,,,,,
4761,2.938,,,,,,,,
4762,2.7191,,,,,,,,
4763,2.8116,,,,,,,,
4764,3.4009,,,,,,,,
4765,2.9498,,,,,,,,
4766,2.9104,,,,,,,,
4767,2.7635,,,,,,,,
4768,2.8072,,,,,,,,
4769,3.4292,,,,,,,,
4770,3.0178,,,,,,,,
4771,2.8633,,,,,,,,
4772,2.7219,,,,,,,,
4773,2.7389,,,,,,,,
4774,2.9869,,,,,,,,
4775,2.7066,,,,,,,,
4776,2.7549,,,,,,,,
4777,2.6916,,,,,,,,
4778,2.9143,,,,,,,,
4779,2.8693,,,,,,,,
4780,2.9503,,,,,,,,
4781,2.8605,,,,,,,,
4782,2.5079,,,,,,,,
4783,2.6815,,,,,,,,
4784,2.6699,,,,,,,,
4785,3.0365,,,,,,,,
4786,3.4449,,,,,,,,
4787,2.8551,,,,,,,,
4788,2.8182,,,,,,,,
4789,2.8534,,,,,,,,
4790,3.207,,,,,,,,
4791,3.238,,,,,,,,
4792,2.8982,,,,,,,,
4793,2.906,,,,,,,,
4794,2.7302,,,,,,,,
4795,2.8044,,,,,,,,
4796,3.2203,,,,,,,,
4797,2.7843,,,,,,,,
4798,3.0504,,,,,,,,
4799,2.7595,,,,,,,,
4800,2.843,,,,,,,,
4801,2.8124,,,,,,,,
4802,2.8844,,,,,,,,
4803,2.8203,,,,,,,,
4804,2.6965,,,,,,,,
4805,2.767,,,,,,,,
4806,2.8849,,,,,,,,
4807,2.9272,,,,,,,,
4808,2.884,,,,,,,,
4809,2.7332,,,,,,,,
4810,2.7045,,,,,,,,
4811,2.8904,,,,,,,,
4812,3.0087,,,,,,,,
4813,2.7465,,,,,,,,
4814,2.7249,,,,,,,,
4815,2.8383,,,,,,,,
4816,2.9158,,,,,,,,
4817,2.8782,,,,,,,,
4818,2.9076,,,,,,,,
4819,2.7635,,,,,,,,
4820,2.7351,,,,,,,,
4821,2.7482,,,,,,,,
4822,2.7608,,,,,,,,
4823,2.9337,,,,,,,,
4824,2.8476,,,,,,,,
4825,2.7349,,,,,,,,
4826,2.7644,,,,,,,,
4827,2.8132,,,,,,,,
4828,2.8004,,,,,,,,
4829,3.033,,,,,,,,
4830,2.8505,,,,,,,,
4831,2.7576,,,,,,,,
4832,2.7822,,,,,,,,
4833,2.894,,,,,,,,
4834,3.0997,,,,,,,,
4835,3.3492,,,,,,,,
4836,2.7014,,,,,,,,
4837,2.7661,,,,,,,,
4838,2.8098,,,,,,,,
4839,2.889,,,,,,,,
4840,3.4828,,,,,,,,
4841,2.7182,,,,,,,,
4842,2.7971,,,,,,,,
4843,2.8058,,,,,,,,
4844,2.7661,,,,,,,,
4845,2.9329,,,,,,,,
4846,3.2055,,,,,,,,
4847,2.8395,,,,,,,,
4848,2.7862,,,,,,,,
4849,2.8535,,,,,,,,
4850,2.8626,,,,,,,,
4851,3.4842,,,,,,,,
4852,2.7129,,,,,,,,
4853,2.8259,,,,,,,,
4854,2.8698,,,,,,,,
4855,2.862,,,,,,,,
4856,2.9223,,,,,,,,
4857,2.7547,,,,,,,,
4858,2.7537,,,,,,,,
4859,2.7125,,,,,,,,
4860,2.741,,,,,,,,
4861,2.8629,,,,,,,,
4862,3.2709,,,,,,,,
4863,2.7791,,,,,,,,
4864,2.7441,,,,,,,,
4865,2.8511,,,,,,,,
4866,2.8052,,,,,,,,
4867,2.9853,,,,,,,,
4868,2.7387,,,,,,,,
4869,2.7633,,,,,,,,
4870,2.7563,,,,,,,,
4871,2.7736,,,,,,,,
4872,2.7874,,,,,,,,
4873,2.8459,,,,,,,,
4874,2.7439,,,,,,,,
4875,2.7233,,,,,,,,
4876,2.7307,,,,,,,,
4877,2.7587,,,,,,,,
4878,2.9918,,,,,,,,
4879,2.7818,,,,,,,,
4880,2.6571,,,,,,,,
4881,2.7329,,,,,,,,
4882,2.5881,,,,,,,,
4883,2.7736,,,,,,,,
4884,3.2112,,,,,,,,
4885,3.2384,,,,,,,,
4886,2.8913,,,,,,,,
4887,2.5949,,,,,,,,
4888,2.8209,,,,,,,,
4889,2.8057,,,,,,,,
4890,3.2789,,,,,,,,
4891,2.7258,,,,,,,,
4892,2.6971,,,,,,,,
4893,2.6923,,,,,,,,
4894,2.7912,,,,,,,,
4895,2.9494,,,,,,,,
4896,2.8398,,,,,,,,
4897,2.7099,,,,,,,,
4898,2.6918,,,,,,,,
4899,2.8239,,,,,,,,
4900,2.9532,,,,,,,,
4901,3.3697,,,,,,,,
4902,2.5452,,,,,,,,
4903,2.7443,,,,,,,,
4904,2.8116,,,,,,,,
4905,2.7996,,,,,,,,
4906,3.151,,,,,,,,
4907,2.6092,,,,,,,,
4908,3.0419,,,,,,,,
4909,2.8426,,,,,,,,
4910,2.7794,,,,,,,,
4911,2.9558,,,,,,,,
4912,2.7639,,,,,,,,
4913,2.7743,,,,,,,,
4914,2.8074,,,,,,,,
4915,2.6386,,,,,,,,
4916,2.8665,,,,,,,,
4917,2.9513,,,,,,,,
4918,2.8226,,,,,,,,
4919,2.7355,,,,,,,,
4920,2.7513,,,,,,,,
4921,2.8426,,,,,,,,
4922,2.7163,,,,,,,,
4923,2.9489,,,,,,,,
4924,2.6679,,,,,,,,
4925,2.6344,,,,,,,,
4926,2.7024,,,,,,,,
4927,2.9715,,,,,,,,
4928,2.847,,,,,,,,
4929,2.8144,,,,,,,,
4930,2.7793,,,,,,,,
4931,2.5553,,,,,,,,
4932,2.688,,,,,,,,
4933,2.865,,,,,,,,
4934,2.7577,,,,,,,,
4935,2.9261,,,,,,,,
4936,2.6435,,,,,,,,
4937,2.7626,,,,,,,,
4938,2.7144,,,,,,,,
4939,2.7593,,,,,,,,
4940,3.2435,,,,,,,,
4941,2.9159,,,,,,,,
4942,2.6563,,,,,,,,
4943,2.8443,,,,,,,,
4944,2.7445,,,,,,,,
4945,2.8219,,,,,,,,
4946,3.0905,,,,,,,,
4947,2.7258,,,,,,,,
4948,2.7592,,,,,,,,
4949,2.8642,,,,,,,,
4950,2.8082,,,,,,,,
4951,3.2525,,,,,,,,
4952,2.6499,,,,,,,,
4953,2.7545,,,,,,,,
4954,2.837,,,,,,,,
4955,2.8015,,,,,,,,
4956,2.9845,,,,,,,,
4957,2.6539,,,,,,,,
4958,2.7683,,,,,,,,
4959,2.8325,,,,,,,,
4960,2.8794,,,,,,,,
4961,2.8095,,,,,,,,
4962,3.6577,,,,,,,,
4963,2.7366,,,,,,,,
4964,2.7474,,,,,,,,
4965,2.8826,,,,,,,,
4966,2.7509,,,,,,,,
4967,2.8504,,,,,,,,
4968,2.7922,,,,,,,,
4969,2.8432,,,,,,,,
4970,2.8734,,,,,,,,
4971,2.7447,,,,,,,,
4972,2.8706,,,,,,,,
4973,2.7568,,,,,,,,
4974,2.842,,,,,,,,
4975,2.8641,,,,,,,,
4976,2.7927,,,,,,,,
4977,2.7033,,,,,,,,
4978,3.0347,,,,,,,,
4979,2.9482,,,,,,,,
4980,2.8584,,,,,,,,
4981,2.7618,,,,,,,,
4982,2.596,,,,,,,,
4983,2.5602,,,,,,,,
4984,2.8467,,,,,,,,
4985,2.7321,,,,,,,,
4986,2.7453,,,,,,,,
4987,2.7407,,,,,,,,
4988,2.9367,,,,,,,,
4989,3.0553,,,,,,,,
4990,2.7345,,,,,,,,
4991,2.7303,,,,,,,,
4992,2.8215,,,,,,,,
4993,2.7431,,,,,,,,
4994,2.7787,,,,,,,,
4995,2.7806,,,,,,,,
4996,2.8265,,,,,,,,
4997,2.8274,,,,,,,,
4998,2.8467,,,,,,,,
4999,2.7493,,,,,,,,
5000,2.934,,,,,,,,
5001,2.8199,,,,,,,,
5002,2.9775,,,,,,,,
5003,2.9013,,,,,,,,
5004,2.8212,,,,,,,,
5005,2.7772,,,,,,,,
5006,3.7909,,,,,,,,
5007,3.9096,,,,,,,,
5008,2.9274,,,,,,,,
5009,2.6926,,,,,,,,
5010,2.8189,,,,,,,,
5011,3.2567,,,,,,,,
5012,2.7116,,,,,,,,
5013,2.7124,,,,,,,,
5014,2.7877,,,,,,,,
5015,2.8312,,,,,,,,
5016,2.8109,,,,,,,,
5017,2.7813,,,,,,,,
5018,2.7399,,,,,,,,
5019,2.7262,,,,,,,,
5020,2.8286,,,,,,,,
5021,2.7099,,,,,,,,
5022,2.8477,,,,,,,,
5023,2.7789,,,,,,,,
5024,2.7887,,,,,,,,
5025,2.8054,,,,,,,,
5026,2.7779,,,,,,,,
5027,2.9571,,,,,,,,
5028,2.7137,,,,,,,,
5029,2.8323,,,,,,,,
5030,2.8245,,,,,,,,
5031,2.7461,,,,,,,,
5032,2.7406,,,,,,,,
5033,2.8325,,,,,,,,
5034,3.4386,,,,,,,,
5035,2.9414,,,,,,,,
5036,2.7442,,,,,,,,
5037,2.8204,,,,,,,,
5038,2.9192,,,,,,,,
5039,2.8909,,,,,,,,
5040,2.7751,,,,,,,,
5041,2.5922,,,,,,,,
5042,2.7629,,,,,,,,
5043,2.7309,,,,,,,,
5044,2.84,,,,,,,,
5045,2.853,,,,,,,,
5046,2.6626,,,,,,,,
5047,2.7978,,,,,,,,
5048,2.7477,,,,,,,,
5049,3.4431,,,,,,,,
5050,3.2741,,,,,,,,
5051,2.8596,,,,,,,,
5052,2.71,,,,,,,,
5053,2.785,,,,,,,,
5054,2.9331,,,,,,,,
5055,3.1802,,,,,,,,
5056,3.4535,,,,,,,,
5057,2.7087,,,,,,,,
5058,2.7881,,,,,,,,
5059,2.8074,,,,,,,,
5060,2.994,,,,,,,,
5061,2.6895,,,,,,,,
5062,2.7594,,,,,,,,
5063,2.6762,,,,,,,,
5064,2.7538,,,,,,,,
5065,3.3022,,,,,,,,
5066,2.9674,,,,,,,,
5067,2.7477,,,,,,,,
5068,2.6772,,,,,,,,
5069,2.8074,,,,,,,,
5070,2.7828,,,,,,,,
5071,2.8335,,,,,,,,
5072,2.7841,,,,,,,,
5073,2.6088,,,,,,,,
5074,2.8016,,,,,,,,
5075,3.1998,,,,,,,,
5076,3.309,,,,,,,,
5077,2.8469,,,,,,,,
5078,2.7912,,,,,,,,
5079,2.8551,,,,,,,,
5080,2.7328,,,,,,,,
5081,2.9069,,,,,,,,
5082,2.8153,,,,,,,,
5083,2.6563,,,,,,,,
5084,2.6729,,,,,,,,
5085,2.7385,,,,,,,,
5086,2.765,,,,,,,,
5087,3.1327,,,,,,,,
5088,2.8293,,,,,,,,
5089,2.8188,,,,,,,,
5090,2.8014,,,,,,,,
5091,2.7441,,,,,,,,
5092,3.0553,,,,,,,,
5093,3.0151,,,,,,,,
5094,2.8948,,,,,,,,
5095,2.8263,,,,,,,,
5096,2.8161,,,,,,,,
5097,2.7094,,,,,,,,
5098,2.73,,,,,,,,
5099,2.7658,,,,,,,,
5100,2.7827,,,,,,,,
5101,2.8599,,,,,,,,
5102,2.6377,,,,,,,,
5103,2.9029,,,,,,,,
5104,2.9422,,,,,,,,
5105,2.7431,,,,,,,,
5106,2.904,,,,,,,,
5107,2.72,,,,,,,,
5108,2.838,,,,,,,,
5109,3.1215,,,,,,,,
5110,2.8843,,,,,,,,
5111,2.8454,,,,,,,,
5112,2.7141,,,,,,,,
5113,2.7277,,,,,,,,
5114,3.3131,,,,,,,,
5115,2.534,,,,,,,,
5116,2.824,,,,,,,,
5117,2.7886,,,,,,,,
5118,2.8574,,,,,,,,
5119,2.7384,,,,,,,,
5120,3.1485,,,,,,,,
5121,2.844,,,,,,,,
5122,2.7903,,,,,,,,
5123,2.7646,,,,,,,,
5124,2.712,,,,,,,,
5125,2.778,,,,,,,,
5126,2.8391,,,,,,,,
5127,2.7804,,,,,,,,
5128,2.8262,,,,,,,,
5129,2.7479,,,,,,,,
5130,2.8192,,,,,,,,
5131,2.9782,,,,,,,,
5132,2.6939,,,,,,,,
5133,2.9237,,,,,,,,
5134,2.8186,,,,,,,,
5135,2.729,,,,,,,,
5136,2.8739,,,,,,,,
5137,3.2272,,,,,,,,
5138,2.8007,,,,,,,,
5139,2.7485,,,,,,,,
5140,2.7091,,,,,,,,
5141,2.6586,,,,,,,,
5142,3.2081,,,,,,,,
5143,2.9792,,,,,,,,
5144,2.7533,,,,,,,,
5145,2.6816,,,,,,,,
5146,2.7047,,,,,,,,
5147,2.7036,,,,,,,,
5148,3.3806,,,,,,,,
5149,2.9168,,,,,,,,
5150,2.7966,,,,,,,,
5151,2.7674,,,,,,,,
5152,2.6115,,,,,,,,
5153,3.1517,,,,,,,,
5154,3.5384,,,,,,,,
5155,2.8134,,,,,,,,
5156,2.8797,,,,,,,,
5157,2.6648,,,,,,,,
5158,2.6937,,,,,,,,
5159,2.9251,,,,,,,,
5160,2.8415,,,,,,,,
5161,2.7541,,,,,,,,
5162,2.744,,,,,,,,
5163,2.7437,,,,,,,,
5164,2.9575,,,,,,,,
5165,3.673,,,,,,,,
5166,3.0519,,,,,,,,
5167,2.8435,,,,,,,,
5168,2.6283,,,,,,,,
5169,2.857,,,,,,,,
5170,3.0237,,,,,,,,
5171,3.2271,,,,,,,,
5172,2.7652,,,,,,,,
5173,2.5837,,,,,,,,
5174,2.7208,,,,,,,,
5175,3.5545,,,,,,,,
5176,2.7855,,,,,,,,
5177,2.7189,,,,,,,,
5178,2.7833,,,,,,,,
5179,2.8995,,,,,,,,
5180,2.944,,,,,,,,
5181,2.722,,,,,,,,
5182,2.6281,,,,,,,,
5183,2.4649,,,,,,,,
5184,2.6841,,,,,,,,
5185,2.6,,,,,,,,
5186,3.2422,,,,,,,,
5187,2.9886,,,,,,,,
5188,2.8787,,,,,,,,
5189,2.8058,,,,,,,,
5190,2.7336,,,,,,,,
5191,2.9303,,,,,,,,
5192,3.9865,,,,,,,,
5193,2.56,,,,,,,,
5194,2.7278,,,,,,,,
5195,2.7178,,,,,,,,
5196,2.8559,,,,,,,,
5197,2.8305,,,,,,,,
5198,2.6476,,,,,,,,
5199,2.7308,,,,,,,,
5200,2.7354,,,,,,,,
5201,2.6964,,,,,,,,
5202,2.9604,,,,,,,,
5203,2.7896,,,,,,,,
5204,2.7708,,,,,,,,
5205,2.6976,,,,,,,,
5206,2.7868,,,,,,,,
5207,2.9037,,,,,,,,
5208,3.2151,,,,,,,,
5209,2.8104,,,,,,,,
5210,2.861,,,,,,,,
5211,2.8499,,,,,,,,
5212,2.8146,,,,,,,,
5213,3.5584,,,,,,,,
5214,3.0454,,,,,,,,
5215,2.8664,,,,,,,,
5216,2.7978,,,,,,,,
5217,2.7602,,,,,,,,
5218,2.9632,,,,,,,,
5219,3.2427,,,,,,,,
5220,3.1684,,,,,,,,
5221,2.7707,,,,,,,,
5222,2.8057,,,,,,,,
5223,3.308,,,,,,,,
5224,3.3805,,,,,,,,
5225,2.9677,,,,,,,,
5226,2.8848,,,,,,,,
5227,2.6296,,,,,,,,
5228,3.2691,,,,,,,,
5229,3.4723,,,,,,,,
5230,2.8981,,,,,,,,
5231,2.876,,,,,,,,
5232,2.7113,,,,,,,,
5233,2.8397,,,,,,,,
5234,3.0076,,,,,,,,
5235,2.8286,,,,,,,,
5236,2.9385,,,,,,,,
5237,2.7487,,,,,,,,
5238,2.8336,,,,,,,,
5239,3.1931,,,,,,,,
5240,2.7612,,,,,,,,
5241,2.8975,,,,,,,,
5242,2.7779,,,,,,,,
5243,2.6438,,,,,,,,
5244,2.8735,,,,,,,,
5245,3.0777,,,,,,,,
5246,2.8873,,,,,,,,
5247,2.7161,,,,,,,,
5248,2.8391,,,,,,,,
5249,2.9419,,,,,,,,
5250,3.1634,,,,,,,,
5251,3.4309,,,,,,,,
5252,2.7908,,,,,,,,
5253,2.8855,,,,,,,,
5254,2.8391,,,,,,,,
5255,2.7576,,,,,,,,
5256,2.7506,,,,,,,,
5257,2.8002,,,,,,,,
5258,2.946,,,,,,,,
5259,2.8968,,,,,,,,
5260,2.884,,,,,,,,
5261,3.2381,,,,,,,,
5262,3.1299,,,,,,,,
5263,2.8644,,,,,,,,
5264,2.9061,,,,,,,,
5265,2.8298,,,,,,,,
5266,2.8975,,,,,,,,
5267,2.7788,,,,,,,,
5268,2.8223,,,,,,,,
5269,2.8502,,,,,,,,
5270,2.8454,,,,,,,,
5271,2.7887,,,,,,,,
5272,2.9228,,,,,,,,
5273,2.8488,,,,,,,,
5274,2.9702,,,,,,,,
5275,2.8205,,,,,,,,
5276,2.7197,,,,,,,,
5277,2.9531,,,,,,,,
5278,2.8307,,,,,,,,
5279,2.8591,,,,,,,,
5280,2.7935,,,,,,,,
5281,2.809,,,,,,,,
5282,2.7391,,,,,,,,
5283,3.1547,,,,,,,,
5284,2.8258,,,,,,,,
5285,2.7454,,,,,,,,
5286,2.7011,,,,,,,,
5287,2.7505,,,,,,,,
5288,2.8732,,,,,,,,
5289,2.899,,,,,,,,
5290,2.8238,,,,,,,,
5291,2.813,,,,,,,,
5292,2.8316,,,,,,,,
5293,2.8785,,,,,,,,
5294,3.5529,,,,,,,,
5295,2.802,,,,,,,,
5296,2.7999,,,,,,,,
5297,2.8756,,,,,,,,
5298,2.8355,,,,,,,,
5299,3.1412,,,,,,,,
5300,2.7373,,,,,,,,
5301,2.779,,,,,,,,
5302,2.8611,,,,,,,,
5303,2.8692,,,,,,,,
5304,3.1326,,,,,,,,
5305,2.7759,,,,,,,,
5306,2.8909,,,,,,,,
5307,2.8508,,,,,,,,
5308,2.9402,,,,,,,,
5309,2.9853,,,,,,,,
5310,3.2972,,,,,,,,
5311,2.9303,,,,,,,,
5312,3.0048,,,,,,,,
5313,2.8529,,,,,,,,
5314,3.0739,,,,,,,,
5315,3.4874,,,,,,,,
5316,2.7433,,,,,,,,
5317,2.8347,,,,,,,,
5318,2.941,,,,,,,,
5319,3.0342,,,,,,,,
5320,3.6922,,,,,,,,
5321,2.9843,,,,,,,,
5322,2.8098,,,,,,,,
5323,2.8017,,,,,,,,
5324,2.8091,,,,,,,,
5325,3.0024,,,,,,,,
5326,2.8799,,,,,,,,
5327,2.9275,,,,,,,,
5328,2.871,,,,,,,,
5329,2.7368,,,,,,,,
5330,2.9069,,,,,,,,
5331,2.9797,,,,,,,,
5332,2.8642,,,,,,,,
5333,2.8429,,,,,,,,
5334,2.7605,,,,,,,,
5335,2.7899,,,,,,,,
5336,3.4358,,,,,,,,
5337,2.9871,,,,,,,,
5338,2.8536,,,,,,,,
5339,2.8759,,,,,,,,
5340,2.9067,,,,,,,,
5341,3.0636,,,,,,,,
5342,2.95,,,,,,,,
5343,2.8845,,,,,,,,
5344,3.0314,,,,,,,,
5345,3.267,,,,,,,,
5346,3.01,,,,,,,,
5347,3.0711,,,,,,,,
5348,2.8479,,,,,,,,
5349,2.8307,,,,,,,,
5350,2.6587,,,,,,,,
5351,2.9001,,,,,,,,
5352,2.9708,,,,,,,,
5353,2.9306,,,,,,,,
5354,2.7503,,,,,,,,
5355,2.5715,,,,,,,,
5356,2.8236,,,,,,,,
5357,3.1323,,,,,,,,
5358,2.961,,,,,,,,
5359,2.8467,,,,,,,,
5360,2.6567,,,,,,,,
5361,2.9535,,,,,,,,
5362,3.1892,,,,,,,,
5363,3.6688,,,,,,,,
5364,2.8965,,,,,,,,
5365,2.9418,,,,,,,,
5366,2.9108,,,,,,,,
5367,3.0197,,,,,,,,
5368,2.9442,,,,,,,,
5369,2.6983,,,,,,,,
5370,2.8247,,,,,,,,
5371,2.8357,,,,,,,,
5372,2.7786,,,,,,,,
5373,3.5054,,,,,,,,
5374,2.9585,,,,,,,,
5375,2.8741,,,,,,,,
5376,2.8744,,,,,,,,
5377,2.761,,,,,,,,
5378,2.892,,,,,,,,
5379,2.574,,,,,,,,
5380,2.7221,,,,,,,,
5381,2.6231,,,,,,,,
5382,2.7902,,,,,,,,
5383,2.7479,,,,,,,,
5384,2.8678,,,,,,,,
5385,2.7869,,,,,,,,
5386,2.7728,,,,,,,,
5387,2.7739,,,,,,,,
5388,2.8912,,,,,,,,
5389,2.8878,,,,,,,,
5390,2.7573,,,,,,,,
5391,2.6971,,,,,,,,
5392,2.8977,,,,,,,,
5393,2.8267,,,,,,,,
5394,2.8157,,,,,,,,
5395,3.1331,,,,,,,,
5396,3.1849,,,,,,,,
5397,2.7603,,,,,,,,
5398,2.854,,,,,,,,
5399,2.7746,,,,,,,,
5400,2.9604,,,,,,,,
5401,2.7995,,,,,,,,
5402,2.7786,,,,,,,,
5403,2.8759,,,,,,,,
5404,2.7326,,,,,,,,
5405,2.6898,,,,,,,,
5406,2.976,,,,,,,,
5407,2.8496,,,,,,,,
5408,2.7344,,,,,,,,
5409,2.7182,,,,,,,,
5410,2.7367,,,,,,,,
5411,3.0587,,,,,,,,
5412,2.9327,,,,,,,,
5413,2.891,,,,,,,,
5414,2.9308,,,,,,,,
5415,2.8368,,,,,,,,
5416,2.7348,,,,,,,,
5417,4.3445,,,,,,,,
5418,3.3307,,,,,,,,
5419,2.7825,,,,,,,,
5420,2.7307,,,,,,,,
5421,3.0358,,,,,,,,
5422,2.9667,,,,,,,,
5423,2.7091,,,,,,,,
5424,2.7591,,,,,,,,
5425,2.7545,,,,,,,,
5426,2.7595,,,,,,,,
5427,3.58,,,,,,,,
5428,3.4248,,,,,,,,
5429,2.7006,,,,,,,,
5430,2.7763,,,,,,,,
5431,2.873,,,,,,,,
5432,3.5987,,,,,,,,
5433,2.8667,,,,,,,,
5434,2.8067,,,,,,,,
5435,2.7385,,,,,,,,
5436,2.7621,,,,,,,,
5437,3.2708,,,,,,,,
5438,2.8976,,,,,,,,
5439,2.6432,,,,,,,,
5440,2.8154,,,,,,,,
5441,2.7612,,,,,,,,
5442,2.7276,,,,,,,,
5443,2.9384,,,,,,,,
5444,2.695,,,,,,,,
5445,2.9118,,,,,,,,
5446,2.8352,,,,,,,,
5447,2.728,,,,,,,,
5448,3.1388,,,,,,,,
5449,2.9911,,,,,,,,
5450,2.7277,,,,,,,,
5451,2.8177,,,,,,,,
5452,2.6343,,,,,,,,
5453,2.7454,,,,,,,,
5454,3.7073,,,,,,,,
5455,2.931,,,,,,,,
5456,2.787,,,,,,,,
5457,2.6872,,,,,,,,
5458,2.7043,,,,,,,,
5459,2.8826,,,,,,,,
5460,2.8238,,,,,,,,
5461,2.8035,,,,,,,,
5462,2.6291,,,,,,,,
5463,2.7435,,,,,,,,
5464,2.6947,,,,,,,,
5465,3.5859,,,,,,,,
5466,3.509,,,,,,,,
5467,3.2014,,,,,,,,
5468,2.8374,,,,,,,,
5469,2.8462,,,,,,,,
5470,3.0376,,,,,,,,
5471,2.7303,,,,,,,,
5472,2.7949,,,,,,,,
5473,2.6928,,,,,,,,
5474,2.8085,,,,,,,,
5475,2.858,,,,,,,,
5476,2.8074,,,,,,,,
5477,2.6542,,,,,,,,
5478,2.6115,,,,,,,,
5479,2.7534,,,,,,,,
5480,2.8307,,,,,,,,
5481,3.1793,,,,,,,,
5482,2.762,,,,,,,,
5483,2.7214,,,,,,,,
5484,2.7881,,,,,,,,
5485,2.8649,,,,,,,,
5486,2.937,,,,,,,,
5487,3.1494,,,,,,,,
5488,2.7765,,,,,,,,
5489,2.7565,,,,,,,,
5490,2.8184,,,,,,,,
5491,2.7237,,,,,,,,
5492,2.7533,,,,,,,,
5493,2.7915,,,,,,,,
5494,2.7944,,,,,,,,
5495,2.7854,,,,,,,,
5496,2.7025,,,,,,,,
5497,3.0621,,,,,,,,
5498,3.0732,,,,,,,,
5499,2.813,,,,,,,,
5500,2.9069,,,,,,,,
5501,2.771,,,,,,,,
5502,2.634,,,,,,,,
5503,3.1416,,,,,,,,
5504,2.7662,,,,,,,,
5505,2.7365,,,,,,,,
5506,2.7706,,,,,,,,
5507,2.7635,,,,,,,,
5508,2.8693,,,,,,,,
5509,3.1549,,,,,,,,
5510,2.7249,,,,,,,,
5511,2.8436,,,,,,,,
5512,2.674,,,,,,,,
5513,2.8276,,,,,,,,
5514,2.9971,,,,,,,,
5515,2.9289,,,,,,,,
5516,2.8656,,,,,,,,
5517,2.6578,,,,,,,,
5518,2.8269,,,,,,,,
5519,2.7593,,,,,,,,
5520,2.9624,,,,,,,,
5521,2.8588,,,,,,,,
5522,2.7966,,,,,,,,
5523,2.814,,,,,,,,
5524,2.7164,,,,,,,,
5525,3.3272,,,,,,,,
5526,3.3592,,,,,,,,
5527,2.7504,,,,,,,,
5528,2.8632,,,,,,,,
5529,2.7101,,,,,,,,
5530,2.8731,,,,,,,,
5531,2.78,,,,,,,,
5532,2.6526,,,,,,,,
5533,2.8103,,,,,,,,
5534,2.6333,,,,,,,,
5535,2.6768,,,,,,,,
5536,2.9521,,,,,,,,
5537,2.8719,,,,,,,,
5538,2.7533,,,,,,,,
5539,2.6325,,,,,,,,
5540,2.7394,,,,,,,,
5541,2.6746,,,,,,,,
5542,2.9457,,,,,,,,
5543,2.9513,,,,,,,,
5544,2.6752,,,,,,,,
5545,2.704,,,,,,,,
5546,2.5127,,,,,,,,
5547,2.805,,,,,,,,
5548,2.9614,,,,,,,,
5549,2.8716,,,,,,,,
5550,2.7489,,,,,,,,
5551,2.5568,,,,,,,,
5552,2.8167,,,,,,,,
5553,3.591,,,,,,,,
5554,3.0186,,,,,,,,
5555,2.852,,,,,,,,
5556,2.5275,,,,,,,,
5557,2.8376,,,,,,,,
5558,3.4192,,,,,,,,
5559,2.879,,,,,,,,
5560,2.6511,,,,,,,,
5561,2.8097,,,,,,,,
5562,2.8094,,,,,,,,
5563,3.275,,,,,,,,
5564,2.9073,,,,,,,,
5565,2.652,,,,,,,,
5566,2.7753,,,,,,,,
5567,2.8797,,,,,,,,
5568,2.8181,,,,,,,,
5569,2.9932,,,,,,,,
5570,2.8065,,,,,,,,
5571,2.9377,,,,,,,,
5572,2.9251,,,,,,,,
5573,2.8092,,,,,,,,
5574,2.8205,,,,,,,,
5575,2.5433,,,,,,,,
5576,2.5848,,,,,,,,
5577,2.6807,,,,,,,,
5578,2.7985,,,,,,,,
5579,2.7795,,,,,,,,
5580,3.5236,,,,,,,,
5581,3.1531,,,,,,,,
5582,2.8291,,,,,,,,
5583,2.8784,,,,,,,,
5584,2.8376,,,,,,,,
5585,3.5804,,,,,,,,
5586,2.8802,,,,,,,,
5587,2.7346,,,,,,,,
5588,2.852,,,,,,,,
5589,2.8373,,,,,,,,
5590,2.906,,,,,,,,
5591,2.7908,,,,,,,,
5592,2.7631,,,,,,,,
5593,2.7585,,,,,,,,
5594,2.7209,,,,,,,,
5595,2.7026,,,,,,,,
5596,2.9173,,,,,,,,
5597,2.8077,,,,,,,,
5598,2.8806,,,,,,,,
5599,2.8793,,,,,,,,
5600,2.8031,,,,,,,,
5601,3.3015,,,,,,,,
5602,3.1657,,,,,,,,
5603,2.8979,,,,,,,,
5604,2.7361,,,,,,,,
5605,2.7196,,,,,,,,
5606,3.0609,,,,,,,,
5607,3.9779,,,,,,,,
5608,2.7723,,,,,,,,
5609,2.7787,,,,,,,,
5610,2.6456,,,,,,,,
5611,2.827,,,,,,,,
5612,2.7582,,,,,,,,
5613,2.7329,,,,,,,,
5614,2.6748,,,,,,,,
5615,2.7591,,,,,,,,
5616,2.7825,,,,,,,,
5617,2.8863,,,,,,,,
5618,2.8537,,,,,,,,
5619,2.7149,,,,,,,,
5620,2.7767,,,,,,,,
5621,2.8397,,,,,,,,
5622,2.904,,,,,,,,
5623,2.9798,,,,,,,,
5624,2.7447,,,,,,,,
5625,2.7263,,,,,,,,
5626,2.6429,,,,,,,,
5627,3.1685,,,,,,,,
5628,3.4762,,,,,,,,
5629,2.7095,,,,,,,,
5630,2.7134,,,,,,,,
5631,2.7837,,,,,,,,
5632,2.9045,,,,,,,,
5633,2.8253,,,,,,,,
5634,2.7143,,,,,,,,
5635,2.773,,,,,,,,
5636,2.8228,,,,,,,,
5637,2.8175,,,,,,,,
5638,2.8801,,,,,,,,
5639,2.8085,,,,,,,,
5640,2.9165,,,,,,,,
5641,2.8927,,,,,,,,
5642,2.9041,,,,,,,,
5643,2.7803,,,,,,,,
5644,2.6071,,,,,,,,
5645,2.9444,,,,,,,,
5646,2.7262,,,,,,,,
5647,2.908,,,,,,,,
5648,2.7212,,,,,,,,
5649,2.633,,,,,,,,
5650,2.8882,,,,,,,,
5651,2.8081,,,,,,,,
5652,2.782,,,,,,,,
5653,2.8385,,,,,,,,
5654,2.6887,,,,,,,,
5655,2.7457,,,,,,,,
5656,3.161,,,,,,,,
5657,2.8524,,,,,,,,
5658,2.8184,,,,,,,,
5659,3.0751,,,,,,,,
5660,2.9399,,,,,,,,
5661,2.9309,,,,,,,,
5662,2.7562,,,,,,,,
5663,2.669,,,,,,,,
5664,2.686,,,,,,,,
5665,2.8064,,,,,,,,
5666,2.6922,,,,,,,,
5667,3.0424,,,,,,,,
5668,2.8972,,,,,,,,
5669,2.7309,,,,,,,,
5670,2.7807,,,,,,,,
5671,2.7162,,,,,,,,
5672,2.8652,,,,,,,,
5673,2.7012,,,,,,,,
5674,2.7203,,,,,,,,
5675,2.7266,,,,,,,,
5676,2.695,,,,,,,,
5677,2.8588,,,,,,,,
5678,2.8167,,,,,,,,
5679,2.733,,,,,,,,
5680,2.7029,,,,,,,,
5681,2.7784,,,,,,,,
5682,2.863,,,,,,,,
5683,2.7911,,,,,,,,
5684,3.0341,,,,,,,,
5685,2.7785,,,,,,,,
5686,2.8419,,,,,,,,
5687,2.8623,,,,,,,,
5688,2.8033,,,,,,,,
5689,3.0314,,,,,,,,
5690,2.7747,,,,,,,,
5691,2.9364,,,,,,,,
5692,2.8175,,,,,,,,
5693,2.7758,,,,,,,,
5694,2.8557,,,,,,,,
5695,3.2932,,,,,,,,
5696,2.9216,,,,,,,,
5697,2.8259,,,,,,,,
5698,2.9536,,,,,,,,
5699,2.8901,,,,,,,,
5700,3.4054,,,,,,,,
5701,2.8319,,,,,,,,
5702,2.8294,,,,,,,,
5703,2.9138,,,,,,,,
5704,2.9455,,,,,,,,
5705,2.7585,,,,,,,,
5706,2.6981,,,,,,,,
5707,2.901,,,,,,,,
5708,2.8242,,,,,,,,
5709,2.8964,,,,,,,,
5710,2.7872,,,,,,,,
5711,2.9359,,,,,,,,
5712,2.8522,,,,,,,,
5713,2.7253,,,,,,,,
5714,2.9113,,,,,,,,
5715,2.7427,,,,,,,,
5716,3.019,,,,,,,,
5717,2.7538,,,,,,,,
5718,3.5456,,,,,,,,
5719,3.3346,,,,,,,,
5720,2.7736,,,,,,,,
5721,3.2444,,,,,,,,
5722,3.3889,,,,,,,,
5723,3.032,,,,,,,,
5724,2.8931,,,,,,,,
5725,2.9668,,,,,,,,
5726,2.9419,,,,,,,,
5727,2.8336,,,,,,,,
5728,2.8765,,,,,,,,
5729,2.866,,,,,,,,
5730,2.79,,,,,,,,
5731,2.8101,,,,,,,,
5732,2.9119,,,,,,,,
5733,2.9419,,,,,,,,
5734,2.839,,,,,,,,
5735,2.8151,,,,,,,,
5736,2.8699,,,,,,,,
5737,2.8297,,,,,,,,
5738,2.9878,,,,,,,,
5739,2.9089,,,,,,,,
5740,2.7964,,,,,,,,
5741,2.8207,,,,,,,,
5742,2.9566,,,,,,,,
5743,2.8249,,,,,,,,
5744,2.9803,,,,,,,,
5745,2.8496,,,,,,,,
5746,2.7952,,,,,,,,
5747,2.8936,,,,,,,,
5748,3.0593,,,,,,,,
5749,2.8658,,,,,,,,
5750,2.8078,,,,,,,,
5751,2.8544,,,,,,,,
5752,2.7801,,,,,,,,
5753,3.3771,,,,,,,,
5754,3.0536,,,,,,,,
5755,2.7138,,,,,,,,
5756,2.867,,,,,,,,
5757,2.932,,,,,,,,
5758,3.0023,,,,,,,,
5759,3.5977,,,,,,,,
5760,2.9515,,,,,,,,
5761,3.1876,,,,,,,,
5762,2.9343,,,,,,,,
5763,2.8166,,,,,,,,
5764,3.1053,,,,,,,,
5765,2.99,,,,,,,,
5766,2.7805,,,,,,,,
5767,2.8727,,,,,,,,
5768,2.6731,,,,,,,,
5769,3.5996,,,,,,,,
5770,2.747,,,,,,,,
5771,2.7231,,,,,,,,
5772,2.8031,,,,,,,,
5773,2.8605,,,,,,,,
5774,3.0066,,,,,,,,
5775,2.8566,,,,,,,,
5776,2.845,,,,,,,,
5777,2.9428,,,,,,,,
5778,2.9645,,,,,,,,
5779,2.9564,,,,,,,,
5780,3.4336,,,,,,,,
5781,2.7599,,,,,,,,
5782,2.8834,,,,,,,,
5783,2.8366,,,,,,,,
5784,2.7413,,,,,,,,
5785,2.9478,,,,,,,,
5786,2.8844,,,,,,,,
5787,3.3662,,,,,,,,
5788,3.0189,,,,,,,,
5789,2.8185,,,,,,,,
5790,3.061,,,,,,,,
5791,2.8777,,,,,,,,
5792,2.9447,,,,,,,,
5793,2.8141,,,,,,,,
5794,2.8622,,,,,,,,
5795,2.8108,,,,,,,,
5796,3.1153,,,,,,,,
5797,2.9102,,,,,,,,
5798,2.871,,,,,,,,
5799,2.8456,,,,,,,,
5800,2.9653,,,,,,,,
5801,3.0022,,,,,,,,
5802,2.808,,,,,,,,
5803,2.8479,,,,,,,,
5804,2.8592,,,,,,,,
5805,2.9339,,,,,,,,
5806,2.9531,,,,,,,,
5807,2.7181,,,,,,,,
5808,2.9455,,,,,,,,
5809,2.9291,,,,,,,,
5810,3.0823,,,,,,,,
5811,3.1748,,,,,,,,
5812,3.2802,,,,,,,,
5813,2.9835,,,,,,,,
5814,2.8125,,,,,,,,
5815,2.9043,,,,,,,,
5816,2.9476,,,,,,,,
5817,3.4255,,,,,,,,
5818,3.1478,,,,,,,,
5819,2.8771,,,,,,,,
5820,2.8824,,,,,,,,
5821,2.8451,,,,,,,,
5822,3.5662,,,,,,,,
5823,3.4702,,,,,,,,
5824,3.1228,,,,,,,,
5825,3.0396,,,,,,,,
5826,2.8339,,,,,,,,
5827,3.4943,,,,,,,,
5828,3.1049,,,,,,,,
5829,3.3152,,,,,,,,
5830,2.9112,,,,,,,,
5831,2.822,,,,,,,,
5832,3.1175,,,,,,,,
5833,3.033,,,,,,,,
5834,2.9408,,,,,,,,
5835,2.7112,,,,,,,,
5836,2.7967,,,,,,,,
5837,2.8331,,,,,,,,
5838,2.87,,,,,,,,
5839,2.9523,,,,,,,,
5840,2.7191,,,,,,,,
5841,2.7536,,,,,,,,
5842,2.7622,,,,,,,,
5843,3.5911,,,,,,,,
5844,2.9613,,,,,,,,
5845,2.6896,,,,,,,,
5846,2.8726,,,,,,,,
5847,2.9795,,,,,,,,
5848,3.0204,,,,,,,,
5849,2.7857,,,,,,,,
5850,2.651,,,,,,,,
5851,2.8969,,,,,,,,
5852,2.8118,,,,,,,,
5853,3.0015,,,,,,,,
5854,2.8695,,,,,,,,
5855,2.5919,,,,,,,,
5856,2.7929,,,,,,,,
5857,2.8933,,,,,,,,
5858,3.3047,,,,,,,,
5859,3.3488,,,,,,,,
5860,2.7208,,,,,,,,
5861,2.7904,,,,,,,,
5862,2.8716,,,,,,,,
5863,2.8646,,,,,,,,
5864,2.879,,,,,,,,
5865,2.7347,,,,,,,,
5866,2.7177,,,,,,,,
5867,2.828,,,,,,,,
5868,2.8057,,,,,,,,
5869,2.9029,,,,,,,,
5870,2.8884,,,,,,,,
5871,2.7029,,,,,,,,
5872,2.9286,,,,,,,,
5873,2.8248,,,,,,,,
5874,2.7994,,,,,,,,
5875,2.8644,,,,,,,,
5876,2.7083,,,,,,,,
5877,2.798,,,,,,,,
5878,2.7074,,,,,,,,
5879,2.7812,,,,,,,,
5880,2.6956,,,,,,,,
5881,2.7729,,,,,,,,
5882,2.6269,,,,,,,,
5883,2.8113,,,,,,,,
5884,2.7145,,,,,,,,
5885,2.7282,,,,,,,,
5886,2.8474,,,,,,,,
5887,2.5202,,,,,,,,
5888,2.7378,,,,,,,,
5889,2.6886,,,,,,,,
5890,2.7412,,,,,,,,
5891,2.7154,,,,,,,,
5892,3.1325,,,,,,,,
5893,3.4545,,,,,,,,
5894,2.7715,,,,,,,,
5895,2.7479,,,,,,,,
5896,2.7904,,,,,,,,
5897,2.746,,,,,,,,
5898,3.3978,,,,,,,,
5899,2.9106,,,,,,,,
5900,2.7782,,,,,,,,
5901,2.7793,,,,,,,,
5902,2.661,,,,,,,,
5903,3.0797,,,,,,,,
5904,2.7839,,,,,,,,
5905,2.6147,,,,,,,,
5906,2.7138,,,,,,,,
5907,2.6221,,,,,,,,
5908,3.2966,,,,,,,,
5909,3.0726,,,,,,,,
5910,2.8115,,,,,,,,
5911,2.8241,,,,,,,,
5912,2.5568,,,,,,,,
5913,2.7367,,,,,,,,
5914,2.8064,,,,,,,,
5915,2.716,,,,,,,,
5916,2.6547,,,,,,,,
5917,2.7165,,,,,,,,
5918,2.7752,,,,,,,,
5919,2.6884,,,,,,,,
5920,2.8062,,,,,,,,
5921,2.6025,,,,,,,,
5922,2.7116,,,,,,,,
5923,2.7629,,,,,,,,
5924,2.9767,,,,,,,,
5925,3.3566,,,,,,,,
5926,2.6606,,,,,,,,
5927,2.878,,,,,,,,
5928,2.9352,,,,,,,,
5929,2.8749,,,,,,,,
5930,3.1015,,,,,,,,
5931,2.8594,,,,,,,,
5932,2.7472,,,,,,,,
5933,2.793,,,,,,,,
5934,2.6967,,,,,,,,
5935,2.6798,,,,,,,,
5936,3.2115,,,,,,,,
5937,2.8227,,,,,,,,
5938,2.905,,,,,,,,
5939,2.6432,,,,,,,,
5940,2.7041,,,,,,,,
5941,2.8911,,,,,,,,
5942,3.4617,,,,,,,,
5943,2.7593,,,,,,,,
5944,2.6692,,,,,,,,
5945,2.7433,,,,,,,,
5946,2.7567,,,,,,,,
5947,3.7129,,,,,,,,
5948,3.3632,,,,,,,,
5949,2.7718,,,,,,,,
5950,2.8369,,,,,,,,
5951,2.7197,,,,,,,,
5952,2.6115,,,,,,,,
5953,2.7653,,,,,,,,
5954,2.7703,,,,,,,,
5955,2.7468,,,,,,,,
5956,2.7212,,,,,,,,
5957,2.7086,,,,,,,,
5958,3.0353,,,,,,,,
5959,2.7952,,,,,,,,
5960,2.6559,,,,,,,,
5961,2.7494,,,,,,,,
5962,2.6137,,,,,,,,
5963,2.8187,,,,,,,,
5964,2.9353,,,,,,,,
5965,2.6561,,,,,,,,
5966,2.5857,,,,,,,,
5967,2.674,,,,,,,,
5968,2.662,,,,,,,,
5969,2.9142,,,,,,,,
5970,2.8251,,,,,,,,
5971,2.7543,,,,,,,,
5972,2.6821,,,,,,,,
5973,2.5302,,,,,,,,
5974,2.6313,,,,,,,,
5975,2.8748,,,,,,,,
5976,2.7792,,,,,,,,
5977,2.7265,,,,,,,,
5978,2.7125,,,,,,,,
5979,2.7501,,,,,,,,
5980,2.683,,,,,,,,
5981,2.7975,,,,,,,,
5982,2.6674,,,,,,,,
5983,2.6876,,,,,,,,
5984,2.8042,,,,,,,,
5985,2.7389,,,,,,,,
5986,2.9313,,,,,,,,
5987,2.736,,,,,,,,
5988,2.584,,,,,,,,
5989,2.7644,,,,,,,,
5990,2.7953,,,,,,,,
5991,2.7283,,,,,,,,
5992,2.7898,,,,,,,,
5993,2.5503,,,,,,,,
5994,2.7474,,,,,,,,
5995,2.744,,,,,,,,
5996,2.6507,,,,,,,,
5997,2.7197,,,,,,,,
5998,3.625,,,,,,,,
5999,2.7902,,,,,,,,
6000,2.7348,,,,,,,,
6001,2.5988,,,,,,,,
6002,2.6853,,,,,,,,
6003,3.4883,,,,,,,,
6004,2.6755,,,,,,,,
6005,2.756,,,,,,,,
6006,2.5962,,,,,,,,
6007,2.644,,,,,,,,
6008,3.0658,,,,,,,,
6009,2.9694,,,,,,,,
6010,2.7626,,,,,,,,
6011,2.7222,,,,,,,,
6012,2.6469,,,,,,,,
6013,2.6903,,,,,,,,
6014,2.8209,,,,,,,,
6015,2.8154,,,,,,,,
6016,2.881,,,,,,,,
6017,2.6827,,,,,,,,
6018,2.6536,,,,,,,,
6019,2.7656,,,,,,,,
6020,2.9514,,,,,,,,
6021,2.6823,,,,,,,,
6022,2.6687,,,,,,,,
6023,2.642,,,,,,,,
6024,2.7546,,,,,,,,
6025,3.0926,,,,,,,,
6026,2.7511,,,,,,,,
6027,2.7859,,,,,,,,
6028,2.8924,,,,,,,,
6029,2.8497,,,,,,,,
6030,2.7196,,,,,,,,
6031,3.0477,,,,,,,,
6032,2.7466,,,,,,,,
6033,2.8346,,,,,,,,
6034,2.8165,,,,,,,,
6035,2.9343,,,,,,,,
6036,3.3987,,,,,,,,
6037,2.848,,,,,,,,
6038,2.8096,,,,,,,,
6039,2.7302,,,,,,,,
6040,2.8523,,,,,,,,
6041,3.0124,,,,,,,,
6042,2.8645,,,,,,,,
6043,2.8581,,,,,,,,
6044,2.7921,,,,,,,,
6045,2.7912,,,,,,,,
6046,3.0857,,,,,,,,
6047,3.0337,,,,,,,,
6048,2.9083,,,,,,,,
6049,2.7969,,,,,,,,
6050,2.7081,,,,,,,,
6051,2.737,,,,,,,,
6052,3.3744,,,,,,,,
6053,2.8599,,,,,,,,
6054,2.6777,,,,,,,,
6055,2.7714,,,,,,,,
6056,2.8322,,,,,,,,
6057,3.4621,,,,,,,,
6058,2.7837,,,,,,,,
6059,2.7056,,,,,,,,
6060,2.8485,,,,,,,,
6061,2.7579,,,,,,,,
6062,3.0654,,,,,,,,
6063,2.87,,,,,,,,
6064,2.7376,,,,,,,,
6065,2.8896,,,,,,,,
6066,2.7747,,,,,,,,
6067,2.9098,,,,,,,,
6068,3.0178,,,,,,,,
6069,2.8141,,,,,,,,
6070,2.9006,,,,,,,,
6071,2.73,,,,,,,,
6072,2.9008,,,,,,,,
6073,2.9262,,,,,,,,
6074,2.7244,,,,,,,,
6075,2.7897,,,,,,,,
6076,2.7752,,,,,,,,
6077,2.75,,,,,,,,
6078,2.8984,,,,,,,,
6079,3.1189,,,,,,,,
6080,2.9478,,,,,,,,
6081,2.749,,,,,,,,
6082,2.6778,,,,,,,,
6083,2.7922,,,,,,,,
6084,2.9374,,,,,,,,
6085,3.0427,,,,,,,,
6086,3.6118,,,,,,,,
6087,2.9418,,,,,,,,
6088,2.7644,,,,,,,,
6089,2.73,,,,,,,,
6090,2.9573,,,,,,,,
6091,2.6313,,,,,,,,
6092,2.6226,,,,,,,,
6093,2.7716,,,,,,,,
6094,2.8813,,,,,,,,
6095,2.839,,,,,,,,
6096,2.8497,,,,,,,,
6097,2.885,,,,,,,,
6098,2.8318,,,,,,,,
6099,2.685,,,,,,,,
6100,2.7727,,,,,,,,
6101,3.3415,,,,,,,,
6102,2.842,,,,,,,,
6103,2.721,,,,,,,,
6104,2.7959,,,,,,,,
6105,2.8739,,,,,,,,
6106,2.8471,,,,,,,,
6107,2.7652,,,,,,,,
6108,2.8751,,,,,,,,
6109,2.7779,,,,,,,,
6110,2.7513,,,,,,,,
6111,2.7826,,,,,,,,
6112,2.8384,,,,,,,,
6113,2.756,,,,,,,,
6114,2.7105,,,,,,,,
6115,2.6785,,,,,,,,
6116,2.6567,,,,,,,,
6117,2.7501,,,,,,,,
6118,2.7206,,,,,,,,
6119,3.1396,,,,,,,,
6120,3.3556,,,,,,,,
6121,3.0523,,,,,,,,
6122,3.7874,,,,,,,,
6123,4.118,,,,,,,,
6124,3.3494,,,,,,,,
6125,3.3392,,,,,,,,
6126,3.3196,,,,,,,,
6127,3.6369,,,,,,,,
6128,3.256,,,,,,,,
6129,3.3854,,,,,,,,
6130,3.3301,,,,,,,,
6131,3.5018,,,,,,,,
6132,3.6802,,,,,,,,
6133,3.5413,,,,,,,,
6134,3.3955,,,,,,,,
6135,3.3809,,,,,,,,
6136,3.1907,,,,,,,,
6137,2.9087,,,,,,,,
6138,2.8336,,,,,,,,
6139,2.7081,,,,,,,,
6140,2.8576,,,,,,,,
6141,3.1131,,,,,,,,
6142,2.8064,,,,,,,,
6143,2.6541,,,,,,,,
6144,2.7541,,,,,,,,
6145,2.8305,,,,,,,,
6146,2.7691,,,,,,,,
6147,2.9006,,,,,,,,
6148,2.7759,,,,,,,,
6149,2.8347,,,,,,,,
6150,2.9619,,,,,,,,
6151,2.8009,,,,,,,,
6152,3.4623,,,,,,,,
6153,2.8201,,,,,,,,
6154,2.7019,,,,,,,,
6155,2.7271,,,,,,,,
6156,2.7414,,,,,,,,
6157,2.7295,,,,,,,,
6158,2.9074,,,,,,,,
6159,2.7314,,,,,,,,
6160,2.7752,,,,,,,,
6161,2.8336,,,,,,,,
6162,2.8723,,,,,,,,
6163,3.0514,,,,,,,,
6164,2.9354,,,,,,,,
6165,2.8056,,,,,,,,
6166,2.708,,,,,,,,
6167,2.8723,,,,,,,,
6168,2.7476,,,,,,,,
6169,2.8934,,,,,,,,
6170,2.7864,,,,,,,,
6171,2.8164,,,,,,,,
6172,2.8236,,,,,,,,
6173,2.6892,,,,,,,,
6174,2.7401,,,,,,,,
6175,2.7692,,,,,,,,
6176,2.9349,,,,,,,,
6177,2.8948,,,,,,,,
6178,2.8447,,,,,,,,
6179,2.7635,,,,,,,,
6180,3.3349,,,,,,,,
6181,3.2776,,,,,,,,
6182,2.801,,,,,,,,
6183,2.81,,,,,,,,
6184,2.7025,,,,,,,,
6185,2.8818,,,,,,,,
6186,2.8205,,,,,,,,
6187,2.7868,,,,,,,,
6188,2.7554,,,,,,,,
6189,2.8115,,,,,,,,
6190,2.7055,,,,,,,,
6191,3.2977,,,,,,,,
6192,2.8289,,,,,,,,
6193,2.7512,,,,,,,,
6194,2.8041,,,,,,,,
6195,2.8341,,,,,,,,
6196,3.0906,,,,,,,,
6197,3.0433,,,,,,,,
6198,2.7026,,,,,,,,
6199,2.8337,,,,,,,,
6200,2.7238,,,,,,,,
6201,2.9718,,,,,,,,
6202,2.8763,,,,,,,,
6203,2.8224,,,,,,,,
6204,2.835,,,,,,,,
6205,2.7816,,,,,,,,
6206,2.8774,,,,,,,,
6207,3.4904,,,,,,,,
6208,2.8157,,,,,,,,
6209,2.7646,,,,,,,,
6210,2.8701,,,,,,,,
6211,2.7972,,,,,,,,
6212,3.211,,,,,,,,
6213,3.1167,,,,,,,,
6214,2.8221,,,,,,,,
6215,2.8405,,,,,,,,
6216,2.8637,,,,,,,,
6217,2.962,,,,,,,,
6218,2.9136,,,,,,,,
6219,2.9427,,,,,,,,
6220,3.437,,,,,,,,
6221,3.0559,,,,,,,,
6222,2.9771,,,,,,,,
6223,2.9033,,,,,,,,
6224,2.9244,,,,,,,,
6225,2.8203,,,,,,,,
6226,2.8882,,,,,,,,
6227,2.889,,,,,,,,
6228,2.978,,,,,,,,
6229,2.8964,,,,,,,,
6230,2.8977,,,,,,,,
6231,2.8535,,,,,,,,
6232,2.8115,,,,,,,,
6233,3.0202,,,,,,,,
6234,2.7428,,,,,,,,
6235,2.9001,,,,,,,,
6236,2.8368,,,,,,,,
6237,2.7988,,,,,,,,
6238,2.9096,,,,,,,,
6239,3.4341,,,,,,,,
6240,2.934,,,,,,,,
6241,2.7162,,,,,,,,
6242,2.7826,,,,,,,,
6243,2.7812,,,,,,,,
6244,3.0023,,,,,,,,
6245,2.9622,,,,,,,,
6246,2.8315,,,,,,,,
6247,2.8599,,,,,,,,
6248,2.7285,,,,,,,,
6249,2.6662,,,,,,,,
6250,2.96,,,,,,,,
6251,2.8071,,,,,,,,
6252,2.7138,,,,,,,,
6253,2.8047,,,,,,,,
6254,2.6413,,,,,,,,
6255,2.866,,,,,,,,
6256,2.8889,,,,,,,,
6257,3.0558,,,,,,,,
6258,3.1627,,,,,,,,
6259,2.7889,,,,,,,,
6260,2.8594,,,,,,,,
6261,2.8733,,,,,,,,
6262,2.7369,,,,,,,,
6263,2.7878,,,,,,,,
6264,2.723,,,,,,,,
6265,2.7684,,,,,,,,
6266,2.8158,,,,,,,,
6267,3.1766,,,,,,,,
6268,3.0386,,,,,,,,
6269,2.7656,,,,,,,,
6270,2.7524,,,,,,,,
6271,2.8651,,,,,,,,
6272,2.8488,,,,,,,,
6273,2.7451,,,,,,,,
6274,2.7121,,,,,,,,
6275,2.7936,,,,,,,,
6276,2.7612,,,,,,,,
6277,2.9647,,,,,,,,
6278,2.722,,,,,,,,
6279,2.7613,,,,,,,,
6280,2.7858,,,,,,,,
6281,2.8305,,,,,,,,
6282,2.7009,,,,,,,,
6283,2.8774,,,,,,,,
6284,2.8022,,,,,,,,
6285,2.7184,,,,,,,,
6286,2.869,,,,,,,,
6287,2.7676,,,,,,,,
6288,2.8921,,,,,,,,
6289,2.851,,,,,,,,
6290,2.6735,,,,,,,,
6291,2.7919,,,,,,,,
6292,2.7995,,,,,,,,
6293,2.7189,,,,,,,,
6294,3.0661,,,,,,,,
6295,3.0513,,,,,,,,
6296,2.7806,,,,,,,,
6297,2.8264,,,,,,,,
6298,2.8329,,,,,,,,
6299,2.9092,,,,,,,,
6300,2.9964,,,,,,,,
6301,2.6823,,,,,,,,
6302,2.7587,,,,,,,,
6303,2.7803,,,,,,,,
6304,2.7639,,,,,,,,
6305,2.9958,,,,,,,,
6306,2.8793,,,,,,,,
6307,2.8047,,,,,,,,
6308,2.8274,,,,,,,,
6309,2.7939,,,,,,,,
6310,2.724,,,,,,,,
6311,2.8722,,,,,,,,
6312,2.7051,,,,,,,,
6313,2.6976,,,,,,,,
6314,2.6872,,,,,,,,
6315,2.6542,,,,,,,,
6316,2.7333,,,,,,,,
6317,2.9527,,,,,,,,
6318,2.7039,,,,,,,,
6319,2.7063,,,,,,,,
6320,2.5697,,,,,,,,
6321,2.7251,,,,,,,,
6322,2.6904,,,,,,,,
6323,2.9398,,,,,,,,
6324,2.6726,,,,,,,,
6325,2.755,,,,,,,,
6326,2.7338,,,,,,,,
6327,2.5212,,,,,,,,
6328,2.8909,,,,,,,,
6329,2.7579,,,,,,,,
6330,2.7665,,,,,,,,
6331,2.685,,,,,,,,
6332,2.7847,,,,,,,,
6333,2.8548,,,,,,,,
6334,3.1949,,,,,,,,
6335,3.1836,,,,,,,,
6336,2.8759,,,,,,,,
6337,2.8234,,,,,,,,
6338,2.7969,,,,,,,,
6339,2.9696,,,,,,,,
6340,2.8623,,,,,,,,
6341,2.9331,,,,,,,,
6342,2.9526,,,,,,,,
6343,3.0091,,,,,,,,
6344,2.9284,,,,,,,,
6345,2.8796,,,,,,,,
6346,2.6782,,,,,,,,
6347,2.6349,,,,,,,,
6348,2.7707,,,,,,,,
6349,2.8179,,,,,,,,
6350,2.91,,,,,,,,
6351,3.3584,,,,,,,,
6352,2.6933,,,,,,,,
6353,2.8672,,,,,,,,
6354,2.8645,,,,,,,,
6355,2.7416,,,,,,,,
6356,3.1694,,,,,,,,
6357,2.8486,,,,,,,,
6358,3.0276,,,,,,,,
6359,3.1769,,,,,,,,
6360,3.2362,,,,,,,,
6361,2.952,,,,,,,,
6362,2.8732,,,,,,,,
6363,2.7379,,,,,,,,
6364,2.8271,,,,,,,,
6365,2.5749,,,,,,,,
6366,2.6847,,,,,,,,
6367,3.0422,,,,,,,,
6368,2.843,,,,,,,,
6369,2.9025,,,,,,,,
6370,2.8823,,,,,,,,
6371,3.2005,,,,,,,,
6372,2.7473,,,,,,,,
6373,2.831,,,,,,,,
6374,2.7821,,,,,,,,
6375,2.711,,,,,,,,
6376,2.6074,,,,,,,,
6377,2.8266,,,,,,,,
6378,3.0343,,,,,,,,
6379,2.7875,,,,,,,,
6380,2.7098,,,,,,,,
6381,2.6577,,,,,,,,
6382,2.6833,,,,,,,,
6383,2.7206,,,,,,,,
6384,2.9037,,,,,,,,
6385,2.6969,,,,,,,,
6386,2.7586,,,,,,,,
6387,2.6028,,,,,,,,
6388,2.7014,,,,,,,,
6389,2.9914,,,,,,,,
6390,3.0745,,,,,,,,
6391,2.7175,,,,,,,,
6392,2.5611,,,,,,,,
6393,2.8171,,,,,,,,
6394,2.6888,,,,,,,,
6395,3.1065,,,,,,,,
6396,2.6185,,,,,,,,
6397,2.8498,,,,,,,,
6398,3.0001,,,,,,,,
6399,2.6835,,,,,,,,
6400,2.6725,,,,,,,,
6401,2.6882,,,,,,,,
6402,2.6915,,,,,,,,
6403,2.7323,,,,,,,,
6404,2.7303,,,,,,,,
6405,2.7808,,,,,,,,
6406,2.5753,,,,,,,,
6407,2.7582,,,,,,,,
6408,2.6155,,,,,,,,
6409,2.7342,,,,,,,,
6410,2.7254,,,,,,,,
6411,2.6999,,,,,,,,
6412,3.4245,,,,,,,,
6413,2.8275,,,,,,,,
6414,2.7272,,,,,,,,
6415,2.7871,,,,,,,,
6416,2.7182,,,,,,,,
6417,2.8118,,,,,,,,
6418,2.7679,,,,,,,,
6419,2.87,,,,,,,,
6420,2.927,,,,,,,,
6421,2.7127,,,,,,,,
6422,2.773,,,,,,,,
6423,2.7035,,,,,,,,
6424,2.7825,,,,,,,,
6425,2.8531,,,,,,,,
6426,2.8701,,,,,,,,
6427,2.6261,,,,,,,,
6428,2.714,,,,,,,,
6429,3.2106,,,,,,,,
6430,2.8359,,,,,,,,
6431,3.0066,,,,,,,,
6432,3.0141,,,,,,,,
6433,2.6247,,,,,,,,
6434,2.8699,,,,,,,,
6435,2.8078,,,,,,,,
6436,2.8145,,,,,,,,
6437,2.6483,,,,,,,,
6438,2.6422,,,,,,,,
6439,2.9598,,,,,,,,
6440,3.0748,,,,,,,,
6441,2.8215,,,,,,,,
6442,2.6994,,,,,,,,
6443,2.6222,,,,,,,,
6444,2.8057,,,,,,,,
6445,2.977,,,,,,,,
6446,2.8803,,,,,,,,
6447,2.842,,,,,,,,
6448,2.7226,,,,,,,,
6449,2.9683,,,,,,,,
6450,3.0971,,,,,,,,
6451,3.0153,,,,,,,,
6452,2.8785,,,,,,,,
6453,2.8197,,,,,,,,
6454,2.7769,,,,,,,,
6455,2.8917,,,,,,,,
6456,3.045,,,,,,,,
6457,2.9721,,,,,,,,
6458,2.8758,,,,,,,,
6459,2.8771,,,,,,,,
6460,2.9532,,,,,,,,
6461,3.3769,,,,,,,,
6462,3.1293,,,,,,,,
6463,2.8197,,,,,,,,
6464,2.9567,,,,,,,,
6465,2.9304,,,,,,,,
6466,2.9965,,,,,,,,
6467,3.1666,,,,,,,,
6468,2.8554,,,,,,,,
6469,2.8422,,,,,,,,
6470,2.8261,,,,,,,,
6471,2.7838,,,,,,,,
6472,2.9002,,,,,,,,
6473,2.9347,,,,,,,,
6474,2.8512,,,,,,,,
6475,2.8243,,,,,,,,
6476,2.6161,,,,,,,,
6477,3.4537,,,,,,,,
6478,2.9372,,,,,,,,
6479,2.8383,,,,,,,,
6480,2.8303,,,,,,,,
6481,2.8656,,,,,,,,
6482,3.2093,,,,,,,,
6483,2.8313,,,,,,,,
6484,3.0909,,,,,,,,
6485,2.9889,,,,,,,,
6486,2.7698,,,,,,,,
6487,2.9371,,,,,,,,
6488,2.9233,,,,,,,,
6489,2.8264,,,,,,,,
6490,2.8466,,,,,,,,
6491,2.7939,,,,,,,,
6492,2.8657,,,,,,,,
6493,2.8493,,,,,,,,
6494,2.8304,,,,,,,,
6495,2.8686,,,,,,,,
6496,2.769,,,,,,,,
6497,2.7904,,,,,,,,
6498,2.9919,,,,,,,,
6499,2.7771,,,,,,,,
6500,2.7356,,,,,,,,
6501,3.282,,,,,,,,
6502,2.8213,,,,,,,,
6503,2.8658,,,,,,,,
6504,2.9292,,,,,,,,
6505,2.7936,,,,,,,,
6506,2.7563,,,,,,,,
6507,2.678,,,,,,,,
6508,2.8501,,,,,,,,
6509,2.9414,,,,,,,,
6510,2.7749,,,,,,,,
6511,2.8872,,,,,,,,
6512,2.7582,,,,,,,,
6513,2.7627,,,,,,,,
6514,2.7715,,,,,,,,
6515,3.4694,,,,,,,,
6516,2.7771,,,,,,,,
6517,2.8033,,,,,,,,
6518,2.8403,,,,,,,,
6519,2.7031,,,,,,,,
6520,3.775,,,,,,,,
6521,2.8478,,,,,,,,
6522,2.8262,,,,,,,,
6523,2.7721,,,,,,,,
6524,2.8745,,,,,,,,
6525,3.0938,,,,,,,,
6526,2.8062,,,,,,,,
6527,2.6487,,,,,,,,
6528,2.8595,,,,,,,,
6529,2.9381,,,,,,,,
6530,2.812,,,,,,,,
6531,2.8804,,,,,,,,
6532,2.7847,,,,,,,,
6533,2.8787,,,,,,,,
6534,2.8663,,,,,,,,
6535,2.7899,,,,,,,,
6536,2.9676,,,,,,,,
6537,2.693,,,,,,,,
6538,2.8148,,,,,,,,
6539,2.6916,,,,,,,,
6540,2.8294,,,,,,,,
6541,2.7827,,,,,,,,
6542,2.9359,,,,,,,,
6543,2.7962,,,,,,,,
6544,2.6852,,,,,,,,
6545,2.8397,,,,,,,,
6546,2.8963,,,,,,,,
6547,3.0528,,,,,,,,
6548,2.8267,,,,,,,,
6549,2.6794,,,,,,,,
6550,2.8891,,,,,,,,
6551,2.8821,,,,,,,,
6552,2.8365,,,,,,,,
6553,3.377,,,,,,,,
6554,2.9375,,,,,,,,
6555,2.8549,,,,,,,,
6556,2.9314,,,,,,,,
6557,2.685,,,,,,,,
6558,3.3532,,,,,,,,
6559,3.032,,,,,,,,
6560,2.9378,,,,,,,,
6561,2.9035,,,,,,,,
6562,2.7639,,,,,,,,
6563,3.2449,,,,,,,,
6564,3.2593,,,,,,,,
6565,2.876,,,,,,,,
6566,2.7843,,,,,,,,
6567,2.8218,,,,,,,,
6568,2.8359,,,,,,,,
6569,2.9184,,,,,,,,
6570,2.8022,,,,,,,,
6571,2.7749,,,,,,,,
6572,2.8696,,,,,,,,
6573,2.8199,,,,,,,,
6574,3.3964,,,,,,,,
6575,2.9323,,,,,,,,
6576,2.757,,,,,,,,
6577,2.87,,,,,,,,
6578,2.8265,,,,,,,,
6579,2.9424,,,,,,,,
6580,2.7043,,,,,,,,
6581,2.8085,,,,,,,,
6582,2.8319,,,,,,,,
6583,2.7875,,,,,,,,
6584,2.7002,,,,,,,,
6585,2.8986,,,,,,,,
6586,2.8484,,,,,,,,
6587,2.8033,,,,,,,,
6588,2.8003,,,,,,,,
6589,2.7531,,,,,,,,
6590,3.1677,,,,,,,,
6591,3.2058,,,,,,,,
6592,2.7895,,,,,,,,
6593,2.8771,,,,,,,,
6594,2.7527,,,,,,,,
6595,2.9554,,,,,,,,
6596,2.8667,,,,,,,,
6597,2.8324,,,,,,,,
6598,2.6493,,,,,,,,
6599,2.8001,,,,,,,,
6600,2.6423,,,,,,,,
6601,2.8503,,,,,,,,
6602,2.7932,,,,,,,,
6603,2.916,,,,,,,,
6604,3.3105,,,,,,,,
6605,2.6429,,,,,,,,
6606,2.9712,,,,,,,,
6607,2.8446,,,,,,,,
6608,2.8557,,,,,,,,
6609,2.8426,,,,,,,,
6610,2.6152,,,,,,,,
6611,2.7821,,,,,,,,
6612,3.0712,,,,,,,,
6613,3.6153,,,,,,,,
6614,2.7,,,,,,,,
6615,2.6881,,,,,,,,
6616,2.8811,,,,,,,,
6617,2.9864,,,,,,,,
6618,2.8403,,,,,,,,
6619,2.7488,,,,,,,,
6620,2.6755,,,,,,,,
6621,2.7815,,,,,,,,
6622,2.8797,,,,,,,,
6623,2.9982,,,,,,,,
6624,2.7746,,,,,,,,
6625,2.6076,,,,,,,,
6626,2.7139,,,,,,,,
6627,2.8344,,,,,,,,
6628,3.2884,,,,,,,,
6629,2.716,,,,,,,,
6630,2.6969,,,,,,,,
6631,2.9097,,,,,,,,
6632,2.8774,,,,,,,,
6633,2.8278,,,,,,,,
6634,2.9284,,,,,,,,
6635,2.6397,,,,,,,,
6636,2.8089,,,,,,,,
6637,2.8397,,,,,,,,
6638,2.8167,,,,,,,,
6639,3.5179,,,,,,,,
6640,2.7151,,,,,,,,
6641,2.8465,,,,,,,,
6642,2.8034,,,,,,,,
6643,2.8405,,,,,,,,
6644,2.9813,,,,,,,,
6645,2.7171,,,,,,,,
6646,2.7308,,,,,,,,
6647,2.8799,,,,,,,,
6648,2.8466,,,,,,,,
6649,2.8054,,,,,,,,
6650,3.3835,,,,,,,,
6651,3.0393,,,,,,,,
6652,2.8633,,,,,,,,
6653,2.904,,,,,,,,
6654,2.8059,,,,,,,,
6655,3.1873,,,,,,,,
6656,2.8875,,,,,,,,
6657,2.7915,,,,,,,,
6658,2.7724,,,,,,,,
6659,2.783,,,,,,,,
6660,2.7168,,,,,,,,
6661,2.9421,,,,,,,,
6662,2.7116,,,,,,,,
6663,2.7245,,,,,,,,
6664,2.8094,,,,,,,,
6665,2.8731,,,,,,,,
6666,2.7339,,,,,,,,
6667,2.9807,,,,,,,,
6668,2.7518,,,,,,,,
6669,2.7913,,,,,,,,
6670,2.702,,,,,,,,
6671,2.8016,,,,,,,,
6672,3.7281,,,,,,,,
6673,3.2584,,,,,,,,
6674,2.6842,,,,,,,,
6675,2.7202,,,,,,,,
6676,2.7487,,,,,,,,
6677,2.9887,,,,,,,,
6678,3.0518,,,,,,,,
6679,2.7783,,,,,,,,
6680,2.7403,,,,,,,,
6681,2.7655,,,,,,,,
6682,2.7355,,,,,,,,
6683,3.3535,,,,,,,,
6684,2.7146,,,,,,,,
6685,2.6785,,,,,,,,
6686,2.7731,,,,,,,,
6687,2.7535,,,,,,,,
6688,2.9432,,,,,,,,
6689,2.8034,,,,,,,,
6690,2.8253,,,,,,,,
6691,2.8304,,,,,,,,
6692,2.7481,,,,,,,,
6693,2.8946,,,,,,,,
6694,2.956,,,,,,,,
6695,2.7747,,,,,,,,
6696,2.8405,,,,,,,,
6697,2.8152,,,,,,,,
6698,2.8289,,,,,,,,
6699,2.8699,,,,,,,,
6700,2.8936,,,,,,,,
6701,2.8995,,,,,,,,
6702,2.6702,,,,,,,,
6703,3.1088,,,,,,,,
6704,3.0359,,,,,,,,
6705,2.729,,,,,,,,
6706,2.7414,,,,,,,,
6707,2.7696,,,,,,,,
6708,2.7722,,,,,,,,
6709,2.8423,,,,,,,,
6710,2.7631,,,,,,,,
6711,2.8005,,,,,,,,
6712,2.7599,,,,,,,,
6713,2.7626,,,,,,,,
6714,2.8079,,,,,,,,
6715,2.7122,,,,,,,,
6716,3.0209,,,,,,,,
6717,2.8264,,,,,,,,
6718,2.9284,,,,,,,,
6719,2.8711,,,,,,,,
6720,2.821,,,,,,,,
6721,2.8939,,,,,,,,
6722,2.8099,,,,,,,,
6723,2.9877,,,,,,,,
6724,2.8326,,,,,,,,
6725,2.8065,,,,,,,,
6726,2.7962,,,,,,,,
6727,2.908,,,,,,,,
6728,2.9344,,,,,,,,
6729,2.7354,,,,,,,,
6730,2.709,,,,,,,,
6731,2.6302,,,,,,,,
6732,2.8647,,,,,,,,
6733,2.7818,,,,,,,,
6734,2.942,,,,,,,,
6735,2.6989,,,,,,,,
6736,2.7805,,,,,,,,
6737,2.8518,,,,,,,,
6738,3.0716,,,,,,,,
6739,2.8715,,,,,,,,
6740,2.7193,,,,,,,,
6741,2.6746,,,,,,,,
6742,2.7812,,,,,,,,
6743,3.0531,,,,,,,,
6744,2.8692,,,,,,,,
6745,2.7451,,,,,,,,
6746,2.8272,,,,,,,,
6747,2.7523,,,,,,,,
6748,2.816,,,,,,,,
6749,2.99,,,,,,,,
6750,2.8057,,,,,,,,
6751,2.8097,,,,,,,,
6752,2.8405,,,,,,,,
6753,2.8847,,,,,,,,
6754,3.5953,,,,,,,,
6755,3.1392,,,,,,,,
6756,2.8998,,,,,,,,
6757,2.954,,,,,,,,
6758,2.9947,,,,,,,,
6759,3.0028,,,,,,,,
6760,2.8099,,,,,,,,
6761,2.9253,,,,,,,,
6762,2.8636,,,,,,,,
6763,2.7614,,,,,,,,
6764,3.4714,,,,,,,,
6765,2.8864,,,,,,,,
6766,2.8518,,,,,,,,
6767,2.7753,,,,,,,,
6768,2.7006,,,,,,,,
6769,2.9039,,,,,,,,
6770,2.9476,,,,,,,,
6771,2.7833,,,,,,,,
6772,2.8119,,,,,,,,
6773,2.7403,,,,,,,,
6774,2.897,,,,,,,,
6775,2.6998,,,,,,,,
6776,3.1134,,,,,,,,
6777,2.8673,,,,,,,,
6778,2.8604,,,,,,,,
6779,2.828,,,,,,,,
6780,2.7593,,,,,,,,
6781,2.8898,,,,,,,,
6782,2.8435,,,,,,,,
6783,2.819,,,,,,,,
6784,2.7838,,,,,,,,
6785,2.7696,,,,,,,,
6786,3.1604,,,,,,,,
6787,3.502,,,,,,,,
6788,3.0949,,,,,,,,
6789,2.721,,,,,,,,
6790,2.8347,,,,,,,,
6791,2.796,,,,,,,,
6792,3.2928,,,,,,,,
6793,2.8931,,,,,,,,
6794,2.8256,,,,,,,,
6795,2.8817,,,,,,,,
6796,2.682,,,,,,,,
6797,2.8366,,,,,,,,
6798,2.8719,,,,,,,,
6799,2.9247,,,,,,,,
6800,2.8441,,,,,,,,
6801,2.6985,,,,,,,,
6802,3.1255,,,,,,,,
6803,3.2702,,,,,,,,
6804,2.8472,,,,,,,,
6805,2.8046,,,,,,,,
6806,2.7167,,,,,,,,
6807,2.88,,,,,,,,
6808,3.5418,,,,,,,,
6809,2.806,,,,,,,,
6810,2.739,,,,,,,,
6811,2.7188,,,,,,,,
6812,2.7527,,,,,,,,
6813,3.2646,,,,,,,,
6814,2.821,,,,,,,,
6815,2.7519,,,,,,,,
6816,2.5314,,,,,,,,
6817,2.8079,,,,,,,,
6818,2.8802,,,,,,,,
6819,2.9449,,,,,,,,
6820,2.7488,,,,,,,,
6821,2.6127,,,,,,,,
6822,2.9333,,,,,,,,
6823,2.9666,,,,,,,,
6824,3.1215,,,,,,,,
6825,3.0867,,,,,,,,
6826,2.6018,,,,,,,,
6827,2.8977,,,,,,,,
6828,2.9004,,,,,,,,
6829,2.8081,,,,,,,,
6830,3.4044,,,,,,,,
6831,2.7575,,,,,,,,
6832,2.8193,,,,,,,,
6833,3.6027,,,,,,,,
6834,2.8942,,,,,,,,
6835,3.4239,,,,,,,,
6836,2.7706,,,,,,,,
6837,2.8058,,,,,,,,
6838,3.1213,,,,,,,,
6839,3.0888,,,,,,,,
6840,2.8557,,,,,,,,
6841,2.7796,,,,,,,,
6842,2.8241,,,,,,,,
6843,2.8529,,,,,,,,
6844,2.7646,,,,,,,,
6845,2.6492,,,,,,,,
6846,2.9633,,,,,,,,
6847,2.76,,,,,,,,
6848,2.8217,,,,,,,,
6849,2.813,,,,,,,,
6850,2.7119,,,,,,,,
6851,3.071,,,,,,,,
6852,2.6949,,,,,,,,
6853,3.3304,,,,,,,,
6854,2.6597,,,,,,,,
6855,2.7958,,,,,,,,
6856,2.7671,,,,,,,,
6857,2.87,,,,,,,,
6858,2.8789,,,,,,,,
6859,2.7736,,,,,,,,
6860,2.8103,,,,,,,,
6861,2.8973,,,,,,,,
6862,3.6923,,,,,,,,
6863,3.0057,,,,,,,,
6864,2.7309,,,,,,,,
6865,2.7121,,,,,,,,
6866,2.7649,,,,,,,,
6867,2.8704,,,,,,,,
6868,2.8471,,,,,,,,
6869,2.9675,,,,,,,,
6870,2.7544,,,,,,,,
6871,2.7724,,,,,,,,
6872,2.7525,,,,,,,,
6873,3.0067,,,,,,,,
6874,2.7953,,,,,,,,
6875,2.7636,,,,,,,,
6876,2.8476,,,,,,,,
6877,2.8277,,,,,,,,
6878,2.8139,,,,,,,,
6879,3.4359,,,,,,,,
6880,2.7311,,,,,,,,
6881,2.7543,,,,,,,,
6882,2.6943,,,,,,,,
6883,2.8946,,,,,,,,
6884,3.0231,,,,,,,,
6885,3.0866,,,,,,,,
6886,2.7422,,,,,,,,
6887,2.7685,,,,,,,,
6888,2.8351,,,,,,,,
6889,2.7175,,,,,,,,
6890,2.9436,,,,,,,,
6891,2.8306,,,,,,,,
6892,2.6578,,,,,,,,
6893,2.7465,,,,,,,,
6894,2.7451,,,,,,,,
6895,2.712,,,,,,,,
6896,3.3495,,,,,,,,
6897,2.7802,,,,,,,,
6898,2.7412,,,,,,,,
6899,2.7158,,,,,,,,
6900,2.8026,,,,,,,,
6901,3.3802,,,,,,,,
6902,3.1438,,,,,,,,
6903,2.6816,,,,,,,,
6904,2.7138,,,,,,,,
6905,2.7003,,,,,,,,
6906,3.201,,,,,,,,
6907,3.2283,,,,,,,,
6908,2.838,,,,,,,,
6909,2.6659,,,,,,,,
6910,2.6844,,,,,,,,
6911,2.7537,,,,,,,,
6912,2.8734,,,,,,,,
6913,2.8498,,,,,,,,
6914,2.8116,,,,,,,,
6915,2.8017,,,,,,,,
6916,2.8873,,,,,,,,
6917,2.9049,,,,,,,,
6918,2.901,,,,,,,,
6919,2.7007,,,,,,,,
6920,2.6856,,,,,,,,
6921,2.7387,,,,,,,,
6922,2.622,,,,,,,,
6923,2.9452,,,,,,,,
6924,2.799,,,,,,,,
6925,2.6976,,,,,,,,
6926,2.769,,,,,,,,
6927,2.631,,,,,,,,
6928,2.9264,,,,,,,,
6929,2.7688,,,,,,,,
6930,2.765,,,,,,,,
6931,2.6642,,,,,,,,
6932,2.691,,,,,,,,
6933,2.765,,,,,,,,
6934,2.8381,,,,,,,,
6935,2.7266,,,,,,,,
6936,2.6327,,,,,,,,
6937,2.8013,,,,,,,,
6938,2.7205,,,,,,,,
6939,2.7648,,,,,,,,
6940,3.3858,,,,,,,,
6941,3.2926,,,,,,,,
6942,2.7605,,,,,,,,
6943,2.8052,,,,,,,,
6944,2.7186,,,,,,,,
6945,2.8519,,,,,,,,
6946,2.4937,,,,,,,,
6947,2.7833,,,,,,,,
6948,2.8265,,,,,,,,
6949,2.6969,,,,,,,,
6950,2.7293,,,,,,,,
6951,2.7499,,,,,,,,
6952,2.8258,,,,,,,,
6953,2.925,,,,,,,,
6954,2.8542,,,,,,,,
6955,2.8808,,,,,,,,
6956,2.733,,,,,,,,
6957,2.6878,,,,,,,,
6958,2.7854,,,,,,,,
6959,2.7736,,,,,,,,
6960,2.8558,,,,,,,,
6961,2.7445,,,,,,,,
6962,2.8788,,,,,,,,
6963,2.8412,,,,,,,,
6964,2.9245,,,,,,,,
6965,3.3847,,,,,,,,
6966,2.7219,,,,,,,,
6967,3.1324,,,,,,,,
6968,3.0131,,,,,,,,
6969,2.9164,,,,,,,,
6970,2.9137,,,,,,,,
6971,2.7384,,,,,,,,
6972,2.74,,,,,,,,
6973,3.5885,,,,,,,,
6974,2.9461,,,,,,,,
6975,2.7185,,,,,,,,
6976,2.7656,,,,,,,,
6977,2.8296,,,,,,,,
6978,3.1371,,,,,,,,
6979,2.9245,,,,,,,,
6980,2.6826,,,,,,,,
6981,2.7383,,,,,,,,
6982,2.7484,,,,,,,,
6983,2.9962,,,,,,,,
6984,2.9421,,,,,,,,
6985,2.8131,,,,,,,,
6986,2.7427,,,,,,,,
6987,2.7538,,,,,,,,
6988,2.8124,,,,,,,,
6989,2.9562,,,,,,,,
6990,2.8548,,,,,,,,
6991,2.779,,,,,,,,
6992,2.8181,,,,,,,,
6993,2.9579,,,,,,,,
6994,3.0593,,,,,,,,
6995,2.9274,,,,,,,,
6996,2.7641,,,,,,,,
6997,2.8218,,,,,,,,
6998,2.9389,,,,,,,,
6999,3.0016,,,,,,,,
7000,2.8852,,,,,,,,
7001,2.744,,,,,,,,
7002,2.9011,,,,,,,,
7003,2.8391,,,,,,,,
7004,2.9236,,,,,,,,
7005,3.0015,,,,,,,,
7006,2.7826,,,,,,,,
7007,2.738,,,,,,,,
7008,2.8468,,,,,,,,
7009,2.8976,,,,,,,,
7010,2.9097,,,,,,,,
7011,3.3424,,,,,,,,
7012,2.8681,,,,,,,,
7013,3.0248,,,,,,,,
7014,2.8911,,,,,,,,
7015,2.8803,,,,,,,,
7016,3.5722,,,,,,,,
7017,2.7925,,,,,,,,
7018,2.7517,,,,,,,,
7019,2.9108,,,,,,,,
7020,2.8488,,,,,,,,
7021,2.9216,,,,,,,,
7022,2.747,,,,,,,,
7023,2.8778,,,,,,,,
7024,3.061,,,,,,,,
7025,2.8743,,,,,,,,
7026,3.051,,,,,,,,
7027,3.2589,,,,,,,,
7028,2.9073,,,,,,,,
7029,2.8315,,,,,,,,
7030,2.7733,,,,,,,,
7031,2.8523,,,,,,,,
7032,3.498,,,,,,,,
7033,3.0142,,,,,,,,
7034,2.8658,,,,,,,,
7035,2.6822,,,,,,,,
7036,2.992,,,,,,,,
7037,3.4711,,,,,,,,
7038,2.9145,,,,,,,,
7039,2.8692,,,,,,,,
7040,2.8151,,,,,,,,
7041,2.9764,,,,,,,,
7042,2.8602,,,,,,,,
7043,2.8184,,,,,,,,
7044,2.6492,,,,,,,,
7045,2.7793,,,,,,,,
7046,2.8509,,,,,,,,
7047,2.7402,,,,,,,,
7048,3.1875,,,,,,,,
7049,2.8137,,,,,,,,
7050,2.8268,,,,,,,,
7051,3.015,,,,,,,,
7052,2.996,,,,,,,,
7053,2.9467,,,,,,,,
7054,2.839,,,,,,,,
7055,2.8235,,,,,,,,
7056,2.9106,,,,,,,,
7057,2.8655,,,,,,,,
7058,2.6849,,,,,,,,
7059,3.4185,,,,,,,,
7060,3.0483,,,,,,,,
7061,2.8536,,,,,,,,
7062,2.8109,,,,,,,,
7063,2.9366,,,,,,,,
7064,3.0456,,,,,,,,
7065,3.2241,,,,,,,,
7066,2.8884,,,,,,,,
7067,2.8475,,,,,,,,
7068,2.8349,,,,,,,,
7069,2.8733,,,,,,,,
7070,2.9042,,,,,,,,
7071,2.6844,,,,,,,,
7072,2.8346,,,,,,,,
7073,2.7289,,,,,,,,
7074,2.7747,,,,,,,,
7075,2.9015,,,,,,,,
7076,2.6792,,,,,,,,
7077,2.8385,,,,,,,,
7078,2.8079,,,,,,,,
7079,2.8779,,,,,,,,
7080,2.8303,,,,,,,,
7081,3.5136,,,,,,,,
7082,2.8908,,,,,,,,
7083,2.7463,,,,,,,,
7084,2.6498,,,,,,,,
7085,2.6587,,,,,,,,
7086,2.8291,,,,,,,,
7087,2.7963,,,,,,,,
7088,2.6977,,,,,,,,
7089,2.7296,,,,,,,,
7090,2.765,,,,,,,,
7091,2.6518,,,,,,,,
7092,2.6852,,,,,,,,
7093,2.5735,,,,,,,,
7094,2.6869,,,,,,,,
7095,2.6707,,,,,,,,
7096,2.7668,,,,,,,,
7097,2.7126,,,,,,,,
7098,2.9953,,,,,,,,
7099,2.6984,,,,,,,,
7100,2.7534,,,,,,,,
7101,2.7416,,,,,,,,
7102,2.746,,,,,,,,
7103,2.8004,,,,,,,,
7104,2.8938,,,,,,,,
7105,2.7648,,,,,,,,
7106,2.7238,,,,,,,,
7107,2.761,,,,,,,,
7108,2.7652,,,,,,,,
7109,2.8709,,,,,,,,
7110,2.7101,,,,,,,,
7111,2.693,,,,,,,,
7112,2.7173,,,,,,,,
7113,2.7692,,,,,,,,
7114,2.6922,,,,,,,,
7115,2.9793,,,,,,,,
7116,2.7483,,,,,,,,
7117,2.7357,,,,,,,,
7118,2.7933,,,,,,,,
7119,3.0058,,,,,,,,
7120,3.3324,,,,,,,,
7121,2.8025,,,,,,,,
7122,2.683,,,,,,,,
7123,2.8043,,,,,,,,
7124,2.8275,,,,,,,,
7125,2.6943,,,,,,,,
7126,2.9461,,,,,,,,
7127,2.7347,,,,,,,,
7128,2.7969,,,,,,,,
7129,2.7389,,,,,,,,
7130,2.7304,,,,,,,,
7131,2.9183,,,,,,,,
7132,2.7349,,,,,,,,
7133,2.7992,,,,,,,,
7134,2.7608,,,,,,,,
7135,2.7332,,,,,,,,
7136,3.0344,,,,,,,,
7137,2.6564,,,,,,,,
7138,2.9116,,,,,,,,
7139,2.8028,,,,,,,,
7140,2.712,,,,,,,,
7141,2.7031,,,,,,,,
7142,3.4109,,,,,,,,
7143,2.8884,,,,,,,,
7144,2.764,,,,,,,,
7145,2.72,,,,,,,,
7146,2.7831,,,,,,,,
7147,3.0401,,,,,,,,
7148,2.9758,,,,,,,,
7149,2.7233,,,,,,,,
7150,2.6995,,,,,,,,
7151,2.8033,,,,,,,,
7152,2.8241,,,,,,,,
7153,2.9167,,,,,,,,
7154,2.7089,,,,,,,,
7155,2.7436,,,,,,,,
7156,2.6772,,,,,,,,
7157,2.6895,,,,,,,,
7158,3.0303,,,,,,,,
7159,2.9241,,,,,,,,
7160,2.7901,,,,,,,,
7161,2.7593,,,,,,,,
7162,2.7707,,,,,,,,
7163,2.9226,,,,,,,,
7164,3.1995,,,,,,,,
7165,2.7349,,,,,,,,
7166,2.6251,,,,,,,,
7167,2.7229,,,,,,,,
7168,2.8167,,,,,,,,
7169,2.8067,,,,,,,,
7170,2.9127,,,,,,,,
7171,3.1158,,,,,,,,
7172,2.9906,,,,,,,,
7173,2.7899,,,,,,,,
7174,2.8738,,,,,,,,
7175,2.8985,,,,,,,,
7176,2.776,,,,,,,,
7177,2.7599,,,,,,,,
7178,2.762,,,,,,,,
7179,2.7782,,,,,,,,
7180,2.7961,,,,,,,,
7181,3.1199,,,,,,,,
7182,2.7409,,,,,,,,
7183,2.7347,,,,,,,,
7184,2.8641,,,,,,,,
7185,2.8191,,,,,,,,
7186,3.1668,,,,,,,,
7187,2.6604,,,,,,,,
7188,2.7167,,,,,,,,
7189,2.8494,,,,,,,,
7190,2.9188,,,,,,,,
7191,2.7878,,,,,,,,
7192,2.7577,,,,,,,,
7193,2.6606,,,,,,,,
7194,2.7354,,,,,,,,
7195,2.8331,,,,,,,,
7196,2.7011,,,,,,,,
7197,3.231,,,,,,,,
7198,2.9627,,,,,,,,
7199,2.6967,,,,,,,,
7200,2.7438,,,,,,,,
7201,3.0778,,,,,,,,
7202,3.5062,,,,,,,,
7203,2.7914,,,,,,,,
7204,2.8929,,,,,,,,
7205,2.7693,,,,,,,,
7206,2.5851,,,,,,,,
7207,2.6838,,,,,,,,
7208,2.7872,,,,,,,,
7209,2.6814,,,,,,,,
7210,2.7829,,,,,,,,
7211,2.7393,,,,,,,,
7212,2.7498,,,,,,,,
7213,2.7851,,,,,,,,
7214,2.6495,,,,,,,,
7215,2.6336,,,,,,,,
7216,2.7715,,,,,,,,
7217,2.6833,,,,,,,,
7218,2.6685,,,,,,,,
7219,2.862,,,,,,,,
7220,3.0787,,,,,,,,
7221,2.6226,,,,,,,,
7222,2.6111,,,,,,,,
7223,2.6628,,,,,,,,
7224,2.9505,,,,,,,,
7225,2.7814,,,,,,,,
7226,2.7002,,,,,,,,
7227,2.5022,,,,,,,,
7228,2.7608,,,,,,,,
7229,2.722,,,,,,,,
7230,2.6581,,,,,,,,
7231,2.9091,,,,,,,,
7232,2.6768,,,,,,,,
7233,2.7669,,,,,,,,
7234,2.77,,,,,,,,
7235,2.7028,,,,,,,,
7236,2.7201,,,,,,,,
7237,2.6461,,,,,,,,
7238,2.7889,,,,,,,,
7239,2.672,,,,,,,,
7240,2.6712,,,,,,,,
7241,2.658,,,,,,,,
7242,3.0405,,,,,,,,
7243,2.6889,,,,,,,,
7244,2.723,,,,,,,,
7245,2.7995,,,,,,,,
7246,2.5739,,,,,,,,
7247,2.6551,,,,,,,,
7248,3.9416,,,,,,,,
7249,2.9378,,,,,,,,
7250,2.7467,,,,,,,,
7251,2.4965,,,,,,,,
7252,2.7487,,,,,,,,
7253,2.9102,,,,,,,,
7254,2.8254,,,,,,,,
7255,2.7546,,,,,,,,
7256,2.7409,,,,,,,,
7257,2.5681,,,,,,,,
7258,2.6377,,,,,,,,
7259,3.4456,,,,,,,,
7260,2.7527,,,,,,,,
7261,2.651,,,,,,,,
7262,2.6738,,,,,,,,
7263,2.7251,,,,,,,,
7264,2.8922,,,,,,,,
7265,2.691,,,,,,,,
7266,2.6761,,,,,,,,
7267,2.7068,,,,,,,,
7268,2.7984,,,,,,,,
7269,2.7871,,,,,,,,
7270,2.761,,,,,,,,
7271,2.6793,,,,,,,,
7272,2.5829,,,,,,,,
7273,2.8082,,,,,,,,
7274,2.6848,,,,,,,,
7275,2.9073,,,,,,,,
7276,2.7079,,,,,,,,
7277,2.5891,,,,,,,,
7278,2.7312,,,,,,,,
7279,2.728,,,,,,,,
7280,2.7824,,,,,,,,
7281,4.4327,,,,,,,,
7282,4.3854,,,,,,,,
7283,4.6684,,,,,,,,
7284,3.821,,,,,,,,
7285,2.5189,,,,,,,,
7286,2.5923,,,,,,,,
7287,2.6786,,,,,,,,
7288,2.7023,,,,,,,,
7289,2.7071,,,,,,,,
7290,2.7722,,,,,,,,
7291,2.6689,,,,,,,,
7292,2.6584,,,,,,,,
7293,2.7465,,,,,,,,
7294,2.7108,,,,,,,,
7295,2.6391,,,,,,,,
7296,3.2735,,,,,,,,
7297,2.7964,,,,,,,,
7298,2.8089,,,,,,,,
7299,2.7012,,,,,,,,
7300,2.7856,,,,,,,,
7301,2.8339,,,,,,,,
7302,2.6968,,,,,,,,
7303,2.6924,,,,,,,,
7304,2.7372,,,,,,,,
7305,2.7116,,,,,,,,
7306,3.0225,,,,,,,,
7307,3.1998,,,,,,,,
7308,2.8517,,,,,,,,
7309,2.7219,,,,,,,,
7310,2.7301,,,,,,,,
7311,2.7019,,,,,,,,
7312,2.8342,,,,,,,,
7313,2.7085,,,,,,,,
7314,2.7188,,,,,,,,
7315,2.67,,,,,,,,
7316,2.6534,,,,,,,,
7317,2.8318,,,,,,,,
7318,2.6461,,,,,,,,
7319,2.6491,,,,,,,,
7320,2.6851,,,,,,,,
7321,2.7533,,,,,,,,
7322,2.7093,,,,,,,,
7323,3.2476,,,,,,,,
7324,2.6218,,,,,,,,
7325,2.628,,,,,,,,
7326,2.7435,,,,,,,,
7327,2.7824,,,,,,,,
7328,2.9774,,,,,,,,
7329,2.7763,,,,,,,,
7330,2.6801,,,,,,,,
7331,2.601,,,,,,,,
7332,2.7989,,,,,,,,
7333,2.7333,,,,,,,,
7334,2.8245,,,,,,,,
7335,2.7063,,,,,,,,
7336,2.6999,,,,,,,,
7337,2.6765,,,,,,,,
7338,2.7651,,,,,,,,
7339,2.6432,,,,,,,,
7340,2.7884,,,,,,,,
7341,2.6918,,,,,,,,
7342,2.6436,,,,,,,,
7343,2.6854,,,,,,,,
7344,2.6574,,,,,,,,
7345,2.8212,,,,,,,,
7346,2.8146,,,,,,,,
7347,2.7584,,,,,,,,
7348,2.7182,,,,,,,,
7349,2.7916,,,,,,,,
7350,2.7867,,,,,,,,
7351,2.7113,,,,,,,,
7352,2.613,,,,,,,,
7353,2.5766,,,,,,,,
7354,2.7627,,,,,,,,
7355,2.8628,,,,,,,,
7356,2.7653,,,,,,,,
7357,3.3739,,,,,,,,
7358,2.7161,,,,,,,,
7359,2.8676,,,,,,,,
7360,3.3028,,,,,,,,
7361,2.8195,,,,,,,,
7362,2.7982,,,,,,,,
7363,2.7836,,,,,,,,
7364,2.6961,,,,,,,,
7365,2.7752,,,,,,,,
7366,2.6426,,,,,,,,
7367,2.8078,,,,,,,,
7368,2.6341,,,,,,,,
7369,2.6614,,,,,,,,
7370,2.7302,,,,,,,,
7371,2.7249,,,,,,,,
7372,2.6878,,,,,,,,
7373,2.7483,,,,,,,,
7374,2.7406,,,,,,,,
7375,2.7382,,,,,,,,
7376,2.7784,,,,,,,,
7377,2.7168,,,,,,,,
7378,2.6882,,,,,,,,
7379,3.4216,,,,,,,,
7380,3.3692,,,,,,,,
7381,2.8426,,,,,,,,
7382,2.709,,,,,,,,
7383,2.7257,,,,,,,,
7384,2.9871,,,,,,,,
7385,2.844,,,,,,,,
7386,2.7397,,,,,,,,
7387,2.6984,,,,,,,,
7388,2.6381,,,,,,,,
7389,2.7108,,,,,,,,
7390,2.8096,,,,,,,,
7391,2.7868,,,,,,,,
7392,2.7211,,,,,,,,
7393,2.6216,,,,,,,,
7394,2.6368,,,,,,,,
7395,2.8455,,,,,,,,
7396,2.8145,,,,,,,,
7397,2.746,,,,,,,,
7398,2.69,,,,,,,,
7399,2.6859,,,,,,,,
7400,3.2468,,,,,,,,
7401,2.9383,,,,,,,,
7402,2.6551,,,,,,,,
7403,2.7829,,,,,,,,
7404,2.6554,,,,,,,,
7405,2.6323,,,,,,,,
7406,2.9312,,,,,,,,
7407,3.4886,,,,,,,,
7408,2.8351,,,,,,,,
7409,2.6441,,,,,,,,
7410,2.8089,,,,,,,,
7411,2.7525,,,,,,,,
7412,3.3571,,,,,,,,
7413,2.8313,,,,,,,,
7414,2.5816,,,,,,,,
7415,2.671,,,,,,,,
7416,2.7109,,,,,,,,
7417,2.9973,,,,,,,,
7418,2.708,,,,,,,,
7419,2.6596,,,,,,,,
7420,2.7295,,,,,,,,
7421,2.68,,,,,,,,
7422,2.8073,,,,,,,,
7423,2.7959,,,,,,,,
7424,2.804,,,,,,,,
7425,2.7399,,,,,,,,
7426,2.6546,,,,,,,,
7427,2.7833,,,,,,,,
7428,2.7817,,,,,,,,
7429,2.7995,,,,,,,,
7430,2.7835,,,,,,,,
7431,2.7389,,,,,,,,
7432,2.6484,,,,,,,,
7433,2.5904,,,,,,,,
7434,2.8612,,,,,,,,
7435,3.4624,,,,,,,,
7436,3.021,,,,,,,,
7437,3.2393,,,,,,,,
7438,2.7472,,,,,,,,
7439,3.1556,,,,,,,,
7440,3.0156,,,,,,,,
7441,2.8439,,,,,,,,
7442,2.6914,,,,,,,,
7443,2.6757,,,,,,,,
7444,2.627,,,,,,,,
7445,2.9354,,,,,,,,
7446,2.6909,,,,,,,,
7447,2.6638,,,,,,,,
7448,2.8078,,,,,,,,
7449,2.7598,,,,,,,,
7450,2.8034,,,,,,,,
7451,2.7843,,,,,,,,
7452,2.7925,,,,,,,,
7453,2.6678,,,,,,,,
7454,2.6397,,,,,,,,
7455,2.7525,,,,,,,,
7456,2.9398,,,,,,,,
7457,2.7995,,,,,,,,
7458,2.745,,,,,,,,
7459,2.7395,,,,,,,,
7460,2.7197,,,,,,,,
7461,2.9471,,,,,,,,
7462,3.4742,,,,,,,,
7463,2.7069,,,,,,,,
7464,2.8203,,,,,,,,
7465,2.7968,,,,,,,,
7466,3.0251,,,,,,,,
7467,3.2773,,,,,,,,
7468,2.6427,,,,,,,,
7469,2.7493,,,,,,,,
7470,2.7692,,,,,,,,
7471,3.1979,,,,,,,,
7472,2.9452,,,,,,,,
7473,2.6111,,,,,,,,
7474,2.7113,,,,,,,,
7475,2.6138,,,,,,,,
7476,2.7546,,,,,,,,
7477,2.8054,,,,,,,,
7478,2.879,,,,,,,,
7479,2.6731,,,,,,,,
7480,2.5173,,,,,,,,
7481,2.5827,,,,,,,,
7482,2.5437,,,,,,,,
7483,2.5685,,,,,,,,
7484,3.3394,,,,,,,,
7485,2.9066,,,,,,,,
7486,2.9011,,,,,,,,
7487,2.7108,,,,,,,,
7488,2.9523,,,,,,,,
7489,3.3373,,,,,,,,
7490,3.1704,,,,,,,,
7491,2.8033,,,,,,,,
7492,2.7842,,,,,,,,
7493,2.802,,,,,,,,
7494,2.9923,,,,,,,,
7495,2.8676,,,,,,,,
7496,2.7942,,,,,,,,
7497,2.8369,,,,,,,,
7498,2.7959,,,,,,,,
7499,2.7522,,,,,,,,
7500,3.1836,,,,,,,,
7501,3.0418,,,,,,,,
7502,2.84,,,,,,,,
7503,2.8784,,,,,,,,
7504,2.7974,,,,,,,,
7505,2.6948,,,,,,,,
7506,2.9092,,,,,,,,
7507,2.732,,,,,,,,
7508,2.8772,,,,,,,,
7509,2.8894,,,,,,,,
7510,2.704,,,,,,,,
7511,3.4815,,,,,,,,
7512,2.7505,,,,,,,,
7513,2.781,,,,,,,,
7514,2.9114,,,,,,,,
7515,2.6336,,,,,,,,
7516,3.0539,,,,,,,,
7517,2.8564,,,,,,,,
7518,2.9975,,,,,,,,
7519,2.9938,,,,,,,,
7520,2.7478,,,,,,,,
7521,2.7364,,,,,,,,
7522,2.9696,,,,,,,,
7523,2.8647,,,,,,,,
7524,2.8801,,,,,,,,
7525,2.8955,,,,,,,,
7526,2.7358,,,,,,,,
7527,3.1962,,,,,,,,
7528,2.8032,,,,,,,,
7529,2.8196,,,,,,,,
7530,2.7377,,,,,,,,
7531,2.7544,,,,,,,,
7532,2.7996,,,,,,,,
7533,3.6318,,,,,,,,
7534,3.0885,,,,,,,,
7535,2.7347,,,,,,,,
7536,2.683,,,,,,,,
7537,2.7692,,,,,,,,
7538,2.9662,,,,,,,,
7539,2.7631,,,,,,,,
7540,2.7039,,,,,,,,
7541,2.7804,,,,,,,,
7542,2.7725,,,,,,,,
7543,2.8027,,,,,,,,
7544,3.0008,,,,,,,,
7545,2.8415,,,,,,,,
7546,2.8004,,,,,,,,
7547,2.8017,,,,,,,,
7548,2.7345,,,,,,,,
7549,2.9537,,,,,,,,
7550,2.6632,,,,,,,,
7551,2.8313,,,,,,,,
7552,2.877,,,,,,,,
7553,2.8182,,,,,,,,
7554,2.7729,,,,,,,,
7555,3.4519,,,,,,,,
7556,2.8327,,,,,,,,
7557,2.7936,,,,,,,,
7558,2.8267,,,,,,,,
7559,2.8237,,,,,,,,
7560,3.516,,,,,,,,
7561,2.791,,,,,,,,
7562,2.7271,,,,,,,,
7563,2.7959,,,,,,,,
7564,2.7389,,,,,,,,
7565,2.6884,,,,,,,,
7566,2.925,,,,,,,,
7567,2.7786,,,,,,,,
7568,2.7501,,,,,,,,
7569,2.8138,,,,,,,,
7570,2.633,,,,,,,,
7571,2.8501,,,,,,,,
7572,2.8966,,,,,,,,
7573,2.7872,,,,,,,,
7574,2.8091,,,,,,,,
7575,2.7369,,,,,,,,
7576,2.9087,,,,,,,,
7577,3.4168,,,,,,,,
7578,2.9809,,,,,,,,
7579,2.8049,,,,,,,,
7580,2.8291,,,,,,,,
7581,2.8754,,,,,,,,
7582,3.0358,,,,,,,,
7583,2.9177,,,,,,,,
7584,2.8284,,,,,,,,
7585,2.7788,,,,,,,,
7586,2.7833,,,,,,,,
7587,2.9038,,,,,,,,
7588,3.4856,,,,,,,,
7589,3.1828,,,,,,,,
7590,2.7666,,,,,,,,
7591,2.7146,,,,,,,,
7592,2.8808,,,,,,,,
7593,3.5713,,,,,,,,
7594,2.9369,,,,,,,,
7595,2.6906,,,,,,,,
7596,2.9085,,,,,,,,
7597,2.9975,,,,,,,,
7598,3.2279,,,,,,,,
7599,2.9922,,,,,,,,
7600,2.8352,,,,,,,,
7601,2.8944,,,,,,,,
7602,3.062,,,,,,,,
7603,3.0197,,,,,,,,
7604,2.9532,,,,,,,,
7605,2.9945,,,,,,,,
7606,2.8684,,,,,,,,
7607,3.0458,,,,,,,,
7608,2.9619,,,,,,,,
7609,3.3295,,,,,,,,
7610,2.8403,,,,,,,,
7611,2.7915,,,,,,,,
7612,2.8577,,,,,,,,
7613,2.8641,,,,,,,,
7614,3.0662,,,,,,,,
7615,2.8954,,,,,,,,
7616,2.8876,,,,,,,,
7617,2.9296,,,,,,,,
7618,2.848,,,,,,,,
7619,3.1122,,,,,,,,
7620,2.8563,,,,,,,,
7621,2.874,,,,,,,,
7622,2.9722,,,,,,,,
7623,2.9989,,,,,,,,
7624,3.2728,,,,,,,,
7625,3.0856,,,,,,,,
7626,2.9106,,,,,,,,
7627,2.8791,,,,,,,,
7628,2.7766,,,,,,,,
7629,2.8975,,,,,,,,
7630,3.1635,,,,,,,,
7631,2.8921,,,,,,,,
7632,2.9032,,,,,,,,
7633,2.791,,,,,,,,
7634,2.79,,,,,,,,
7635,3.0472,,,,,,,,
7636,2.9513,,,,,,,,
7637,2.9392,,,,,,,,
7638,2.8332,,,,,,,,
7639,2.8148,,,,,,,,
7640,3.2471,,,,,,,,
7641,3.2574,,,,,,,,
7642,2.6682,,,,,,,,
7643,3.0013,,,,,,,,
7644,2.79,,,,,,,,
7645,3.1016,,,,,,,,
7646,2.9581,,,,,,,,
7647,2.917,,,,,,,,
7648,2.9066,,,,,,,,
7649,2.8942,,,,,,,,
7650,2.8578,,,,,,,,
7651,3.8705,,,,,,,,
7652,2.9676,,,,,,,,
7653,2.9118,,,,,,,,
7654,2.8257,,,,,,,,
7655,2.8001,,,,,,,,
7656,2.9842,,,,,,,,
7657,2.8164,,,,,,,,
7658,2.9099,,,,,,,,
7659,3.0003,,,,,,,,
7660,2.907,,,,,,,,
7661,3.018,,,,,,,,
7662,3.4362,,,,,,,,
7663,2.917,,,,,,,,
7664,3.0677,,,,,,,,
7665,2.879,,,,,,,,
7666,2.8238,,,,,,,,
7667,2.9342,,,,,,,,
7668,2.7935,,,,,,,,
7669,2.8624,,,,,,,,
7670,2.7481,,,,,,,,
7671,3.0235,,,,,,,,
7672,3.0118,,,,,,,,
7673,3.1919,,,,,,,,
7674,2.6951,,,,,,,,
7675,2.6755,,,,,,,,
7676,2.7409,,,,,,,,
7677,2.6573,,,,,,,,
7678,3.1418,,,,,,,,
7679,2.9248,,,,,,,,
7680,2.8203,,,,,,,,
7681,2.8823,,,,,,,,
7682,2.9747,,,,,,,,
7683,2.9735,,,,,,,,
7684,2.8419,,,,,,,,
7685,2.907,,,,,,,,
7686,2.8495,,,,,,,,
7687,2.8959,,,,,,,,
7688,2.8002,,,,,,,,
7689,3.5615,,,,,,,,
7690,3.0661,,,,,,,,
7691,2.91,,,,,,,,
7692,2.9463,,,,,,,,
7693,2.7491,,,,,,,,
7694,3.5398,,,,,,,,
7695,3.1632,,,,,,,,
7696,2.9877,,,,,,,,
7697,2.9238,,,,,,,,
7698,2.8938,,,,,,,,
7699,3.0828,,,,,,,,
7700,2.8777,,,,,,,,
7701,2.8755,,,,,,,,
7702,2.929,,,,,,,,
7703,2.9126,,,,,,,,
7704,3.0704,,,,,,,,
7705,2.843,,,,,,,,
7706,2.896,,,,,,,,
7707,2.7938,,,,,,,,
7708,2.8444,,,,,,,,
7709,2.9829,,,,,,,,
7710,3.4986,,,,,,,,
7711,3.0753,,,,,,,,
7712,2.8654,,,,,,,,
7713,2.7414,,,,,,,,
7714,2.9057,,,,,,,,
7715,3.5949,,,,,,,,
7716,3.16,,,,,,,,
7717,2.9784,,,,,,,,
7718,2.82,,,,,,,,
7719,2.9337,,,,,,,,
7720,2.939,,,,,,,,
7721,2.8527,,,,,,,,
7722,2.9569,,,,,,,,
7723,2.8184,,,,,,,,
7724,2.932,,,,,,,,
7725,3.0846,,,,,,,,
7726,2.8875,,,,,,,,
7727,2.7835,,,,,,,,
7728,2.7962,,,,,,,,
7729,2.8647,,,,,,,,
7730,3.0758,,,,,,,,
7731,2.704,,,,,,,,
7732,2.8582,,,,,,,,
7733,2.9209,,,,,,,,
7734,2.9042,,,,,,,,
7735,2.9074,,,,,,,,
7736,2.8707,,,,,,,,
7737,2.8842,,,,,,,,
7738,2.8808,,,,,,,,
7739,2.8896,,,,,,,,
7740,2.8277,,,,,,,,
7741,2.9936,,,,,,,,
7742,2.7675,,,,,,,,
7743,3.3092,,,,,,,,
7744,3.1746,,,,,,,,
7745,2.8748,,,,,,,,
7746,2.9304,,,,,,,,
7747,2.8257,,,,,,,,
7748,2.7721,,,,,,,,
7749,2.7993,,,,,,,,
7750,2.8926,,,,,,,,
7751,2.8786,,,,,,,,
7752,2.9563,,,,,,,,
7753,2.8295,,,,,,,,
7754,2.8905,,,,,,,,
7755,2.903,,,,,,,,
7756,2.7999,,,,,,,,
7757,3.0162,,,,,,,,
7758,2.862,,,,,,,,
7759,2.8956,,,,,,,,
7760,2.9369,,,,,,,,
7761,2.7774,,,,,,,,
7762,2.8914,,,,,,,,
7763,3.0592,,,,,,,,
7764,2.9269,,,,,,,,
7765,2.9022,,,,,,,,
7766,2.6943,,,,,,,,
7767,2.8398,,,,,,,,
7768,3.0834,,,,,,,,
7769,2.7874,,,,,,,,
7770,2.8196,,,,,,,,
7771,2.9026,,,,,,,,
7772,2.8621,,,,,,,,
7773,2.905,,,,,,,,
7774,2.9271,,,,,,,,
7775,2.8462,,,,,,,,
7776,2.8382,,,,,,,,
7777,2.8228,,,,,,,,
7778,2.9954,,,,,,,,
7779,2.9734,,,,,,,,
7780,2.8802,,,,,,,,
7781,2.8034,,,,,,,,
7782,2.7492,,,,,,,,
7783,3.016,,,,,,,,
7784,3.0475,,,,,,,,
7785,2.883,,,,,,,,
7786,2.6935,,,,,,,,
7787,2.8561,,,,,,,,
7788,2.8513,,,,,,,,
7789,2.825,,,,,,,,
7790,3.8715,,,,,,,,
7791,3.3788,,,,,,,,
7792,3.029,,,,,,,,
7793,2.9872,,,,,,,,
7794,2.9687,,,,,,,,
7795,2.9971,,,,,,,,
7796,2.894,,,,,,,,
7797,2.9215,,,,,,,,
7798,2.9002,,,,,,,,
7799,2.7953,,,,,,,,
7800,3.6267,,,,,,,,
7801,2.7639,,,,,,,,
7802,2.7778,,,,,,,,
7803,2.7878,,,,,,,,
7804,2.8576,,,,,,,,
7805,2.7951,,,,,,,,
7806,2.9898,,,,,,,,
7807,2.8538,,,,,,,,
7808,2.737,,,,,,,,
7809,2.8639,,,,,,,,
7810,2.7532,,,,,,,,
7811,3.3216,,,,,,,,
7812,2.9223,,,,,,,,
7813,2.7171,,,,,,,,
7814,3.0619,,,,,,,,
7815,3.5795,,,,,,,,
7816,3.0334,,,,,,,,
7817,2.7344,,,,,,,,
7818,2.7109,,,,,,,,
7819,2.8626,,,,,,,,
7820,2.9282,,,,,,,,
7821,2.9153,,,,,,,,
7822,3.0806,,,,,,,,
7823,3.0966,,,,,,,,
7824,2.761,,,,,,,,
7825,2.9098,,,,,,,,
7826,2.8641,,,,,,,,
7827,3.0045,,,,,,,,
7828,2.7365,,,,,,,,
7829,2.7802,,,,,,,,
7830,2.897,,,,,,,,
7831,2.7955,,,,,,,,
7832,3.4306,,,,,,,,
7833,2.8074,,,,,,,,
7834,2.8198,,,,,,,,
7835,2.8218,,,,,,,,
7836,2.8596,,,,,,,,
7837,3.156,,,,,,,,
7838,3.0914,,,,,,,,
7839,2.7857,,,,,,,,
7840,2.8504,,,,,,,,
7841,2.8089,,,,,,,,
7842,2.905,,,,,,,,
7843,2.888,,,,,,,,
7844,2.8959,,,,,,,,
7845,2.8661,,,,,,,,
7846,2.6913,,,,,,,,
7847,2.8797,,,,,,,,
7848,3.1819,,,,,,,,
7849,2.8945,,,,,,,,
7850,2.8535,,,,,,,,
7851,2.7496,,,,,,,,
7852,2.7472,,,,,,,,
7853,3.0342,,,,,,,,
7854,2.8357,,,,,,,,
7855,2.7504,,,,,,,,
7856,2.6959,,,,,,,,
7857,2.6275,,,,,,,,
7858,2.7448,,,,,,,,
7859,2.8244,,,,,,,,
7860,3.0529,,,,,,,,
7861,2.629,,,,,,,,
7862,2.7135,,,,,,,,
7863,2.7006,,,,,,,,
7864,2.6294,,,,,,,,
7865,3.3457,,,,,,,,
7866,2.6239,,,,,,,,
7867,2.9897,,,,,,,,
7868,3.2083,,,,,,,,
7869,2.7064,,,,,,,,
7870,2.8609,,,,,,,,
7871,2.715,,,,,,,,
7872,2.8507,,,,,,,,
7873,2.7844,,,,,,,,
7874,2.7822,,,,,,,,
7875,2.8996,,,,,,,,
7876,2.9006,,,,,,,,
7877,2.7569,,,,,,,,
7878,2.7967,,,,,,,,
7879,2.8988,,,,,,,,
7880,2.7777,,,,,,,,
7881,3.1843,,,,,,,,
7882,2.9783,,,,,,,,
7883,2.6296,,,,,,,,
7884,2.8163,,,,,,,,
7885,2.8967,,,,,,,,
7886,2.7331,,,,,,,,
7887,2.8151,,,,,,,,
7888,2.8823,,,,,,,,
7889,2.7957,,,,,,,,
7890,2.7659,,,,,,,,
7891,2.7715,,,,,,,,
7892,2.9636,,,,,,,,
7893,2.9857,,,,,,,,
7894,2.9535,,,,,,,,
7895,2.7942,,,,,,,,
7896,2.8558,,,,,,,,
7897,2.7976,,,,,,,,
7898,3.0569,,,,,,,,
7899,2.8775,,,,,,,,
7900,2.8667,,,,,,,,
7901,2.7592,,,,,,,,
7902,2.7287,,,,,,,,
7903,2.5817,,,,,,,,
7904,3.5966,,,,,,,,
7905,2.845,,,,,,,,
7906,2.8685,,,,,,,,
7907,2.7842,,,,,,,,
7908,2.792,,,,,,,,
7909,2.8941,,,,,,,,
7910,3.3502,,,,,,,,
7911,2.7463,,,,,,,,
7912,2.6906,,,,,,,,
7913,2.8285,,,,,,,,
7914,2.9218,,,,,,,,
7915,2.8431,,,,,,,,
7916,2.7806,,,,,,,,
7917,2.7157,,,,,,,,
7918,2.721,,,,,,,,
7919,2.7884,,,,,,,,
7920,3.3864,,,,,,,,
7921,2.7524,,,,,,,,
7922,2.8567,,,,,,,,
7923,2.8131,,,,,,,,
7924,2.7987,,,,,,,,
7925,2.8782,,,,,,,,
7926,2.7897,,,,,,,,
7927,2.7912,,,,,,,,
7928,2.8738,,,,,,,,
7929,2.7426,,,,,,,,
7930,2.8274,,,,,,,,
7931,3.8976,,,,,,,,
7932,2.8649,,,,,,,,
7933,2.8265,,,,,,,,
7934,2.8246,,,,,,,,
7935,2.7734,,,,,,,,
7936,2.9149,,,,,,,,
7937,2.8244,,,,,,,,
7938,2.8269,,,,,,,,
7939,2.8081,,,,,,,,
7940,2.8077,,,,,,,,
7941,2.8907,,,,,,,,
7942,2.8582,,,,,,,,
7943,2.885,,,,,,,,
7944,2.8363,,,,,,,,
7945,2.7535,,,,,,,,
7946,2.8653,,,,,,,,
7947,3.3746,,,,,,,,
7948,2.9283,,,,,,,,
7949,2.8154,,,,,,,,
7950,2.8362,,,,,,,,
7951,2.9057,,,,,,,,
7952,3.2271,,,,,,,,
7953,2.8446,,,,,,,,
7954,2.7708,,,,,,,,
7955,2.8097,,,,,,,,
7956,2.8006,,,,,,,,
7957,3.0379,,,,,,,,
7958,2.8006,,,,,,,,
7959,2.7023,,,,,,,,
7960,2.8993,,,,,,,,
7961,2.878,,,,,,,,
7962,2.9064,,,,,,,,
7963,3.3937,,,,,,,,
7964,3.0244,,,,,,,,
7965,2.7645,,,,,,,,
7966,2.8997,,,,,,,,
7967,2.8861,,,,,,,,
7968,3.6365,,,,,,,,
7969,3.0265,,,,,,,,
7970,2.6331,,,,,,,,
7971,2.8857,,,,,,,,
7972,2.9546,,,,,,,,
7973,3.2802,,,,,,,,
7974,3.1348,,,,,,,,
7975,2.6708,,,,,,,,
7976,2.9006,,,,,,,,
7977,2.8443,,,,,,,,
7978,2.9538,,,,,,,,
7979,2.7267,,,,,,,,
7980,2.6829,,,,,,,,
7981,2.869,,,,,,,,
7982,2.8855,,,,,,,,
7983,2.8817,,,,,,,,
7984,3.5442,,,,,,,,
7985,3.2786,,,,,,,,
7986,2.943,,,,,,,,
7987,2.701,,,,,,,,
7988,2.808,,,,,,,,
7989,2.8591,,,,,,,,
7990,2.7424,,,,,,,,
7991,2.6982,,,,,,,,
7992,2.7807,,,,,,,,
7993,2.7407,,,,,,,,
7994,3.0547,,,,,,,,
7995,2.9193,,,,,,,,
7996,2.7493,,,,,,,,
7997,2.9525,,,,,,,,
7998,2.7886,,,,,,,,
7999,2.8667,,,,,,,,
8000,3.5272,,,,,,,,
8001,2.7738,,,,,,,,
8002,2.9196,,,,,,,,
8003,2.9877,,,,,,,,
8004,2.8511,,,,,,,,
8005,3.0197,,,,,,,,
8006,2.6164,,,,,,,,
8007,2.8094,,,,,,,,
8008,2.7882,,,,,,,,
8009,2.7559,,,,,,,,
8010,2.8228,,,,,,,,
8011,2.689,,,,,,,,
8012,2.651,,,,,,,,
8013,2.7629,,,,,,,,
8014,2.8253,,,,,,,,
8015,2.7197,,,,,,,,
8016,2.7386,,,,,,,,
8017,2.6955,,,,,,,,
8018,3.1951,,,,,,,,
8019,2.7643,,,,,,,,
8020,2.7062,,,,,,,,
8021,2.6778,,,,,,,,
8022,2.8552,,,,,,,,
8023,2.8124,,,,,,,,
8024,2.7887,,,,,,,,
8025,2.788,,,,,,,,
8026,2.6786,,,,,,,,
8027,2.9024,,,,,,,,
8028,3.1902,,,,,,,,
8029,3.1913,,,,,,,,
8030,2.752,,,,,,,,
8031,2.6882,,,,,,,,
8032,2.6842,,,,,,,,
8033,3.165,,,,,,,,
8034,3.0445,,,,,,,,
8035,2.7214,,,,,,,,
8036,2.8618,,,,,,,,
8037,2.756,,,,,,,,
8038,2.8323,,,,,,,,
8039,2.9692,,,,,,,,
8040,3.1497,,,,,,,,
8041,2.8033,,,,,,,,
8042,2.6977,,,,,,,,
8043,2.7687,,,,,,,,
8044,3.1861,,,,,,,,
8045,2.9987,,,,,,,,
8046,2.6961,,,,,,,,
8047,2.7643,,,,,,,,
8048,2.8625,,,,,,,,
8049,2.7132,,,,,,,,
8050,3.1357,,,,,,,,
8051,2.6542,,,,,,,,
8052,2.6452,,,,,,,,
8053,2.7139,,,,,,,,
8054,2.7374,,,,,,,,
8055,2.7158,,,,,,,,
8056,2.8064,,,,,,,,
8057,2.7174,,,,,,,,
8058,2.8165,,,,,,,,
8059,2.7912,,,,,,,,
8060,2.7792,,,,,,,,
8061,3.0918,,,,,,,,
8062,2.7036,,,,,,,,
8063,2.9298,,,,,,,,
8064,2.8839,,,,,,,,
8065,2.8061,,,,,,,,
8066,2.9238,,,,,,,,
8067,3.09,,,,,,,,
8068,3.4504,,,,,,,,
8069,2.804,,,,,,,,
8070,2.742,,,,,,,,
8071,2.8322,,,,,,,,
8072,2.7057,,,,,,,,
8073,2.808,,,,,,,,
8074,2.7922,,,,,,,,
8075,2.8097,,,,,,,,
8076,2.7863,,,,,,,,
8077,2.9013,,,,,,,,
8078,2.965,,,,,,,,
8079,2.8553,,,,,,,,
8080,2.8371,,,,,,,,
8081,2.8131,,,,,,,,
8082,3.3304,,,,,,,,
8083,2.9688,,,,,,,,
8084,2.8116,,,,,,,,
8085,2.8209,,,,,,,,
8086,2.7822,,,,,,,,
8087,2.8192,,,,,,,,
8088,2.9138,,,,,,,,
8089,2.8223,,,,,,,,
8090,2.8978,,,,,,,,
8091,2.8322,,,,,,,,
8092,2.6818,,,,,,,,
8093,2.976,,,,,,,,
8094,3.0168,,,,,,,,
8095,3.2616,,,,,,,,
8096,3.0199,,,,,,,,
8097,2.8952,,,,,,,,
8098,2.9018,,,,,,,,
8099,3.1801,,,,,,,,
8100,2.9447,,,,,,,,
8101,3.0129,,,,,,,,
8102,2.9643,,,,,,,,
8103,3.0267,,,,,,,,
8104,3.1986,,,,,,,,
8105,2.9978,,,,,,,,
8106,2.7631,,,,,,,,
8107,2.9076,,,,,,,,
8108,2.9886,,,,,,,,
8109,2.7643,,,,,,,,
8110,3.2517,,,,,,,,
8111,2.7024,,,,,,,,
8112,2.8033,,,,,,,,
8113,3.0454,,,,,,,,
8114,2.7752,,,,,,,,
8115,3.5613,,,,,,,,
8116,2.8335,,,,,,,,
8117,2.7849,,,,,,,,
8118,2.7206,,,,,,,,
8119,3.0396,,,,,,,,
8120,2.9405,,,,,,,,
8121,2.7246,,,,,,,,
8122,2.7541,,,,,,,,
8123,2.7748,,,,,,,,
8124,2.7721,,,,,,,,
8125,2.8469,,,,,,,,
8126,2.7218,,,,,,,,
8127,2.7857,,,,,,,,
8128,2.8696,,,,,,,,
8129,2.8243,,,,,,,,
8130,2.7431,,,,,,,,
8131,2.9465,,,,,,,,
8132,2.789,,,,,,,,
8133,2.8834,,,,,,,,
8134,2.858,,,,,,,,
8135,2.7698,,,,,,,,
8136,3.0071,,,,,,,,
8137,3.3965,,,,,,,,
8138,2.7897,,,,,,,,
8139,2.7871,,,,,,,,
8140,2.791,,,,,,,,
8141,2.7885,,,,,,,,
8142,3.2595,,,,,,,,
8143,2.8309,,,,,,,,
8144,2.8541,,,,,,,,
8145,2.8084,,,,,,,,
8146,2.7252,,,,,,,,
8147,3.1198,,,,,,,,
8148,3.0972,,,,,,,,
8149,2.8877,,,,,,,,
8150,2.7214,,,,,,,,
8151,2.6855,,,,,,,,
8152,2.7006,,,,,,,,
8153,3.0184,,,,,,,,
8154,2.8555,,,,,,,,
8155,2.7913,,,,,,,,
8156,2.7044,,,,,,,,
8157,2.6779,,,,,,,,
8158,3.1531,,,,,,,,
8159,3.1314,,,,,,,,
8160,2.8496,,,,,,,,
8161,2.759,,,,,,,,
8162,2.6561,,,,,,,,
8163,2.9622,,,,,,,,
8164,2.7707,,,,,,,,
8165,2.8569,,,,,,,,
8166,2.769,,,,,,,,
8167,2.6988,,,,,,,,
8168,2.8392,,,,,,,,
8169,2.9133,,,,,,,,
8170,2.8731,,,,,,,,
8171,2.6913,,,,,,,,
8172,2.724,,,,,,,,
8173,2.9464,,,,,,,,
8174,3.02,,,,,,,,
8175,3.1192,,,,,,,,
8176,2.7732,,,,,,,,
8177,2.727,,,,,,,,
8178,2.8296,,,,,,,,
8179,2.7639,,,,,,,,
8180,3.0024,,,,,,,,
8181,2.7462,,,,,,,,
8182,2.8011,,,,,,,,
8183,2.9026,,,,,,,,
8184,2.7474,,,,,,,,
8185,2.9623,,,,,,,,
8186,2.7199,,,,,,,,
8187,2.8199,,,,,,,,
8188,2.8409,,,,,,,,
8189,2.755,,,,,,,,
8190,2.8526,,,,,,,,
8191,3.5103,,,,,,,,
8192,2.8377,,,,,,,,
8193,2.773,,,,,,,,
8194,2.702,,,,,,,,
8195,2.7864,,,,,,,,
8196,3.097,,,,,,,,
8197,3.498,,,,,,,,
8198,2.8296,,,,,,,,
8199,2.6892,,,,,,,,
8200,2.8382,,,,,,,,
8201,3.2146,,,,,,,,
8202,2.9035,,,,,,,,
8203,2.799,,,,,,,,
8204,2.7137,,,,,,,,
8205,2.9391,,,,,,,,
8206,2.9373,,,,,,,,
8207,3.3257,,,,,,,,
8208,2.821,,,,,,,,
8209,2.7975,,,,,,,,
8210,2.7902,,,,,,,,
8211,2.8123,,,,,,,,
8212,2.9026,,,,,,,,
8213,2.9654,,,,,,,,
8214,2.7812,,,,,,,,
8215,2.746,,,,,,,,
8216,3.0675,,,,,,,,
8217,3.4209,,,,,,,,
8218,2.7438,,,,,,,,
8219,2.865,,,,,,,,
8220,2.8786,,,,,,,,
8221,2.7941,,,,,,,,
8222,2.93,,,,,,,,
8223,2.8549,,,,,,,,
8224,2.8178,,,,,,,,
8225,2.8477,,,,,,,,
8226,2.7506,,,,,,,,
8227,2.5976,,,,,,,,
8228,2.9441,,,,,,,,
8229,2.7412,,,,,,,,
8230,2.7525,,,,,,,,
8231,2.9647,,,,,,,,
8232,2.9335,,,,,,,,
8233,3.567,,,,,,,,
8234,2.8294,,,,,,,,
8235,2.8158,,,,,,,,
8236,2.7382,,,,,,,,
8237,2.7311,,,,,,,,
8238,2.9012,,,,,,,,
8239,3.0442,,,,,,,,
8240,3.1461,,,,,,,,
8241,2.7711,,,,,,,,
8242,2.6061,,,,,,,,
8243,2.8516,,,,,,,,
8244,3.2327,,,,,,,,
8245,2.6869,,,,,,,,
8246,2.7656,,,,,,,,
8247,2.7804,,,,,,,,
8248,2.8436,,,,,,,,
8249,2.8374,,,,,,,,
8250,2.8153,,,,,,,,
8251,2.8099,,,,,,,,
8252,2.8395,,,,,,,,
8253,2.7775,,,,,,,,
8254,3.1818,,,,,,,,
8255,3.0905,,,,,,,,
8256,2.742,,,,,,,,
8257,2.7714,,,,,,,,
8258,2.692,,,,,,,,
8259,2.7468,,,,,,,,
8260,2.7984,,,,,,,,
8261,2.7882,,,,,,,,
8262,2.7866,,,,,,,,
8263,2.8928,,,,,,,,
8264,2.9899,,,,,,,,
8265,3.4524,,,,,,,,
8266,3.0097,,,,,,,,
8267,2.9563,,,,,,,,
8268,2.8311,,,,,,,,
8269,2.9011,,,,,,,,
8270,2.7262,,,,,,,,
8271,2.9012,,,,,,,,
8272,2.9243,,,,,,,,
8273,2.8444,,,,,,,,
8274,2.917,,,,,,,,
8275,2.6489,,,,,,,,
8276,3.2279,,,,,,,,
8277,2.9298,,,,,,,,
8278,2.7199,,,,,,,,
8279,2.6787,,,,,,,,
8280,2.7641,,,,,,,,
8281,3.1076,,,,,,,,
8282,3.1784,,,,,,,,
8283,2.7631,,,,,,,,
8284,2.8116,,,,,,,,
8285,2.7166,,,,,,,,
8286,2.7135,,,,,,,,
8287,3.4384,,,,,,,,
8288,2.8543,,,,,,,,
8289,2.7739,,,,,,,,
8290,2.7733,,,,,,,,
8291,2.6601,,,,,,,,
8292,3.0158,,,,,,,,
8293,2.7139,,,,,,,,
8294,2.8052,,,,,,,,
8295,2.6674,,,,,,,,
8296,2.7852,,,,,,,,
8297,2.9548,,,,,,,,
8298,2.8244,,,,,,,,
8299,2.8661,,,,,,,,
8300,2.8018,,,,,,,,
8301,2.8164,,,,,,,,
8302,2.8468,,,,,,,,
8303,3.4002,,,,,,,,
8304,3.0809,,,,,,,,
8305,2.8934,,,,,,,,
8306,2.86,,,,,,,,
8307,2.9054,,,,,,,,
8308,3.5577,,,,,,,,
8309,2.9276,,,,,,,,
8310,2.991,,,,,,,,
8311,2.8825,,,,,,,,
8312,2.739,,,,,,,,
8313,3.437,,,,,,,,
8314,2.8876,,,,,,,,
8315,2.8921,,,,,,,,
8316,2.7651,,,,,,,,
8317,2.8965,,,,,,,,
8318,3.2904,,,,,,,,
8319,2.8682,,,,,,,,
8320,2.889,,,,,,,,
8321,2.841,,,,,,,,
8322,2.8111,,,,,,,,
8323,3.1351,,,,,,,,
8324,3.1487,,,,,,,,
8325,2.9905,,,,,,,,
8326,2.8932,,,,,,,,
8327,2.8473,,,,,,,,
8328,2.8155,,,,,,,,
8329,2.9911,,,,,,,,
8330,2.9531,,,,,,,,
8331,2.8535,,,,,,,,
8332,2.8187,,,,,,,,
8333,2.841,,,,,,,,
8334,2.8983,,,,,,,,
8335,2.9708,,,,,,,,
8336,2.7859,,,,,,,,
8337,2.8598,,,,,,,,
8338,2.8589,,,,,,,,
8339,3.2821,,,,,,,,
8340,3.1345,,,,,,,,
8341,2.8219,,,,,,,,
8342,2.847,,,,,,,,
8343,2.8253,,,,,,,,
8344,3.0429,,,,,,,,
8345,3.1791,,,,,,,,
8346,2.8274,,,,,,,,
8347,2.6988,,,,,,,,
8348,2.86,,,,,,,,
8349,2.8091,,,,,,,,
8350,2.9659,,,,,,,,
8351,2.7788,,,,,,,,
8352,2.7235,,,,,,,,
8353,2.8559,,,,,,,,
8354,2.8404,,,,,,,,
8355,3.0086,,,,,,,,
8356,2.7673,,,,,,,,
8357,2.8092,,,,,,,,
8358,2.9342,,,,,,,,
8359,2.9131,,,,,,,,
8360,2.7743,,,,,,,,
8361,3.1539,,,,,,,,
8362,2.7315,,,,,,,,
8363,2.857,,,,,,,,
8364,2.8954,,,,,,,,
8365,2.8016,,,,,,,,
8366,3.4811,,,,,,,,
8367,2.8154,,,,,,,,
8368,2.8433,,,,,,,,
8369,2.7997,,,,,,,,
8370,2.7908,,,,,,,,
8371,2.9393,,,,,,,,
8372,2.8616,,,,,,,,
8373,2.9227,,,,,,,,
8374,2.8033,,,,,,,,
8375,2.8493,,,,,,,,
8376,2.7866,,,,,,,,
8377,3.0135,,,,,,,,
8378,2.7861,,,,,,,,
8379,2.8167,,,,,,,,
8380,2.7601,,,,,,,,
8381,2.7476,,,,,,,,
8382,2.9428,,,,,,,,
8383,2.8297,,,,,,,,
8384,2.7654,,,,,,,,
8385,2.8141,,,,,,,,
8386,2.843,,,,,,,,
8387,2.8617,,,,,,,,
8388,2.8672,,,,,,,,
8389,2.7496,,,,,,,,
8390,2.8289,,,,,,,,
8391,2.8532,,,,,,,,
8392,2.8152,,,,,,,,
8393,2.8614,,,,,,,,
8394,3.299,,,,,,,,
8395,3.0366,,,,,,,,
8396,2.8574,,,,,,,,
8397,2.7954,,,,,,,,
8398,2.9637,,,,,,,,
8399,2.8805,,,,,,,,
8400,2.7762,,,,,,,,
8401,3.5431,,,,,,,,
8402,2.8764,,,,,,,,
8403,2.6649,,,,,,,,
8404,3.1878,,,,,,,,
8405,3.0104,,,,,,,,
8406,2.8769,,,,,,,,
8407,2.9254,,,,,,,,
8408,3.058,,,,,,,,
8409,3.186,,,,,,,,
8410,2.9206,,,,,,,,
8411,2.8356,,,,,,,,
8412,2.7659,,,,,,,,
8413,2.9146,,,,,,,,
8414,3.0033,,,,,,,,
8415,2.855,,,,,,,,
8416,2.8151,,,,,,,,
8417,2.7951,,,,,,,,
8418,2.7572,,,,,,,,
8419,3.0321,,,,,,,,
8420,3.106,,,,,,,,
8421,2.809,,,,,,,,
8422,2.8664,,,,,,,,
8423,2.744,,,,,,,,
8424,2.8515,,,,,,,,
8425,2.9877,,,,,,,,
8426,2.7326,,,,,,,,
8427,2.642,,,,,,,,
8428,2.6986,,,,,,,,
8429,2.7616,,,,,,,,
8430,2.7108,,,,,,,,
8431,2.7723,,,,,,,,
8432,2.7603,,,,,,,,
8433,2.7076,,,,,,,,
8434,2.6974,,,,,,,,
8435,2.7893,,,,,,,,
8436,2.7963,,,,,,,,
8437,2.7385,,,,,,,,
8438,2.7063,,,,,,,,
8439,2.7114,,,,,,,,
8440,2.6926,,,,,,,,
8441,2.7362,,,,,,,,
8442,2.814,,,,,,,,
8443,2.6683,,,,,,,,
8444,2.6681,,,,,,,,
8445,2.6793,,,,,,,,
8446,3.2809,,,,,,,,
8447,3.0584,,,,,,,,
8448,2.7899,,,,,,,,
8449,2.7736,,,,,,,,
8450,2.7168,,,,,,,,
8451,2.7638,,,,,,,,
8452,2.7555,,,,,,,,
8453,2.9725,,,,,,,,
8454,2.753,,,,,,,,
8455,2.6951,,,,,,,,
8456,2.6427,,,,,,,,
8457,2.7532,,,,,,,,
8458,2.8975,,,,,,,,
8459,3.4371,,,,,,,,
8460,2.7351,,,,,,,,
8461,2.7216,,,,,,,,
8462,2.8281,,,,,,,,
8463,2.7944,,,,,,,,
8464,2.7699,,,,,,,,
8465,2.7263,,,,,,,,
8466,2.7524,,,,,,,,
8467,2.8816,,,,,,,,
8468,2.7989,,,,,,,,
8469,2.6693,,,,,,,,
8470,2.9096,,,,,,,,
8471,2.7583,,,,,,,,
8472,2.7502,,,,,,,,
8473,2.8106,,,,,,,,
8474,2.6965,,,,,,,,
8475,2.9254,,,,,,,,
8476,3.0438,,,,,,,,
8477,2.6686,,,,,,,,
8478,2.8236,,,,,,,,
8479,2.6748,,,,,,,,
8480,2.7338,,,,,,,,
8481,2.8026,,,,,,,,
8482,2.8452,,,,,,,,
8483,2.8814,,,,,,,,
8484,2.7552,,,,,,,,
8485,2.7877,,,,,,,,
8486,2.7193,,,,,,,,
8487,2.8658,,,,,,,,
8488,2.781,,,,,,,,
8489,2.7625,,,,,,,,
8490,2.7997,,,,,,,,
8491,2.6849,,,,,,,,
8492,2.7966,,,,,,,,
8493,2.7571,,,,,,,,
8494,2.8037,,,,,,,,
8495,2.7836,,,,,,,,
8496,2.7379,,,,,,,,
8497,2.7467,,,,,,,,
8498,2.9099,,,,,,,,
8499,2.7827,,,,,,,,
8500,2.6892,,,,,,,,
8501,2.7873,,,,,,,,
8502,2.8246,,,,,,,,
8503,2.7307,,,,,,,,
8504,2.8936,,,,,,,,
8505,2.6982,,,,,,,,
8506,2.8137,,,,,,,,
8507,2.7986,,,,,,,,
8508,2.7758,,,,,,,,
8509,2.9874,,,,,,,,
8510,3.0035,,,,,,,,
8511,3.3964,,,,,,,,
8512,2.8624,,,,,,,,
8513,2.8687,,,,,,,,
8514,3.0374,,,,,,,,
8515,2.6672,,,,,,,,
8516,2.7777,,,,,,,,
8517,2.8215,,,,,,,,
8518,2.8415,,,,,,,,
8519,2.8113,,,,,,,,
8520,2.8418,,,,,,,,
8521,2.8118,,,,,,,,
8522,2.7909,,,,,,,,
8523,2.7224,,,,,,,,
8524,2.7536,,,,,,,,
8525,2.778,,,,,,,,
8526,2.837,,,,,,,,
8527,2.7535,,,,,,,,
8528,2.7599,,,,,,,,
8529,2.7252,,,,,,,,
8530,2.6661,,,,,,,,
8531,3.5416,,,,,,,,
8532,2.7839,,,,,,,,
8533,2.794,,,,,,,,
8534,2.6873,,,,,,,,
8535,2.7009,,,,,,,,
8536,2.9578,,,,,,,,
8537,3.9806,,,,,,,,
8538,2.8109,,,,,,,,
8539,2.7176,,,,,,,,
8540,2.6629,,,,,,,,
8541,2.8396,,,,,,,,
8542,3.1051,,,,,,,,
8543,2.794,,,,,,,,
8544,2.7605,,,,,,,,
8545,2.7666,,,,,,,,
8546,2.7582,,,,,,,,
8547,2.9376,,,,,,,,
8548,2.7354,,,,,,,,
8549,2.6832,,,,,,,,
8550,2.6913,,,,,,,,
8551,2.7456,,,,,,,,
8552,2.7583,,,,,,,,
8553,2.9343,,,,,,,,
8554,2.7191,,,,,,,,
8555,2.7376,,,,,,,,
8556,2.9336,,,,,,,,
8557,2.8663,,,,,,,,
8558,2.9184,,,,,,,,
8559,2.8469,,,,,,,,
8560,2.7399,,,,,,,,
8561,2.7497,,,,,,,,
8562,2.821,,,,,,,,
8563,2.8979,,,,,,,,
8564,2.9352,,,,,,,,
8565,2.7014,,,,,,,,
8566,2.6989,,,,,,,,
8567,2.7352,,,,,,,,
8568,2.8052,,,,,,,,
8569,2.9342,,,,,,,,
8570,2.7828,,,,,,,,
8571,2.7129,,,,,,,,
8572,2.7826,,,,,,,,
8573,3.0203,,,,,,,,
8574,2.8643,,,,,,,,
8575,2.9795,,,,,,,,
8576,2.7746,,,,,,,,
8577,2.7326,,,,,,,,
8578,2.8979,,,,,,,,
8579,2.9645,,,,,,,,
8580,2.8494,,,,,,,,
8581,2.7973,,,,,,,,
8582,2.7886,,,,,,,,
8583,2.8946,,,,,,,,
8584,2.9874,,,,,,,,
8585,2.8924,,,,,,,,
8586,2.9209,,,,,,,,
8587,2.7851,,,,,,,,
8588,2.9328,,,,,,,,
8589,2.971,,,,,,,,
8590,2.7288,,,,,,,,
8591,2.875,,,,,,,,
8592,3.3513,,,,,,,,
8593,2.9611,,,,,,,,
8594,2.9336,,,,,,,,
8595,2.861,,,,,,,,
8596,2.8803,,,,,,,,
8597,3.0657,,,,,,,,
8598,3.193,,,,,,,,
8599,3.0749,,,,,,,,
8600,2.8765,,,,,,,,
8601,2.846,,,,,,,,
8602,3.0769,,,,,,,,
8603,2.8645,,,,,,,,
8604,2.811,,,,,,,,
8605,2.7774,,,,,,,,
8606,2.88,,,,,,,,
8607,2.85,,,,,,,,
8608,2.9739,,,,,,,,
8609,2.9289,,,,,,,,
8610,2.6539,,,,,,,,
8611,2.7695,,,,,,,,
8612,2.8769,,,,,,,,
8613,3.3813,,,,,,,,
8614,2.8398,,,,,,,,
8615,2.9656,,,,,,,,
8616,2.8699,,,,,,,,
8617,3.035,,,,,,,,
8618,3.3102,,,,,,,,
8619,3.0308,,,,,,,,
8620,2.8776,,,,,,,,
8621,2.893,,,,,,,,
8622,2.9291,,,,,,,,
8623,3.0963,,,,,,,,
8624,2.9338,,,,,,,,
8625,2.7692,,,,,,,,
8626,2.8799,,,,,,,,
8627,2.8912,,,,,,,,
8628,2.9512,,,,,,,,
8629,2.8524,,,,,,,,
8630,2.8318,,,,,,,,
8631,2.7775,,,,,,,,
8632,2.9459,,,,,,,,
8633,3.0113,,,,,,,,
8634,3.0357,,,,,,,,
8635,2.8195,,,,,,,,
8636,2.841,,,,,,,,
8637,2.9384,,,,,,,,
8638,2.9615,,,,,,,,
8639,2.9532,,,,,,,,
8640,2.8357,,,,,,,,
8641,2.8989,,,,,,,,
8642,2.8246,,,,,,,,
8643,2.9237,,,,,,,,
8644,2.9736,,,,,,,,
8645,3.1959,,,,,,,,
8646,2.8241,,,,,,,,
8647,2.902,,,,,,,,
8648,2.9435,,,,,,,,
8649,2.7865,,,,,,,,
8650,2.9645,,,,,,,,
8651,2.7731,,,,,,,,
8652,2.9036,,,,,,,,
8653,2.939,,,,,,,,
8654,2.7795,,,,,,,,
8655,3.0238,,,,,,,,
8656,3.03,,,,,,,,
8657,2.8626,,,,,,,,
8658,2.8513,,,,,,,,
8659,2.8562,,,,,,,,
8660,2.8425,,,,,,,,
8661,2.9306,,,,,,,,
8662,2.79,,,,,,,,
8663,2.8522,,,,,,,,
8664,2.8299,,,,,,,,
8665,2.7902,,,,,,,,
8666,2.8718,,,,,,,,
8667,3.0196,,,,,,,,
8668,3.0215,,,,,,,,
8669,2.875,,,,,,,,
8670,2.8564,,,,,,,,
8671,2.8355,,,,,,,,
8672,3.0151,,,,,,,,
8673,2.9227,,,,,,,,
8674,2.8061,,,,,,,,
8675,2.8992,,,,,,,,
8676,2.8031,,,,,,,,
8677,2.8854,,,,,,,,
8678,2.9394,,,,,,,,
8679,2.7883,,,,,,,,
8680,2.7878,,,,,,,,
8681,2.8002,,,,,,,,
8682,2.8682,,,,,,,,
8683,2.8587,,,,,,,,
8684,2.959,,,,,,,,
8685,2.774,,,,,,,,
8686,2.8475,,,,,,,,
8687,2.8971,,,,,,,,
8688,2.8235,,,,,,,,
8689,2.9616,,,,,,,,
8690,2.8104,,,,,,,,
8691,2.8699,,,,,,,,
8692,2.8232,,,,,,,,
8693,2.783,,,,,,,,
8694,2.8812,,,,,,,,
8695,2.9133,,,,,,,,
8696,2.8405,,,,,,,,
8697,2.8551,,,,,,,,
8698,2.8928,,,,,,,,
8699,2.8736,,,,,,,,
8700,2.7521,,,,,,,,
8701,3.4705,,,,,,,,
8702,2.8669,,,,,,,,
8703,2.8454,,,,,,,,
8704,2.8866,,,,,,,,
8705,2.7443,,,,,,,,
8706,2.9404,,,,,,,,
8707,2.8761,,,,,,,,
8708,2.7972,,,,,,,,
8709,2.847,,,,,,,,
8710,2.7538,,,,,,,,
8711,3.0764,,,,,,,,
8712,3.3246,,,,,,,,
8713,2.8416,,,,,,,,
8714,2.8945,,,,,,,,
8715,2.6685,,,,,,,,
8716,3.0566,,,,,,,,
8717,2.9153,,,,,,,,
8718,3.609,,,,,,,,
8719,2.8349,,,,,,,,
8720,2.9879,,,,,,,,
8721,3.0573,,,,,,,,
8722,2.9019,,,,,,,,
8723,2.8488,,,,,,,,
8724,3.1256,,,,,,,,
8725,3.3797,,,,,,,,
8726,3.4064,,,,,,,,
8727,3.1009,,,,,,,,
8728,3.2905,,,,,,,,
8729,2.8754,,,,,,,,
8730,2.8065,,,,,,,,
8731,2.9336,,,,,,,,
8732,2.7428,,,,,,,,
8733,2.7237,,,,,,,,
8734,2.8161,,,,,,,,
8735,2.7479,,,,,,,,
8736,3.0266,,,,,,,,
8737,3.1539,,,,,,,,
8738,2.8269,,,,,,,,
8739,2.7483,,,,,,,,
8740,2.8208,,,,,,,,
8741,2.9128,,,,,,,,
8742,2.8718,,,,,,,,
8743,2.8639,,,,,,,,
8744,2.9139,,,,,,,,
8745,2.8877,,,,,,,,
8746,2.8529,,,,,,,,
8747,3.1193,,,,,,,,
8748,3.3723,,,,,,,,
8749,3.3175,,,,,,,,
8750,2.7976,,,,,,,,
8751,2.7902,,,,,,,,
8752,2.7927,,,,,,,,
8753,3.1518,,,,,,,,
8754,3.1308,,,,,,,,
8755,2.8213,,,,,,,,
8756,2.6702,,,,,,,,
8757,2.8602,,,,,,,,
8758,3.0342,,,,,,,,
8759,2.7678,,,,,,,,
8760,2.7417,,,,,,,,
8761,2.86,,,,,,,,
8762,2.793,,,,,,,,
8763,3.2036,,,,,,,,
8764,3.4997,,,,,,,,
8765,3.2417,,,,,,,,
8766,2.7991,,,,,,,,
8767,2.8155,,,,,,,,
8768,2.8505,,,,,,,,
8769,3.0165,,,,,,,,
8770,2.8347,,,,,,,,
8771,2.8287,,,,,,,,
8772,2.9029,,,,,,,,
8773,2.6469,,,,,,,,
8774,2.9946,,,,,,,,
8775,2.815,,,,,,,,
8776,2.7947,,,,,,,,
8777,2.8671,,,,,,,,
8778,2.785,,,,,,,,
8779,3.1003,,,,,,,,
8780,2.9357,,,,,,,,
8781,2.8247,,,,,,,,
8782,2.7395,,,,,,,,
8783,2.8143,,,,,,,,
8784,2.8604,,,,,,,,
8785,3.0133,,,,,,,,
8786,2.9011,,,,,,,,
8787,2.8692,,,,,,,,
8788,2.8073,,,,,,,,
8789,2.9366,,,,,,,,
8790,2.9997,,,,,,,,
8791,2.7699,,,,,,,,
8792,2.838,,,,,,,,
8793,2.7058,,,,,,,,
8794,2.7852,,,,,,,,
8795,2.9507,,,,,,,,
8796,2.9379,,,,,,,,
8797,2.7045,,,,,,,,
8798,2.7565,,,,,,,,
8799,2.6974,,,,,,,,
8800,3.0101,,,,,,,,
8801,2.8766,,,,,,,,
8802,3.5512,,,,,,,,
8803,3.3264,,,,,,,,
8804,2.9432,,,,,,,,
8805,3.0122,,,,,,,,
8806,2.9038,,,,,,,,
8807,3.537,,,,,,,,
8808,2.9604,,,,,,,,
8809,2.8678,,,,,,,,
8810,2.9067,,,,,,,,
8811,2.8038,,,,,,,,
8812,2.9365,,,,,,,,
8813,2.8033,,,,,,,,
8814,2.9116,,,,,,,,
8815,2.8926,,,,,,,,
8816,2.8044,,,,,,,,
8817,2.8615,,,,,,,,
8818,3.0216,,,,,,,,
8819,2.9748,,,,,,,,
8820,3.1705,,,,,,,,
8821,2.9664,,,,,,,,
8822,2.8718,,,,,,,,
8823,3.2089,,,,,,,,
8824,2.9651,,,,,,,,
8825,2.9277,,,,,,,,
8826,2.835,,,,,,,,
8827,2.811,,,,,,,,
8828,3.0625,,,,,,,,
8829,2.882,,,,,,,,
8830,2.9077,,,,,,,,
8831,2.7472,,,,,,,,
8832,2.7451,,,,,,,,
8833,2.9245,,,,,,,,
8834,2.9313,,,,,,,,
8835,2.8579,,,,,,,,
8836,2.8539,,,,,,,,
8837,2.8602,,,,,,,,
8838,2.8741,,,,,,,,
8839,3.0328,,,,,,,,
8840,2.7995,,,,,,,,
8841,2.8997,,,,,,,,
8842,2.8125,,,,,,,,
8843,2.8823,,,,,,,,
8844,2.8874,,,,,,,,
8845,2.8031,,,,,,,,
8846,2.7703,,,,,,,,
8847,2.7701,,,,,,,,
8848,2.8742,,,,,,,,
8849,2.7211,,,,,,,,
8850,2.8509,,,,,,,,
8851,2.8313,,,,,,,,
8852,2.8055,,,,,,,,
8853,2.9305,,,,,,,,
8854,2.7887,,,,,,,,
8855,2.8097,,,,,,,,
8856,3.3555,,,,,,,,
8857,2.9159,,,,,,,,
8858,2.8371,,,,,,,,
8859,2.8154,,,,,,,,
8860,2.7214,,,,,,,,
8861,2.9075,,,,,,,,
8862,2.7818,,,,,,,,
8863,2.9319,,,,,,,,
8864,2.8238,,,,,,,,
8865,2.8395,,,,,,,,
8866,2.7024,,,,,,,,
8867,2.8607,,,,,,,,
8868,2.846,,,,,,,,
8869,2.8343,,,,,,,,
8870,2.7689,,,,,,,,
8871,2.8045,,,,,,,,
8872,2.7219,,,,,,,,
8873,3.111,,,,,,,,
8874,2.8404,,,,,,,,
8875,2.7546,,,,,,,,
8876,2.8325,,,,,,,,
8877,2.6752,,,,,,,,
8878,3.3599,,,,,,,,
8879,3.6662,,,,,,,,
8880,2.7805,,,,,,,,
8881,2.7555,,,,,,,,
8882,2.7465,,,,,,,,
8883,2.902,,,,,,,,
8884,2.8576,,,,,,,,
8885,2.8047,,,,,,,,
8886,2.7601,,,,,,,,
8887,2.6782,,,,,,,,
8888,2.9492,,,,,,,,
8889,2.9104,,,,,,,,
8890,2.6765,,,,,,,,
8891,2.8866,,,,,,,,
8892,2.6878,,,,,,,,
8893,2.8272,,,,,,,,
8894,3.0051,,,,,,,,
8895,2.7655,,,,,,,,
8896,2.8627,,,,,,,,
8897,2.63,,,,,,,,
8898,2.8905,,,,,,,,
8899,2.9164,,,,,,,,
8900,2.9357,,,,,,,,
8901,2.7314,,,,,,,,
8902,2.7081,,,,,,,,
8903,2.8392,,,,,,,,
8904,2.7476,,,,,,,,
8905,2.8682,,,,,,,,
8906,2.707,,,,,,,,
8907,2.697,,,,,,,,
8908,2.7647,,,,,,,,
8909,2.7799,,,,,,,,
8910,3.0849,,,,,,,,
8911,3.3687,,,,,,,,
8912,3.1501,,,,,,,,
8913,2.8831,,,,,,,,
8914,2.7657,,,,,,,,
8915,2.7181,,,,,,,,
8916,2.8282,,,,,,,,
8917,2.7,,,,,,,,
8918,2.9061,,,,,,,,
8919,2.7976,,,,,,,,
8920,2.7635,,,,,,,,
8921,2.8168,,,,,,,,
8922,2.8597,,,,,,,,
8923,2.9715,,,,,,,,
8924,2.8386,,,,,,,,
8925,2.8724,,,,,,,,
8926,2.8027,,,,,,,,
8927,2.9309,,,,,,,,
8928,2.8431,,,,,,,,
8929,2.9455,,,,,,,,
8930,2.8144,,,,,,,,
8931,2.7939,,,,,,,,
8932,3.0579,,,,,,,,
8933,2.8877,,,,,,,,
8934,2.7957,,,,,,,,
8935,2.6807,,,,,,,,
8936,2.6506,,,,,,,,
8937,2.5484,,,,,,,,
8938,2.8169,,,,,,,,
8939,2.8069,,,,,,,,
8940,2.744,,,,,,,,
8941,2.6785,,,,,,,,
8942,2.6555,,,,,,,,
8943,2.7761,,,,,,,,
8944,3.1524,,,,,,,,
8945,3.4864,,,,,,,,
8946,2.99,,,,,,,,
8947,2.9456,,,,,,,,
8948,2.711,,,,,,,,
8949,2.9112,,,,,,,,
8950,2.6665,,,,,,,,
8951,2.7617,,,,,,,,
8952,2.712,,,,,,,,
8953,2.7707,,,,,,,,
8954,2.7601,,,,,,,,
8955,3.1384,,,,,,,,
8956,2.6535,,,,,,,,
8957,2.6822,,,,,,,,
8958,2.7321,,,,,,,,
8959,2.8054,,,,,,,,
8960,2.9968,,,,,,,,
8961,2.7243,,,,,,,,
8962,2.8009,,,,,,,,
8963,2.8542,,,,,,,,
8964,2.8155,,,,,,,,
8965,2.8414,,,,,,,,
8966,3.1555,,,,,,,,
8967,2.7001,,,,,,,,
8968,2.7355,,,,,,,,
8969,2.7175,,,,,,,,
8970,2.7418,,,,,,,,
8971,2.9146,,,,,,,,
8972,3.2056,,,,,,,,
8973,2.7663,,,,,,,,
8974,2.7995,,,,,,,,
8975,2.8289,,,,,,,,
8976,2.5683,,,,,,,,
8977,2.8682,,,,,,,,
8978,2.7791,,,,,,,,
8979,2.7526,,,,,,,,
8980,2.5979,,,,,,,,
8981,2.5976,,,,,,,,
8982,2.6134,,,,,,,,
8983,3.384,,,,,,,,
8984,2.8443,,,,,,,,
8985,2.9955,,,,,,,,
8986,3.2452,,,,,,,,
8987,2.781,,,,,,,,
8988,3.046,,,,,,,,
8989,2.7072,,,,,,,,
8990,2.7751,,,,,,,,
8991,2.5565,,,,,,,,
8992,2.7336,,,,,,,,
8993,2.7269,,,,,,,,
8994,3.1172,,,,,,,,
8995,2.7312,,,,,,,,
8996,2.6761,,,,,,,,
8997,2.7737,,,,,,,,
8998,2.7587,,,,,,,,
8999,2.8682,,,,,,,,
9000,2.7097,,,,,,,,
9001,2.7179,,,,,,,,
9002,2.7659,,,,,,,,
9003,2.8163,,,,,,,,
9004,2.8261,,,,,,,,
9005,3.6407,,,,,,,,
9006,3.0267,,,,,,,,
9007,2.8742,,,,,,,,
9008,2.839,,,,,,,,
9009,2.8152,,,,,,,,
9010,2.8872,,,,,,,,
9011,2.7194,,,,,,,,
9012,2.7965,,,,,,,,
9013,2.7402,,,,,,,,
9014,2.7368,,,,,,,,
9015,3.3239,,,,,,,,
9016,2.6937,,,,,,,,
9017,2.909,,,,,,,,
9018,2.7808,,,,,,,,
9019,2.7235,,,,,,,,
9020,2.9158,,,,,,,,
9021,3.3707,,,,,,,,
9022,2.8794,,,,,,,,
9023,2.7641,,,,,,,,
9024,2.7215,,,,,,,,
9025,2.7855,,,,,,,,
9026,3.0066,,,,,,,,
9027,2.8242,,,,,,,,
9028,3.0254,,,,,,,,
9029,2.8375,,,,,,,,
9030,2.8417,,,,,,,,
9031,2.8608,,,,,,,,
9032,2.9094,,,,,,,,
9033,2.8642,,,,,,,,
9034,2.7835,,,,,,,,
9035,2.8142,,,,,,,,
9036,2.7747,,,,,,,,
9037,3.3444,,,,,,,,
9038,2.8285,,,,,,,,
9039,2.8655,,,,,,,,
9040,2.7675,,,,,,,,
9041,2.649,,,,,,,,
9042,2.911,,,,,,,,
9043,2.7886,,,,,,,,
9044,2.7235,,,,,,,,
9045,2.6921,,,,,,,,
9046,2.6923,,,,,,,,
9047,2.7988,,,,,,,,
9048,3.2259,,,,,,,,
9049,2.8471,,,,,,,,
9050,2.6905,,,,,,,,
9051,2.7847,,,,,,,,
9052,2.8145,,,,,,,,
9053,2.7948,,,,,,,,
9054,2.9525,,,,,,,,
9055,2.7093,,,,,,,,
9056,2.6939,,,,,,,,
9057,2.8526,,,,,,,,
9058,2.6506,,,,,,,,
9059,2.9712,,,,,,,,
9060,2.733,,,,,,,,
9061,2.718,,,,,,,,
9062,2.7639,,,,,,,,
9063,2.7154,,,,,,,,
9064,2.6999,,,,,,,,
9065,3.0406,,,,,,,,
9066,2.7128,,,,,,,,
9067,2.8653,,,,,,,,
9068,2.8277,,,,,,,,
9069,2.8229,,,,,,,,
9070,2.694,,,,,,,,
9071,3.0363,,,,,,,,
9072,2.8377,,,,,,,,
9073,2.683,,,,,,,,
9074,2.7733,,,,,,,,
9075,2.7102,,,,,,,,
9076,3.2805,,,,,,,,
9077,3.1645,,,,,,,,
9078,2.7822,,,,,,,,
9079,2.7559,,,,,,,,
9080,2.6499,,,,,,,,
9081,2.7441,,,,,,,,
9082,2.9388,,,,,,,,
9083,2.7528,,,,,,,,
9084,2.6973,,,,,,,,
9085,2.7015,,,,,,,,
9086,2.7337,,,,,,,,
9087,2.9031,,,,,,,,
9088,2.7446,,,,,,,,
9089,3.2316,,,,,,,,
9090,2.8567,,,,,,,,
9091,2.7569,,,,,,,,
9092,2.8239,,,,,,,,
9093,2.7943,,,,,,,,
9094,2.8588,,,,,,,,
9095,2.7648,,,,,,,,
9096,2.6762,,,,,,,,
9097,2.7879,,,,,,,,
9098,2.8656,,,,,,,,
9099,2.7093,,,,,,,,
9100,2.7874,,,,,,,,
9101,2.7172,,,,,,,,
9102,2.7497,,,,,,,,
9103,2.9566,,,,,,,,
9104,3.1831,,,,,,,,
9105,2.7666,,,,,,,,
9106,2.823,,,,,,,,
9107,2.7166,,,,,,,,
9108,2.7986,,,,,,,,
9109,2.8902,,,,,,,,
9110,2.8457,,,,,,,,
9111,2.8329,,,,,,,,
9112,2.7692,,,,,,,,
9113,2.7383,,,,,,,,
9114,2.8725,,,,,,,,
9115,3.0301,,,,,,,,
9116,2.7589,,,,,,,,
9117,2.6878,,,,,,,,
9118,2.6894,,,,,,,,
9119,2.7401,,,,,,,,
9120,2.8715,,,,,,,,
9121,2.7281,,,,,,,,
9122,2.7425,,,,,,,,
9123,3.3245,,,,,,,,
9124,2.9468,,,,,,,,
9125,2.8552,,,,,,,,
9126,2.8167,,,,,,,,
9127,2.7315,,,,,,,,
9128,2.7845,,,,,,,,
9129,2.7382,,,,,,,,
9130,2.6518,,,,,,,,
9131,2.9049,,,,,,,,
9132,2.7979,,,,,,,,
9133,2.8283,,,,,,,,
9134,2.7191,,,,,,,,
9135,2.8257,,,,,,,,
9136,2.9326,,,,,,,,
9137,3.0105,,,,,,,,
9138,3.3749,,,,,,,,
9139,3.1227,,,,,,,,
9140,2.6696,,,,,,,,
9141,2.7555,,,,,,,,
9142,3.1894,,,,,,,,
9143,2.8811,,,,,,,,
9144,2.7105,,,,,,,,
9145,2.7258,,,,,,,,
9146,2.8574,,,,,,,,
9147,3.013,,,,,,,,
9148,2.8743,,,,,,,,
9149,2.8377,,,,,,,,
9150,2.7823,,,,,,,,
9151,2.7851,,,,,,,,
9152,2.8169,,,,,,,,
9153,2.8822,,,,,,,,
9154,2.7574,,,,,,,,
9155,2.7112,,,,,,,,
9156,2.7426,,,,,,,,
9157,2.8683,,,,,,,,
9158,2.9993,,,,,,,,
9159,2.7538,,,,,,,,
9160,2.7019,,,,,,,,
9161,2.7524,,,,,,,,
9162,2.8085,,,,,,,,
9163,2.8457,,,,,,,,
9164,3.3173,,,,,,,,
9165,2.7331,,,,,,,,
9166,2.7195,,,,,,,,
9167,2.8306,,,,,,,,
9168,2.9068,,,,,,,,
9169,3.3802,,,,,,,,
9170,2.8238,,,,,,,,
9171,2.8769,,,,,,,,
9172,2.865,,,,,,,,
9173,2.839,,,,,,,,
9174,2.7837,,,,,,,,
9175,2.6755,,,,,,,,
9176,2.8634,,,,,,,,
9177,2.767,,,,,,,,
9178,2.7972,,,,,,,,
9179,2.7532,,,,,,,,
9180,2.9001,,,,,,,,
9181,2.8947,,,,,,,,
9182,2.8421,,,,,,,,
9183,2.8318,,,,,,,,
9184,2.7406,,,,,,,,
9185,3.0782,,,,,,,,
9186,2.8961,,,,,,,,
9187,2.9285,,,,,,,,
9188,2.8324,,,,,,,,
9189,2.7171,,,,,,,,
9190,2.884,,,,,,,,
9191,2.8737,,,,,,,,
9192,2.961,,,,,,,,
9193,2.8507,,,,,,,,
9194,2.8388,,,,,,,,
9195,2.7975,,,,,,,,
9196,3.0087,,,,,,,,
9197,2.8312,,,,,,,,
9198,2.803,,,,,,,,
9199,2.7465,,,,,,,,
9200,2.7815,,,,,,,,
9201,3.2094,,,,,,,,
9202,3.4043,,,,,,,,
9203,2.7312,,,,,,,,
9204,2.7913,,,,,,,,
9205,2.8505,,,,,,,,
9206,2.8852,,,,,,,,
9207,2.7955,,,,,,,,
9208,2.8121,,,,,,,,
9209,2.7925,,,,,,,,
9210,2.8107,,,,,,,,
9211,2.8118,,,,,,,,
9212,3.1801,,,,,,,,
9213,3.1125,,,,,,,,
9214,2.8537,,,,,,,,
9215,2.8265,,,,,,,,
9216,2.9257,,,,,,,,
9217,3.2299,,,,,,,,
9218,2.8518,,,,,,,,
9219,2.9594,,,,,,,,
9220,2.8046,,,,,,,,
9221,2.8078,,,,,,,,
9222,2.7398,,,,,,,,
9223,3.0414,,,,,,,,
9224,2.7651,,,,,,,,
9225,2.7346,,,,,,,,
9226,2.7502,,,,,,,,
9227,2.7312,,,,,,,,
9228,2.8876,,,,,,,,
9229,2.7082,,,,,,,,
9230,2.7855,,,,,,,,
9231,3.1042,,,,,,,,
9232,3.2045,,,,,,,,
9233,3.2725,,,,,,,,
9234,3.4535,,,,,,,,
9235,2.8459,,,,,,,,
9236,2.8901,,,,,,,,
9237,2.8977,,,,,,,,
9238,2.8301,,,,,,,,
9239,3.1654,,,,,,,,
9240,2.7769,,,,,,,,
9241,2.7328,,,,,,,,
9242,2.9185,,,,,,,,
9243,2.6967,,,,,,,,
9244,2.8965,,,,,,,,
9245,2.7726,,,,,,,,
9246,2.8239,,,,,,,,
9247,2.8058,,,,,,,,
9248,2.7061,,,,,,,,
9249,2.7134,,,,,,,,
9250,3.0269,,,,,,,,
9251,2.8373,,,,,,,,
9252,2.9629,,,,,,,,
9253,2.7318,,,,,,,,
9254,2.842,,,,,,,,
9255,3.1758,,,,,,,,
9256,2.756,,,,,,,,
9257,2.7799,,,,,,,,
9258,2.7491,,,,,,,,
9259,2.778,,,,,,,,
9260,3.0881,,,,,,,,
9261,2.8757,,,,,,,,
9262,2.7513,,,,,,,,
9263,2.7611,,,,,,,,
9264,2.7283,,,,,,,,
9265,2.7435,,,,,,,,
9266,2.8843,,,,,,,,
9267,3.0818,,,,,,,,
9268,2.7596,,,,,,,,
9269,2.7201,,,,,,,,
9270,2.7873,,,,,,,,
9271,2.8536,,,,,,,,
9272,2.6557,,,,,,,,
9273,2.7821,,,,,,,,
9274,2.6742,,,,,,,,
9275,2.7197,,,,,,,,
9276,2.725,,,,,,,,
9277,3.4182,,,,,,,,
9278,3.3002,,,,,,,,
9279,2.8884,,,,,,,,
9280,2.858,,,,,,,,
9281,2.762,,,,,,,,
9282,2.8406,,,,,,,,
9283,3.0784,,,,,,,,
9284,2.6844,,,,,,,,
9285,2.7151,,,,,,,,
9286,2.7069,,,,,,,,
9287,2.6142,,,,,,,,
9288,2.8073,,,,,,,,
9289,2.6242,,,,,,,,
9290,2.7104,,,,,,,,
9291,2.6676,,,,,,,,
9292,2.7098,,,,,,,,
9293,2.6761,,,,,,,,
9294,2.7791,,,,,,,,
9295,2.6593,,,,,,,,
9296,2.645,,,,,,,,
9297,3.2194,,,,,,,,
9298,2.8782,,,,,,,,
9299,2.9399,,,,,,,,
9300,2.7934,,,,,,,,
9301,2.7716,,,,,,,,
9302,2.7218,,,,,,,,
9303,2.7354,,,,,,,,
9304,2.7911,,,,,,,,
9305,2.7492,,,,,,,,
9306,2.7145,,,,,,,,
9307,2.8218,,,,,,,,
9308,2.7873,,,,,,,,
9309,2.6969,,,,,,,,
9310,2.7532,,,,,,,,
9311,2.8714,,,,,,,,
9312,2.7558,,,,,,,,
9313,2.7507,,,,,,,,
9314,2.7045,,,,,,,,
9315,2.7387,,,,,,,,
9316,2.6478,,,,,,,,
9317,2.7938,,,,,,,,
9318,2.6668,,,,,,,,
9319,2.6772,,,,,,,,
9320,2.7086,,,,,,,,
9321,2.7951,,,,,,,,
9322,2.9103,,,,,,,,
9323,2.8183,,,,,,,,
9324,2.6573,,,,,,,,
9325,2.588,,,,,,,,
9326,2.7524,,,,,,,,
9327,2.7131,,,,,,,,
9328,2.89,,,,,,,,
9329,2.7524,,,,,,,,
9330,2.6911,,,,,,,,
9331,2.7816,,,,,,,,
9332,2.8147,,,,,,,,
9333,2.8268,,,,,,,,
9334,2.9438,,,,,,,,
9335,2.7378,,,,,,,,
9336,2.7898,,,,,,,,
9337,2.776,,,,,,,,
9338,2.7868,,,,,,,,
9339,2.913,,,,,,,,
9340,2.8503,,,,,,,,
9341,2.8194,,,,,,,,
9342,2.8638,,,,,,,,
9343,2.9041,,,,,,,,
9344,2.9185,,,,,,,,
9345,3.0143,,,,,,,,
9346,2.7279,,,,,,,,
9347,2.7483,,,,,,,,
9348,3.1749,,,,,,,,
9349,3.1575,,,,,,,,
9350,3.533,,,,,,,,
9351,2.6281,,,,,,,,
9352,2.8103,,,,,,,,
9353,2.7839,,,,,,,,
9354,2.7533,,,,,,,,
9355,2.9382,,,,,,,,
9356,2.8876,,,,,,,,
9357,2.8149,,,,,,,,
9358,2.8765,,,,,,,,
9359,2.7483,,,,,,,,
9360,2.6837,,,,,,,,
9361,3.4368,,,,,,,,
9362,2.8502,,,,,,,,
9363,2.8188,,,,,,,,
9364,2.6735,,,,,,,,
9365,2.7438,,,,,,,,
9366,2.7907,,,,,,,,
9367,2.8087,,,,,,,,
9368,2.8402,,,,,,,,
9369,2.7293,,,,,,,,
9370,2.7731,,,,,,,,
9371,2.8063,,,,,,,,
9372,3.404,,,,,,,,
9373,2.9544,,,,,,,,
9374,2.646,,,,,,,,
9375,2.7492,,,,,,,,
9376,2.7881,,,,,,,,
9377,2.9392,,,,,,,,
9378,2.8726,,,,,,,,
9379,2.8206,,,,,,,,
9380,2.7343,,,,,,,,
9381,2.8335,,,,,,,,
9382,2.6899,,,,,,,,
9383,2.9341,,,,,,,,
9384,2.7416,,,,,,,,
9385,2.6562,,,,,,,,
9386,2.8617,,,,,,,,
9387,2.8098,,,,,,,,
9388,2.8277,,,,,,,,
9389,2.743,,,,,,,,
9390,2.7903,,,,,,,,
9391,2.9042,,,,,,,,
9392,2.7122,,,,,,,,
9393,2.789,,,,,,,,
9394,2.7771,,,,,,,,
9395,2.8996,,,,,,,,
9396,2.7996,,,,,,,,
9397,2.7735,,,,,,,,
9398,2.7545,,,,,,,,
9399,2.5877,,,,,,,,
9400,3.0201,,,,,,,,
9401,2.7051,,,,,,,,
9402,3.095,,,,,,,,
9403,3.0156,,,,,,,,
9404,2.5864,,,,,,,,
9405,2.9182,,,,,,,,
9406,2.703,,,,,,,,
9407,2.7007,,,,,,,,
9408,2.6246,,,,,,,,
9409,2.6783,,,,,,,,
9410,2.7386,,,,,,,,
9411,2.8187,,,,,,,,
9412,2.7855,,,,,,,,
9413,2.7672,,,,,,,,
9414,2.7414,,,,,,,,
9415,2.696,,,,,,,,
9416,2.9189,,,,,,,,
9417,2.8297,,,,,,,,
9418,2.7324,,,,,,,,
9419,2.9341,,,,,,,,
9420,3.1185,,,,,,,,
9421,2.8831,,,,,,,,
9422,3.3876,,,,,,,,
9423,2.9821,,,,,,,,
9424,2.7015,,,,,,,,
9425,2.7234,,,,,,,,
9426,2.7707,,,,,,,,
9427,2.8319,,,,,,,,
9428,2.8308,,,,,,,,
9429,2.707,,,,,,,,
9430,2.7785,,,,,,,,
9431,2.7773,,,,,,,,
9432,3.0608,,,,,,,,
9433,3.1009,,,,,,,,
9434,2.7218,,,,,,,,
9435,2.7478,,,,,,,,
9436,2.7318,,,,,,,,
9437,2.892,,,,,,,,
9438,2.8507,,,,,,,,
9439,2.7741,,,,,,,,
9440,2.6972,,,,,,,,
9441,2.8202,,,,,,,,
9442,2.7484,,,,,,,,
9443,2.7681,,,,,,,,
9444,3.6473,,,,,,,,
9445,2.8953,,,,,,,,
9446,2.8774,,,,,,,,
9447,2.8494,,,,,,,,
9448,2.8683,,,,,,,,
9449,2.9382,,,,,,,,
9450,2.7964,,,,,,,,
9451,2.6939,,,,,,,,
9452,2.7888,,,,,,,,
9453,2.8371,,,,,,,,
9454,3.5035,,,,,,,,
9455,4.5937,,,,,,,,
9456,4.0969,,,,,,,,
9457,2.6966,,,,,,,,
9458,3.1761,,,,,,,,
9459,2.6487,,,,,,,,
9460,2.6203,,,,,,,,
9461,2.8457,,,,,,,,
9462,2.824,,,,,,,,
9463,2.7454,,,,,,,,
9464,2.8306,,,,,,,,
9465,2.7218,,,,,,,,
9466,2.7872,,,,,,,,
9467,2.6019,,,,,,,,
9468,2.762,,,,,,,,
9469,2.8646,,,,,,,,
9470,2.7196,,,,,,,,
9471,2.8464,,,,,,,,
9472,2.7186,,,,,,,,
9473,2.7885,,,,,,,,
9474,2.7013,,,,,,,,
9475,2.8644,,,,,,,,
9476,3.0479,,,,,,,,
9477,3.2497,,,,,,,,
9478,3.066,,,,,,,,
9479,2.9195,,,,,,,,
9480,2.8606,,,,,,,,
9481,2.7935,,,,,,,,
9482,2.7246,,,,,,,,
9483,2.7824,,,,,,,,
9484,2.7871,,,,,,,,
9485,2.6684,,,,,,,,
9486,2.9132,,,,,,,,
9487,2.7418,,,,,,,,
9488,2.7356,,,,,,,,
9489,2.8234,,,,,,,,
9490,2.6931,,,,,,,,
9491,2.8859,,,,,,,,
9492,2.7474,,,,,,,,
9493,2.7832,,,,,,,,
9494,2.6829,,,,,,,,
9495,2.7516,,,,,,,,
9496,2.8272,,,,,,,,
9497,2.9363,,,,,,,,
9498,2.8136,,,,,,,,
9499,2.6443,,,,,,,,
9500,2.7481,,,,,,,,
9501,2.7326,,,,,,,,
9502,2.8246,,,,,,,,
9503,2.7991,,,,,,,,
9504,2.7296,,,,,,,,
9505,2.6717,,,,,,,,
9506,2.7231,,,,,,,,
9507,2.7765,,,,,,,,
9508,3.034,,,,,,,,
9509,2.8325,,,,,,,,
9510,2.7098,,,,,,,,
9511,2.6278,,,,,,,,
9512,2.7331,,,,,,,,
9513,2.9582,,,,,,,,
9514,2.8987,,,,,,,,
9515,2.7288,,,,,,,,
9516,2.6853,,,,,,,,
9517,2.8121,,,,,,,,
9518,2.824,,,,,,,,
9519,2.9872,,,,,,,,
9520,2.774,,,,,,,,
9521,3.0309,,,,,,,,
9522,3.3123,,,,,,,,
9523,2.8889,,,,,,,,
9524,3.3312,,,,,,,,
9525,3.063,,,,,,,,
9526,2.6563,,,,,,,,
9527,2.7525,,,,,,,,
9528,2.8184,,,,,,,,
9529,3.0461,,,,,,,,
9530,2.8444,,,,,,,,
9531,2.7033,,,,,,,,
9532,2.8059,,,,,,,,
9533,2.9132,,,,,,,,
9534,2.8341,,,,,,,,
9535,2.8658,,,,,,,,
9536,2.6775,,,,,,,,
9537,2.7091,,,,,,,,
9538,2.8932,,,,,,,,
9539,2.9215,,,,,,,,
9540,3.0036,,,,,,,,
9541,2.8051,,,,,,,,
9542,2.9705,,,,,,,,
9543,2.9589,,,,,,,,
9544,2.9446,,,,,,,,
9545,2.7559,,,,,,,,
9546,3.0554,,,,,,,,
9547,3.0483,,,,,,,,
9548,3.0267,,,,,,,,
9549,2.9294,,,,,,,,
9550,2.8971,,,,,,,,
9551,3.5587,,,,,,,,
9552,3.0099,,,,,,,,
9553,2.8568,,,,,,,,
9554,2.7656,,,,,,,,
9555,2.8274,,,,,,,,
9556,3.3327,,,,,,,,
9557,3.5885,,,,,,,,
9558,2.9748,,,,,,,,
9559,2.6507,,,,,,,,
9560,2.6659,,,,,,,,
9561,3.0079,,,,,,,,
9562,2.9836,,,,,,,,
9563,2.8361,,,,,,,,
9564,2.8084,,,,,,,,
9565,2.7954,,,,,,,,
9566,2.8772,,,,,,,,
9567,3.9374,,,,,,,,
9568,2.9767,,,,,,,,
9569,2.7254,,,,,,,,
9570,2.8033,,,,,,,,
9571,2.8675,,,,,,,,
9572,3.5168,,,,,,,,
9573,2.7416,,,,,,,,
9574,2.8161,,,,,,,,
9575,2.8682,,,,,,,,
9576,2.8778,,,,,,,,
9577,2.9889,,,,,,,,
9578,2.7293,,,,,,,,
9579,2.828,,,,,,,,
9580,2.8132,,,,,,,,
9581,2.8515,,,,,,,,
9582,2.8498,,,,,,,,
9583,2.8135,,,,,,,,
9584,2.7252,,,,,,,,
9585,2.6962,,,,,,,,
9586,2.8075,,,,,,,,
9587,2.9103,,,,,,,,
9588,2.7151,,,,,,,,
9589,3.3356,,,,,,,,
9590,2.9806,,,,,,,,
9591,2.7708,,,,,,,,
9592,2.9423,,,,,,,,
9593,2.7848,,,,,,,,
9594,2.9355,,,,,,,,
9595,2.8148,,,,,,,,
9596,2.7284,,,,,,,,
9597,2.7749,,,,,,,,
9598,2.7678,,,,,,,,
9599,3.0813,,,,,,,,
9600,3.0973,,,,,,,,
9601,2.8404,,,,,,,,
9602,3.0699,,,,,,,,
9603,2.7309,,,,,,,,
9604,2.7443,,,,,,,,
9605,2.9252,,,,,,,,
9606,2.8023,,,,,,,,
9607,2.869,,,,,,,,
9608,2.7997,,,,,,,,
9609,2.8301,,,,,,,,
9610,2.9407,,,,,,,,
9611,2.8233,,,,,,,,
9612,2.7783,,,,,,,,
9613,2.7782,,,,,,,,
9614,2.8704,,,,,,,,
9615,2.7886,,,,,,,,
9616,2.8719,,,,,,,,
9617,2.8136,,,,,,,,
9618,2.7755,,,,,,,,
9619,2.794,,,,,,,,
9620,2.6733,,,,,,,,
9621,2.857,,,,,,,,
9622,2.7892,,,,,,,,
9623,2.7845,,,,,,,,
9624,2.7254,,,,,,,,
9625,2.753,,,,,,,,
9626,2.8463,,,,,,,,
9627,2.9605,,,,,,,,
9628,2.753,,,,,,,,
9629,2.7556,,,,,,,,
9630,2.7265,,,,,,,,
9631,2.8719,,,,,,,,
9632,3.06,,,,,,,,
9633,3.5047,,,,,,,,
9634,2.9012,,,,,,,,
9635,2.8271,,,,,,,,
9636,2.8074,,,,,,,,
9637,3.0347,,,,,,,,
9638,3.4694,,,,,,,,
9639,2.6805,,,,,,,,
9640,2.8239,,,,,,,,
9641,2.7621,,,,,,,,
9642,2.6961,,,,,,,,
9643,2.8651,,,,,,,,
9644,2.8447,,,,,,,,
9645,2.7238,,,,,,,,
9646,2.8325,,,,,,,,
9647,2.8143,,,,,,,,
9648,2.9168,,,,,,,,
9649,2.8445,,,,,,,,
9650,2.8757,,,,,,,,
9651,2.9489,,,,,,,,
9652,2.7434,,,,,,,,
9653,2.8846,,,,,,,,
9654,3.2661,,,,,,,,
9655,2.7537,,,,,,,,
9656,2.8725,,,,,,,,
9657,2.7755,,,,,,,,
9658,2.7824,,,,,,,,
9659,3.0165,,,,,,,,
9660,3.0519,,,,,,,,
9661,2.8378,,,,,,,,
9662,2.8188,,,,,,,,
9663,2.6609,,,,,,,,
9664,2.7628,,,,,,,,
9665,2.9619,,,,,,,,
9666,2.8661,,,,,,,,
9667,2.7891,,,,,,,,
9668,2.7366,,,,,,,,
9669,2.829,,,,,,,,
9670,2.7984,,,,,,,,
9671,2.8808,,,,,,,,
9672,3.4314,,,,,,,,
9673,2.7788,,,,,,,,
9674,2.8313,,,,,,,,
9675,2.9175,,,,,,,,
9676,2.7702,,,,,,,,
9677,2.8655,,,,,,,,
9678,2.7989,,,,,,,,
9679,2.7961,,,,,,,,
9680,3.0565,,,,,,,,
9681,3.6516,,,,,,,,
9682,3.3549,,,,,,,,
9683,2.6905,,,,,,,,
9684,2.7231,,,,,,,,
9685,2.7527,,,,,,,,
9686,3.3894,,,,,,,,
9687,2.8999,,,,,,,,
9688,2.7372,,,,,,,,
9689,2.6893,,,,,,,,
9690,2.7884,,,,,,,,
9691,2.9782,,,,,,,,
9692,2.9269,,,,,,,,
9693,2.9203,,,,,,,,
9694,2.6703,,,,,,,,
9695,2.6766,,,,,,,,
9696,2.8137,,,,,,,,
9697,2.8076,,,,,,,,
9698,2.8418,,,,,,,,
9699,2.7175,,,,,,,,
9700,2.7484,,,,,,,,
9701,2.7425,,,,,,,,
9702,2.9444,,,,,,,,
9703,3.1259,,,,,,,,
9704,2.9866,,,,,,,,
9705,2.7443,,,,,,,,
9706,2.7707,,,,,,,,
9707,3.2052,,,,,,,,
9708,3.1088,,,,,,,,
9709,2.694,,,,,,,,
9710,2.6661,,,,,,,,
9711,2.7197,,,,,,,,
9712,2.7783,,,,,,,,
9713,2.9479,,,,,,,,
9714,2.8582,,,,,,,,
9715,2.7359,,,,,,,,
9716,2.6348,,,,,,,,
9717,2.716,,,,,,,,
9718,2.9842,,,,,,,,
9719,2.7756,,,,,,,,
9720,2.7003,,,,,,,,
9721,2.6351,,,,,,,,
9722,2.6527,,,,,,,,
9723,2.7045,,,,,,,,
9724,2.8544,,,,,,,,
9725,2.7653,,,,,,,,
9726,2.7921,,,,,,,,
9727,2.8308,,,,,,,,
9728,2.785,,,,,,,,
9729,2.8403,,,,,,,,
9730,2.6115,,,,,,,,
9731,2.6886,,,,,,,,
9732,2.7923,,,,,,,,
9733,2.8047,,,,,,,,
9734,2.8215,,,,,,,,
9735,2.7799,,,,,,,,
9736,2.8754,,,,,,,,
9737,2.8647,,,,,,,,
9738,2.8093,,,,,,,,
9739,2.8015,,,,,,,,
9740,3.0321,,,,,,,,
9741,2.9452,,,,,,,,
9742,2.9629,,,,,,,,
9743,2.8524,,,,,,,,
9744,2.7243,,,,,,,,
9745,2.776,,,,,,,,
9746,2.9394,,,,,,,,
9747,2.9072,,,,,,,,
9748,2.9466,,,,,,,,
9749,2.8389,,,,,,,,
9750,2.9811,,,,,,,,
9751,3.0873,,,,,,,,
9752,2.962,,,,,,,,
9753,2.8819,,,,,,,,
9754,2.9356,,,,,,,,
9755,2.9605,,,,,,,,
9756,3.2902,,,,,,,,
9757,3.0603,,,,,,,,
9758,3.2769,,,,,,,,
9759,3.2137,,,,,,,,
9760,2.9803,,,,,,,,
9761,2.9582,,,,,,,,
9762,2.8093,,,,,,,,
9763,2.9871,,,,,,,,
9764,2.8595,,,,,,,,
9765,2.8248,,,,,,,,
9766,2.9698,,,,,,,,
9767,2.7659,,,,,,,,
9768,2.7975,,,,,,,,
9769,2.8058,,,,,,,,
9770,2.8136,,,,,,,,
9771,3.0107,,,,,,,,
9772,2.9002,,,,,,,,
9773,2.8483,,,,,,,,
9774,2.9213,,,,,,,,
9775,2.894,,,,,,,,
9776,2.8905,,,,,,,,
9777,2.772,,,,,,,,
9778,3.5102,,,,,,,,
9779,2.8699,,,,,,,,
9780,2.8743,,,,,,,,
9781,2.8834,,,,,,,,
9782,2.7843,,,,,,,,
9783,3.0999,,,,,,,,
9784,2.9585,,,,,,,,
9785,2.887,,,,,,,,
9786,2.9071,,,,,,,,
9787,2.7221,,,,,,,,
9788,3.1147,,,,,,,,
9789,2.9318,,,,,,,,
9790,2.8807,,,,,,,,
9791,2.9343,,,,,,,,
9792,2.7548,,,,,,,,
9793,2.8448,,,,,,,,
9794,3.1169,,,,,,,,
9795,2.8813,,,,,,,,
9796,2.8597,,,,,,,,
9797,2.8173,,,,,,,,
9798,2.8728,,,,,,,,
9799,3.0563,,,,,,,,
9800,2.8699,,,,,,,,
9801,2.8603,,,,,,,,
9802,2.8159,,,,,,,,
9803,2.8348,,,,,,,,
9804,2.8501,,,,,,,,
9805,3.0093,,,,,,,,
9806,2.8064,,,,,,,,
9807,2.7317,,,,,,,,
9808,2.8312,,,,,,,,
9809,2.9247,,,,,,,,
9810,2.9807,,,,,,,,
9811,2.896,,,,,,,,
9812,2.7445,,,,,,,,
9813,2.8087,,,,,,,,
9814,2.8538,,,,,,,,
9815,2.8456,,,,,,,,
9816,2.9326,,,,,,,,
9817,2.7571,,,,,,,,
9818,2.8321,,,,,,,,
9819,2.9352,,,,,,,,
9820,2.8677,,,,,,,,
9821,3.4384,,,,,,,,
9822,2.7475,,,,,,,,
9823,2.6979,,,,,,,,
9824,2.8799,,,,,,,,
9825,2.8117,,,,,,,,
9826,2.8121,,,,,,,,
9827,2.6784,,,,,,,,
9828,2.8563,,,,,,,,
9829,2.8114,,,,,,,,
9830,2.8682,,,,,,,,
9831,2.8566,,,,,,,,
9832,3.343,,,,,,,,
9833,2.9653,,,,,,,,
9834,2.9048,,,,,,,,
9835,2.8386,,,,,,,,
9836,2.7921,,,,,,,,
9837,3.0522,,,,,,,,
9838,3.2527,,,,,,,,
9839,2.8614,,,,,,,,
9840,2.7531,,,,,,,,
9841,2.8099,,,,,,,,
9842,2.7315,,,,,,,,
9843,2.9193,,,,,,,,
9844,2.9183,,,,,,,,
9845,2.8926,,,,,,,,
9846,2.8028,,,,,,,,
9847,2.804,,,,,,,,
9848,2.9979,,,,,,,,
9849,2.8099,,,,,,,,
9850,2.7503,,,,,,,,
9851,2.723,,,,,,,,
9852,2.766,,,,,,,,
9853,2.7183,,,,,,,,
9854,2.9144,,,,,,,,
9855,2.8262,,,,,,,,
9856,2.795,,,,,,,,
9857,2.6679,,,,,,,,
9858,2.8017,,,,,,,,
9859,2.9209,,,,,,,,
9860,2.9232,,,,,,,,
9861,2.7869,,,,,,,,
9862,2.6733,,,,,,,,
9863,2.6519,,,,,,,,
9864,2.733,,,,,,,,
9865,2.953,,,,,,,,
9866,2.7405,,,,,,,,
9867,2.6341,,,,,,,,
9868,2.6369,,,,,,,,
9869,2.6121,,,,,,,,
9870,2.7471,,,,,,,,
9871,2.9151,,,,,,,,
9872,2.6693,,,,,,,,
9873,2.6097,,,,,,,,
9874,2.7051,,,,,,,,
9875,2.705,,,,,,,,
9876,2.8606,,,,,,,,
9877,2.7573,,,,,,,,
9878,2.713,,,,,,,,
9879,2.6678,,,,,,,,
9880,2.6817,,,,,,,,
9881,2.7488,,,,,,,,
9882,2.8643,,,,,,,,
9883,2.7811,,,,,,,,
9884,2.7184,,,,,,,,
9885,2.7799,,,,,,,,
9886,2.8506,,,,,,,,
9887,2.8267,,,,,,,,
9888,2.6969,,,,,,,,
9889,2.7163,,,,,,,,
9890,2.7944,,,,,,,,
9891,2.8673,,,,,,,,
9892,2.8386,,,,,,,,
9893,3.0033,,,,,,,,
9894,2.9013,,,,,,,,
9895,2.6871,,,,,,,,
9896,2.7778,,,,,,,,
9897,2.8041,,,,,,,,
9898,3.295,,,,,,,,
9899,2.7513,,,,,,,,
9900,2.6703,,,,,,,,
9901,2.5823,,,,,,,,
9902,2.7596,,,,,,,,
9903,2.7623,,,,,,,,
9904,2.7756,,,,,,,,
9905,2.6156,,,,,,,,
9906,2.6291,,,,,,,,
9907,2.5656,,,,,,,,
9908,2.7195,,,,,,,,
9909,2.9116,,,,,,,,
9910,2.7113,,,,,,,,
9911,2.76,,,,,,,,
9912,2.8139,,,,,,,,
9913,2.8095,,,,,,,,
9914,2.7986,,,,,,,,
9915,2.759,,,,,,,,
9916,2.714,,,,,,,,
9917,2.7385,,,,,,,,
9918,2.7409,,,,,,,,
9919,2.6801,,,,,,,,
9920,2.7149,,,,,,,,
9921,2.7865,,,,,,,,
9922,2.7935,,,,,,,,
9923,2.7544,,,,,,,,
9924,2.6886,,,,,,,,
9925,2.6989,,,,,,,,
9926,2.7813,,,,,,,,
9927,2.9748,,,,,,,,
9928,2.8333,,,,,,,,
9929,2.7161,,,,,,,,
9930,2.5964,,,,,,,,
9931,2.5802,,,,,,,,
9932,2.7703,,,,,,,,
9933,2.8103,,,,,,,,
9934,2.7582,,,,,,,,
9935,2.7163,,,,,,,,
9936,2.7126,,,,,,,,
9937,2.8131,,,,,,,,
9938,2.8245,,,,,,,,
9939,2.7455,,,,,,,,
9940,2.5646,,,,,,,,
9941,2.661,,,,,,,,
9942,2.7983,,,,,,,,
9943,2.85,,,,,,,,
9944,2.9745,,,,,,,,
9945,2.5632,,,,,,,,
9946,2.7094,,,,,,,,
9947,2.8145,,,,,,,,
9948,2.8022,,,,,,,,
9949,2.8158,,,,,,,,
9950,2.8098,,,,,,,,
9951,2.8302,,,,,,,,
9952,2.7663,,,,,,,,
9953,3.7469,,,,,,,,
9954,2.9117,,,,,,,,
9955,2.7653,,,,,,,,
9956,2.74,,,,,,,,
9957,2.9029,,,,,,,,
9958,2.9798,,,,,,,,
9959,2.7459,,,,,,,,
9960,3.1028,,,,,,,,
9961,3.7208,,,,,,,,
9962,2.9917,,,,,,,,
9963,2.7886,,,,,,,,
9964,2.8148,,,,,,,,
9965,2.9458,,,,,,,,
9966,3.145,,,,,,,,
9967,2.987,,,,,,,,
9968,2.7648,,,,,,,,
9969,2.8373,,,,,,,,
9970,2.762,,,,,,,,
9971,3.2561,,,,,,,,
9972,2.9429,,,,,,,,
9973,2.7842,,,,,,,,
9974,2.6812,,,,,,,,
9975,2.7732,,,,,,,,
9976,3.1872,,,,,,,,
9977,3.0397,,,,,,,,
9978,2.7014,,,,,,,,
9979,2.7416,,,,,,,,
9980,2.7883,,,,,,,,
9981,2.8071,,,,,,,,
9982,2.8224,,,,,,,,
9983,2.7979,,,,,,,,
9984,2.7364,,,,,,,,
9985,2.7499,,,,,,,,
9986,2.7232,,,,,,,,
9987,3.0327,,,,,,,,
9988,2.8238,,,,,,,,
9989,2.6166,,,,,,,,
9990,2.7236,,,,,,,,
9991,2.7621,,,,,,,,
9992,2.9447,,,,,,,,
9993,2.7844,,,,,,,,
9994,2.7645,,,,,,,,
9995,2.6933,,,,,,,,
9996,2.7878,,,,,,,,
9997,2.8392,,,,,,,,
9998,3.4981,,,,,,,,
9999,2.8894,,,,,,,,
10000,2.6917,,,,,,,,
summary,,2.832706,2.8046,0.6307,751.2298,7.495509,3.0,728.0,10000.0
